GameID,PlayerCount,Winner,WinnerCharacters,TotalTurns,Date
1,2,1,"Captain,Duke",2,2026-02-13T22:10:55-08:00
0,2,1,"Contessa,Captain",4,2026-02-13T22:10:55-08:00
4,2,1,"Assassin,Contessa",7,2026-02-13T22:10:55-08:00
3,2,0,"Ambassador,Captain,Captain",5,2026-02-13T22:10:55-08:00
2,2,1,"Captain,Duke",2,2026-02-13T22:10:55-08:00
6,2,1,"Assassin,Contessa",7,2026-02-13T22:10:55-08:00
7,2,1,"Assassin,Ambassador,Ambassador",9,2026-02-13T22:10:55-08:00
9,2,1,"Ambassador,Assassin,Assassin",1,2026-02-13T22:10:55-08:00
10,2,0,"Captain,Ambassador",3,2026-02-13T22:10:55-08:00
11,2,0,"Captain,Ambassador",3,2026-02-13T22:10:55-08:00
5,2,0,"Contessa,Duke",7,2026-02-13T22:10:55-08:00
12,2,1,"Ambassador,Assassin,Assassin",1,2026-02-13T22:10:55-08:00
8,2,1,"Ambassador,Assassin,Assassin",1,2026-02-13T22:10:55-08:00
13,2,0,Assassin,13,2026-02-13T22:10:55-08:00
14,2,0,"Duke,Duke",5,2026-02-13T22:10:55-08:00
16,2,0,Assassin,4,2026-02-13T22:10:55-08:00
22,2,1,"Assassin,Captain",2,2026-02-13T22:10:55-08:00
19,2,0,"Captain,Assassin,Ambassador",4,2026-02-13T22:10:55-08:00
15,2,1,"Contessa,Captain,Assassin",6,2026-02-13T22:10:55-08:00
21,2,1,"Assassin,Captain",2,2026-02-13T22:10:55-08:00
20,2,0,"Captain,Assassin,Ambassador",4,2026-02-13T22:10:55-08:00
17,2,0,Assassin,4,2026-02-13T22:10:55-08:00
23,2,1,"Ambassador,Contessa",9,2026-02-13T22:10:55-08:00
18,2,0,"Duke,Captain",11,2026-02-13T22:10:55-08:00
26,2,1,"Duke,Assassin,Captain",2,2026-02-13T22:10:55-08:00
25,2,1,"Duke,Assassin",6,2026-02-13T22:10:55-08:00
24,2,0,Ambassador,13,2026-02-13T22:10:55-08:00
27,2,1,"Ambassador,Captain",7,2026-02-13T22:10:55-08:00
28,2,1,"Duke,Assassin,Captain",2,2026-02-13T22:10:55-08:00
29,2,1,"Duke,Assassin",6,2026-02-13T22:10:55-08:00
30,2,1,"Ambassador,Captain",7,2026-02-13T22:10:55-08:00
31,2,1,"Ambassador,Captain",7,2026-02-13T22:10:55-08:00
32,2,0,"Ambassador,Ambassador,Duke",9,2026-02-13T22:10:55-08:00
34,2,0,"Captain,Assassin",7,2026-02-13T22:10:55-08:00
33,2,0,"Captain,Assassin",7,2026-02-13T22:10:55-08:00
38,2,0,"Captain,Assassin",7,2026-02-13T22:10:55-08:00
35,2,0,Assassin,7,2026-02-13T22:10:55-08:00
39,2,0,"Duke,Ambassador,Contessa",8,2026-02-13T22:10:55-08:00
36,2,0,"Ambassador,Ambassador,Duke",9,2026-02-13T22:10:55-08:00
37,2,0,"Captain,Assassin",7,2026-02-13T22:10:55-08:00
44,2,1,"Assassin,Captain,Captain",5,2026-02-13T22:10:55-08:00
43,2,0,"Duke,Assassin",5,2026-02-13T22:10:55-08:00
45,2,0,Contessa,4,2026-02-13T22:10:55-08:00
49,2,1,"Ambassador,Captain,Assassin",1,2026-02-13T22:10:55-08:00
47,2,0,"Contessa,Duke,Duke",9,2026-02-13T22:10:55-08:00
40,2,0,"Assassin,Duke,Captain",2,2026-02-13T22:10:55-08:00
51,2,0,"Contessa,Duke,Duke",9,2026-02-13T22:10:55-08:00
46,2,1,"Assassin,Captain,Captain",5,2026-02-13T22:10:55-08:00
54,2,1,"Ambassador,Duke",3,2026-02-13T22:10:55-08:00
55,2,1,"Duke,Duke,Assassin",4,2026-02-13T22:10:55-08:00
48,2,1,"Ambassador,Duke",2,2026-02-13T22:10:55-08:00
42,2,0,"Duke,Ambassador,Contessa",8,2026-02-13T22:10:55-08:00
53,2,1,"Ambassador,Assassin",9,2026-02-13T22:10:55-08:00
59,2,0,"Captain,Contessa",7,2026-02-13T22:10:55-08:00
58,2,1,"Duke,Duke,Assassin",4,2026-02-13T22:10:55-08:00
60,2,1,"Contessa,Captain",4,2026-02-13T22:10:55-08:00
61,2,0,"Ambassador,Assassin",3,2026-02-13T22:10:55-08:00
62,2,1,"Assassin,Duke",2,2026-02-13T22:10:55-08:00
64,2,0,"Duke,Assassin",3,2026-02-13T22:10:55-08:00
65,2,1,"Assassin,Captain,Contessa",3,2026-02-13T22:10:55-08:00
63,2,1,"Ambassador,Captain",10,2026-02-13T22:10:55-08:00
66,2,1,"Ambassador,Duke,Captain,Ambassador",8,2026-02-13T22:10:55-08:00
50,2,1,"Duke,Assassin,Contessa",2,2026-02-13T22:10:55-08:00
68,2,0,"Duke,Ambassador",3,2026-02-13T22:10:55-08:00
67,2,1,"Contessa,Captain",4,2026-02-13T22:10:55-08:00
70,2,1,"Duke,Captain",2,2026-02-13T22:10:55-08:00
69,2,1,"Captain,Assassin,Duke",9,2026-02-13T22:10:55-08:00
71,2,1,"Assassin,Captain",3,2026-02-13T22:10:55-08:00
72,2,0,"Ambassador,Ambassador,Duke",6,2026-02-13T22:10:55-08:00
41,2,0,"Assassin,Duke,Captain",2,2026-02-13T22:10:55-08:00
74,2,0,"Contessa,Contessa",2,2026-02-13T22:10:55-08:00
73,2,1,"Assassin,Contessa,Duke",5,2026-02-13T22:10:55-08:00
75,2,0,"Captain,Ambassador,Captain",0,2026-02-13T22:10:55-08:00
76,2,0,"Contessa,Contessa",2,2026-02-13T22:10:55-08:00
77,2,1,"Assassin,Contessa",5,2026-02-13T22:10:55-08:00
78,2,1,"Duke,Assassin,Assassin",2,2026-02-13T22:10:55-08:00
79,2,1,"Assassin,Contessa",5,2026-02-13T22:10:55-08:00
81,2,1,"Duke,Captain,Duke",2,2026-02-13T22:10:55-08:00
82,2,0,Duke,2,2026-02-13T22:10:55-08:00
80,2,1,"Contessa,Ambassador",5,2026-02-13T22:10:55-08:00
83,2,0,Ambassador,5,2026-02-13T22:10:55-08:00
84,2,0,Duke,2,2026-02-13T22:10:55-08:00
85,2,0,Ambassador,5,2026-02-13T22:10:55-08:00
57,2,1,"Ambassador,Assassin",9,2026-02-13T22:10:55-08:00
86,2,0,Duke,2,2026-02-13T22:10:55-08:00
87,2,1,"Duke,Duke,Assassin",4,2026-02-13T22:10:55-08:00
88,2,0,Duke,2,2026-02-13T22:10:55-08:00
90,2,1,"Captain,Contessa,Assassin",5,2026-02-13T22:10:55-08:00
89,2,1,"Captain,Contessa,Assassin",5,2026-02-13T22:10:55-08:00
52,2,0,Captain,5,2026-02-13T22:10:55-08:00
93,2,0,Captain,8,2026-02-13T22:10:55-08:00
92,2,1,Duke,7,2026-02-13T22:10:55-08:00
96,2,1,"Captain,Duke",2,2026-02-13T22:10:55-08:00
95,2,1,"Contessa,Captain",6,2026-02-13T22:10:55-08:00
97,2,0,"Assassin,Contessa",6,2026-02-13T22:10:55-08:00
94,2,1,Duke,7,2026-02-13T22:10:55-08:00
98,2,1,"Contessa,Captain",6,2026-02-13T22:10:55-08:00
99,2,1,"Captain,Duke",2,2026-02-13T22:10:55-08:00
101,2,0,"Assassin,Contessa",2,2026-02-13T22:10:55-08:00
103,2,1,"Duke,Assassin,Ambassador",4,2026-02-13T22:10:55-08:00
91,2,1,"Captain,Assassin",3,2026-02-13T22:10:55-08:00
105,2,0,"Captain,Duke,Ambassador",0,2026-02-13T22:10:55-08:00
104,2,0,"Assassin,Contessa",2,2026-02-13T22:10:55-08:00
100,2,0,"Captain,Ambassador",18,2026-02-13T22:10:55-08:00
56,2,0,Captain,5,2026-02-13T22:10:55-08:00
107,2,0,"Assassin,Contessa",11,2026-02-13T22:10:55-08:00
109,2,0,"Ambassador,Duke,Captain",1,2026-02-13T22:10:55-08:00
110,2,0,"Assassin,Contessa",11,2026-02-13T22:10:55-08:00
108,2,1,"Contessa,Duke",8,2026-02-13T22:10:55-08:00
111,2,0,Duke,7,2026-02-13T22:10:55-08:00
106,2,0,"Captain,Duke,Ambassador",0,2026-02-13T22:10:55-08:00
114,2,0,Duke,7,2026-02-13T22:10:55-08:00
112,2,0,Captain,9,2026-02-13T22:10:55-08:00
102,2,0,"Captain,Ambassador",18,2026-02-13T22:10:55-08:00
118,2,0,Duke,3,2026-02-13T22:10:55-08:00
117,2,0,Duke,3,2026-02-13T22:10:55-08:00
120,2,0,"Duke,Assassin,Contessa",2,2026-02-13T22:10:55-08:00
116,2,0,Captain,9,2026-02-13T22:10:55-08:00
121,2,0,"Duke,Assassin,Contessa",2,2026-02-13T22:10:55-08:00
122,2,0,Duke,4,2026-02-13T22:10:55-08:00
123,2,1,Duke,4,2026-02-13T22:10:55-08:00
119,2,0,Captain,14,2026-02-13T22:10:55-08:00
125,2,1,Duke,4,2026-02-13T22:10:55-08:00
127,2,0,"Assassin,Contessa",4,2026-02-13T22:10:55-08:00
126,2,1,"Duke,Assassin,Duke",7,2026-02-13T22:10:55-08:00
115,2,0,Duke,7,2026-02-13T22:10:55-08:00
113,2,0,Captain,14,2026-02-13T22:10:55-08:00
130,2,0,"Assassin,Captain",6,2026-02-13T22:10:55-08:00
131,2,1,"Contessa,Ambassador",2,2026-02-13T22:10:55-08:00
133,2,1,"Captain,Duke",2,2026-02-13T22:10:55-08:00
132,2,0,"Captain,Duke,Duke",8,2026-02-13T22:10:55-08:00
124,2,0,"Assassin,Contessa",4,2026-02-13T22:10:55-08:00
129,2,0,"Assassin,Contessa",4,2026-02-13T22:10:55-08:00
134,2,0,"Captain,Contessa",10,2026-02-13T22:10:55-08:00
139,2,0,Ambassador,7,2026-02-13T22:10:55-08:00
140,2,0,"Captain,Contessa",10,2026-02-13T22:10:55-08:00
141,2,0,"Duke,Assassin,Assassin",1,2026-02-13T22:10:55-08:00
128,2,0,"Assassin,Captain",6,2026-02-13T22:10:55-08:00
144,2,1,"Duke,Duke",2,2026-02-13T22:10:55-08:00
145,2,0,"Assassin,Captain,Captain",3,2026-02-13T22:10:55-08:00
147,2,1,"Duke,Duke",2,2026-02-13T22:10:55-08:00
135,2,0,"Captain,Duke,Duke",8,2026-02-13T22:10:55-08:00
149,2,1,"Duke,Duke",2,2026-02-13T22:10:55-08:00
148,2,1,"Ambassador,Duke,Assassin",2,2026-02-13T22:10:55-08:00
142,2,0,"Duke,Assassin,Assassin",1,2026-02-13T22:10:55-08:00
138,2,0,"Assassin,Captain,Captain",1,2026-02-13T22:10:55-08:00
150,2,1,"Ambassador,Duke,Assassin",2,2026-02-13T22:10:55-08:00
151,2,0,"Duke,Captain",1,2026-02-13T22:10:55-08:00
155,2,0,"Captain,Assassin,Captain",3,2026-02-13T22:10:55-08:00
154,2,1,Assassin,9,2026-02-13T22:10:55-08:00
152,2,0,"Assassin,Contessa",8,2026-02-13T22:10:55-08:00
153,2,0,"Assassin,Contessa",8,2026-02-13T22:10:55-08:00
156,2,1,Duke,6,2026-02-13T22:10:55-08:00
157,2,0,"Captain,Assassin,Captain",3,2026-02-13T22:10:55-08:00
158,2,1,"Duke,Ambassador,Contessa",1,2026-02-13T22:10:55-08:00
143,2,1,"Contessa,Assassin,Duke,Assassin",5,2026-02-13T22:10:55-08:00
159,2,1,"Duke,Ambassador,Contessa",1,2026-02-13T22:10:55-08:00
160,2,1,"Duke,Ambassador,Contessa",1,2026-02-13T22:10:55-08:00
163,2,1,"Duke,Ambassador,Contessa",1,2026-02-13T22:10:55-08:00
162,2,0,"Captain,Duke",3,2026-02-13T22:10:55-08:00
137,2,0,"Captain,Duke,Duke",8,2026-02-13T22:10:55-08:00
161,2,0,Ambassador,13,2026-02-13T22:10:55-08:00
164,2,1,"Assassin,Ambassador",8,2026-02-13T22:10:55-08:00
166,2,1,"Assassin,Ambassador",4,2026-02-13T22:10:55-08:00
167,2,0,"Duke,Contessa,Contessa",1,2026-02-13T22:10:55-08:00
165,2,1,"Assassin,Ambassador",8,2026-02-13T22:10:55-08:00
168,2,0,"Captain,Duke",3,2026-02-13T22:10:55-08:00
169,2,1,Duke,3,2026-02-13T22:10:55-08:00
170,2,0,"Captain,Duke,Contessa",1,2026-02-13T22:10:55-08:00
171,2,0,"Ambassador,Duke,Contessa",4,2026-02-13T22:10:55-08:00
172,2,0,"Duke,Captain,Ambassador",1,2026-02-13T22:10:55-08:00
174,2,0,"Captain,Assassin,Assassin",2,2026-02-13T22:10:55-08:00
175,2,1,"Ambassador,Duke,Ambassador",3,2026-02-13T22:10:55-08:00
173,2,1,"Ambassador,Duke,Ambassador",3,2026-02-13T22:10:55-08:00
177,2,0,"Duke,Captain,Ambassador",1,2026-02-13T22:10:55-08:00
146,2,0,"Contessa,Captain",3,2026-02-13T22:10:55-08:00
176,2,1,"Ambassador,Duke,Captain",4,2026-02-13T22:10:55-08:00
180,2,1,"Ambassador,Duke,Captain",4,2026-02-13T22:10:55-08:00
179,2,1,"Ambassador,Duke,Captain",4,2026-02-13T22:10:55-08:00
181,2,0,"Ambassador,Contessa",4,2026-02-13T22:10:55-08:00
178,2,1,"Captain,Assassin",6,2026-02-13T22:10:55-08:00
182,2,1,"Ambassador,Contessa",4,2026-02-13T22:10:55-08:00
184,2,0,"Contessa,Captain,Ambassador",1,2026-02-13T22:10:55-08:00
185,2,1,"Duke,Contessa",3,2026-02-13T22:10:55-08:00
186,2,0,"Ambassador,Contessa",4,2026-02-13T22:10:55-08:00
187,2,1,"Ambassador,Captain,Ambassador",4,2026-02-13T22:10:55-08:00
189,2,1,"Ambassador,Captain,Ambassador",4,2026-02-13T22:10:55-08:00
188,2,1,"Duke,Assassin,Captain",7,2026-02-13T22:10:55-08:00
191,2,1,"Duke,Assassin,Captain",7,2026-02-13T22:10:55-08:00
190,2,0,"Duke,Contessa",7,2026-02-13T22:10:55-08:00
192,2,1,"Ambassador,Captain,Ambassador",4,2026-02-13T22:10:55-08:00
193,2,1,"Duke,Captain",4,2026-02-13T22:10:55-08:00
196,2,1,"Assassin,Captain",2,2026-02-13T22:10:55-08:00
194,2,1,"Duke,Duke",6,2026-02-13T22:10:55-08:00
197,2,1,"Assassin,Captain",2,2026-02-13T22:10:55-08:00
195,2,1,"Duke,Duke",6,2026-02-13T22:10:55-08:00
136,2,1,"Contessa,Captain",2,2026-02-13T22:10:55-08:00
198,2,1,"Duke,Captain",4,2026-02-13T22:10:55-08:00
199,2,1,"Duke,Captain",4,2026-02-13T22:10:55-08:00
200,2,0,"Assassin,Duke,Assassin",3,2026-02-13T22:10:55-08:00
201,2,0,"Contessa,Contessa",5,2026-02-13T22:10:55-08:00
202,2,1,"Captain,Ambassador,Contessa",7,2026-02-13T22:10:55-08:00
203,2,1,"Captain,Ambassador,Contessa",7,2026-02-13T22:10:55-08:00
204,2,1,"Captain,Ambassador,Contessa",7,2026-02-13T22:10:55-08:00
206,2,1,"Captain,Assassin",3,2026-02-13T22:10:55-08:00
205,2,1,"Captain,Ambassador,Contessa",7,2026-02-13T22:10:55-08:00
208,2,1,"Contessa,Ambassador",4,2026-02-13T22:10:55-08:00
212,2,1,"Duke,Duke",1,2026-02-13T22:10:55-08:00
209,2,1,"Contessa,Ambassador",4,2026-02-13T22:10:55-08:00
211,2,1,"Assassin,Duke,Duke",2,2026-02-13T22:10:55-08:00
183,2,1,Contessa,6,2026-02-13T22:10:55-08:00
213,2,1,Captain,2,2026-02-13T22:10:55-08:00
214,2,0,"Duke,Duke,Assassin",4,2026-02-13T22:10:55-08:00
215,2,0,"Captain,Contessa",4,2026-02-13T22:10:55-08:00
216,2,1,"Contessa,Duke",3,2026-02-13T22:10:55-08:00
218,2,0,"Captain,Duke,Assassin",7,2026-02-13T22:10:55-08:00
217,2,0,"Assassin,Duke",10,2026-02-13T22:10:55-08:00
219,2,1,"Duke,Duke,Contessa",6,2026-02-13T22:10:55-08:00
220,2,0,"Duke,Duke,Contessa",6,2026-02-13T22:10:55-08:00
221,2,0,"Duke,Assassin",3,2026-02-13T22:10:55-08:00
224,2,1,Captain,2,2026-02-13T22:10:55-08:00
222,2,0,"Duke,Assassin",3,2026-02-13T22:10:55-08:00
223,2,1,Duke,8,2026-02-13T22:10:55-08:00
226,2,0,"Ambassador,Assassin,Ambassador",2,2026-02-13T22:10:55-08:00
210,2,1,"Contessa,Ambassador",4,2026-02-13T22:10:55-08:00
228,2,0,"Duke,Assassin,Captain",2,2026-02-13T22:10:55-08:00
227,2,0,Ambassador,8,2026-02-13T22:10:55-08:00
229,2,0,Ambassador,8,2026-02-13T22:10:55-08:00
207,2,1,"Contessa,Ambassador,Duke",2,2026-02-13T22:10:55-08:00
231,2,0,"Contessa,Duke,Assassin",4,2026-02-13T22:10:55-08:00
230,2,0,"Assassin,Duke",5,2026-02-13T22:10:55-08:00
225,2,1,Assassin,10,2026-02-13T22:10:55-08:00
235,2,0,"Captain,Contessa,Contessa",6,2026-02-13T22:10:55-08:00
234,2,1,"Contessa,Captain",3,2026-02-13T22:10:55-08:00
236,2,0,"Contessa,Duke,Assassin",4,2026-02-13T22:10:55-08:00
238,2,1,"Ambassador,Contessa,Assassin,Assassin",3,2026-02-13T22:10:55-08:00
237,2,1,"Captain,Assassin",6,2026-02-13T22:10:55-08:00
240,2,0,Captain,11,2026-02-13T22:10:55-08:00
239,2,1,"Captain,Assassin",6,2026-02-13T22:10:55-08:00
244,2,0,"Ambassador,Duke",3,2026-02-13T22:10:55-08:00
232,2,1,Assassin,2,2026-02-13T22:10:55-08:00
233,2,1,Assassin,2,2026-02-13T22:10:55-08:00
243,2,1,Duke,4,2026-02-13T22:10:55-08:00
248,2,1,Duke,4,2026-02-13T22:10:55-08:00
249,2,1,Duke,4,2026-02-13T22:10:55-08:00
247,2,0,"Ambassador,Duke",6,2026-02-13T22:10:55-08:00
253,2,0,"Contessa,Ambassador,Captain,Contessa",5,2026-02-13T22:10:55-08:00
241,2,1,"Ambassador,Duke",13,2026-02-13T22:10:55-08:00
242,2,1,"Captain,Assassin",6,2026-02-13T22:10:55-08:00
246,2,0,"Ambassador,Duke",3,2026-02-13T22:10:55-08:00
245,2,0,"Ambassador,Duke",3,2026-02-13T22:10:55-08:00
254,2,0,"Ambassador,Duke,Captain",5,2026-02-13T22:10:55-08:00
250,2,0,Assassin,6,2026-02-13T22:10:55-08:00
257,2,1,"Captain,Contessa,Ambassador",1,2026-02-13T22:10:55-08:00
258,2,0,"Ambassador,Ambassador",5,2026-02-13T22:10:55-08:00
255,2,0,"Duke,Duke",8,2026-02-13T22:10:55-08:00
256,2,1,Duke,4,2026-02-13T22:10:55-08:00
259,2,0,"Duke,Assassin,Contessa",1,2026-02-13T22:10:55-08:00
261,2,0,"Duke,Assassin,Contessa",1,2026-02-13T22:10:55-08:00
263,2,1,"Contessa,Captain",3,2026-02-13T22:10:55-08:00
260,2,1,"Contessa,Contessa",13,2026-02-13T22:10:55-08:00
265,2,1,"Duke,Ambassador",2,2026-02-13T22:10:55-08:00
264,2,0,"Duke,Assassin,Contessa",1,2026-02-13T22:10:55-08:00
262,2,1,Duke,10,2026-02-13T22:10:55-08:00
266,2,1,"Contessa,Captain",3,2026-02-13T22:10:55-08:00
268,2,0,"Ambassador,Captain",3,2026-02-13T22:10:55-08:00
267,2,0,"Captain,Contessa,Duke,Assassin",3,2026-02-13T22:10:55-08:00
270,2,1,"Duke,Ambassador",2,2026-02-13T22:10:55-08:00
269,2,1,"Assassin,Ambassador,Contessa",2,2026-02-13T22:10:55-08:00
271,2,0,"Ambassador,Captain",3,2026-02-13T22:10:55-08:00
251,2,1,"Captain,Assassin,Contessa",2,2026-02-13T22:10:55-08:00
272,2,0,"Ambassador,Captain",3,2026-02-13T22:10:55-08:00
252,2,1,"Captain,Assassin,Contessa",2,2026-02-13T22:10:55-08:00
273,2,1,"Duke,Assassin,Ambassador",4,2026-02-13T22:10:55-08:00
275,2,0,"Ambassador,Captain",3,2026-02-13T22:10:55-08:00
276,2,1,"Duke,Assassin,Ambassador",4,2026-02-13T22:10:55-08:00
277,2,1,"Ambassador,Duke",4,2026-02-13T22:10:55-08:00
280,2,1,"Duke,Assassin,Captain",1,2026-02-13T22:10:55-08:00
278,2,0,"Ambassador,Assassin,Captain,Contessa",2,2026-02-13T22:10:55-08:00
274,2,1,"Duke,Assassin,Ambassador",4,2026-02-13T22:10:55-08:00
281,2,0,"Ambassador,Assassin,Captain,Contessa",2,2026-02-13T22:10:55-08:00
279,2,1,"Duke,Assassin,Ambassador",4,2026-02-13T22:10:55-08:00
283,2,0,"Duke,Ambassador",2,2026-02-13T22:10:55-08:00
282,2,1,"Duke,Captain,Assassin",8,2026-02-13T22:10:55-08:00
286,2,1,"Contessa,Duke,Assassin",2,2026-02-13T22:10:55-08:00
287,2,1,"Duke,Assassin,Captain",1,2026-02-13T22:10:55-08:00
285,2,0,"Duke,Ambassador,Captain,Contessa",3,2026-02-13T22:10:55-08:00
284,2,0,Ambassador,7,2026-02-13T22:10:55-08:00
289,2,0,Ambassador,7,2026-02-13T22:10:55-08:00
288,2,1,"Assassin,Duke,Contessa",3,2026-02-13T22:10:55-08:00
290,2,0,"Duke,Captain",5,2026-02-13T22:10:55-08:00
291,2,1,"Assassin,Contessa",4,2026-02-13T22:10:55-08:00
292,2,1,"Contessa,Duke,Assassin",2,2026-02-13T22:10:55-08:00
293,2,1,"Assassin,Duke,Ambassador",5,2026-02-13T22:10:55-08:00
296,2,0,"Contessa,Captain",1,2026-02-13T22:10:55-08:00
294,2,0,"Ambassador,Duke,Contessa",5,2026-02-13T22:10:55-08:00
297,2,0,"Ambassador,Duke,Contessa",5,2026-02-13T22:10:55-08:00
299,2,0,"Ambassador,Duke,Contessa",5,2026-02-13T22:10:55-08:00
298,2,0,Duke,9,2026-02-13T22:10:55-08:00
301,2,0,"Duke,Captain",4,2026-02-13T22:10:55-08:00
300,2,0,"Ambassador,Ambassador",7,2026-02-13T22:10:55-08:00
302,2,0,"Assassin,Duke,Captain,Assassin",1,2026-02-13T22:10:55-08:00
304,2,0,"Assassin,Duke,Captain,Assassin",1,2026-02-13T22:10:55-08:00
303,2,0,"Duke,Captain",4,2026-02-13T22:10:55-08:00
306,2,0,"Captain,Assassin,Captain",1,2026-02-13T22:10:55-08:00
305,2,1,Ambassador,5,2026-02-13T22:10:55-08:00
308,2,1,"Ambassador,Captain",2,2026-02-13T22:10:55-08:00
295,2,1,"Assassin,Duke,Ambassador",5,2026-02-13T22:10:55-08:00
309,2,0,"Duke,Contessa",9,2026-02-13T22:10:55-08:00
310,2,0,"Captain,Assassin,Captain",1,2026-02-13T22:10:55-08:00
314,2,1,"Ambassador,Captain,Contessa",1,2026-02-13T22:10:55-08:00
312,2,1,Contessa,6,2026-02-13T22:10:55-08:00
318,2,0,"Duke,Duke,Captain",3,2026-02-13T22:10:55-08:00
316,2,0,"Contessa,Ambassador",5,2026-02-13T22:10:55-08:00
315,2,0,Captain,19,2026-02-13T22:10:55-08:00
311,2,0,Captain,19,2026-02-13T22:10:55-08:00
319,2,0,Duke,5,2026-02-13T22:10:55-08:00
320,2,1,"Ambassador,Captain",7,2026-02-13T22:10:55-08:00
321,2,0,Duke,5,2026-02-13T22:10:55-08:00
322,2,1,"Ambassador,Captain",7,2026-02-13T22:10:55-08:00
323,2,0,"Duke,Captain,Contessa",1,2026-02-13T22:10:55-08:00
324,2,1,"Assassin,Captain",4,2026-02-13T22:10:55-08:00
325,2,0,"Duke,Captain,Contessa",1,2026-02-13T22:10:55-08:00
327,2,0,"Duke,Captain,Contessa",1,2026-02-13T22:10:55-08:00
326,2,1,"Assassin,Captain",4,2026-02-13T22:10:55-08:00
307,2,0,"Duke,Assassin,Ambassador",1,2026-02-13T22:10:55-08:00
328,2,0,"Ambassador,Duke",5,2026-02-13T22:10:55-08:00
313,2,0,"Duke,Contessa",9,2026-02-13T22:10:55-08:00
317,2,0,"Captain,Ambassador",5,2026-02-13T22:10:55-08:00
334,2,1,"Captain,Duke,Contessa",2,2026-02-13T22:10:55-08:00
331,2,0,"Ambassador,Contessa",7,2026-02-13T22:10:55-08:00
332,2,1,"Captain,Contessa",7,2026-02-13T22:10:55-08:00
335,2,1,"Ambassador,Duke,Duke,Duke",5,2026-02-13T22:10:55-08:00
333,2,0,"Ambassador,Ambassador",5,2026-02-13T22:10:55-08:00
329,2,1,"Ambassador,Duke,Duke,Duke",5,2026-02-13T22:10:55-08:00
336,2,0,"Ambassador,Ambassador,Ambassador",3,2026-02-13T22:10:55-08:00
337,2,0,"Ambassador,Ambassador,Duke",3,2026-02-13T22:10:55-08:00
338,2,1,"Captain,Duke,Contessa",2,2026-02-13T22:10:55-08:00
341,2,0,"Assassin,Assassin",4,2026-02-13T22:10:55-08:00
339,2,1,"Duke,Duke",7,2026-02-13T22:10:55-08:00
342,2,0,"Assassin,Assassin",4,2026-02-13T22:10:55-08:00
340,2,0,"Ambassador,Ambassador",5,2026-02-13T22:10:55-08:00
343,2,1,"Assassin,Duke,Ambassador,Contessa",5,2026-02-13T22:10:55-08:00
344,2,0,"Duke,Ambassador,Ambassador",1,2026-02-13T22:10:55-08:00
345,2,0,"Duke,Ambassador,Contessa",1,2026-02-13T22:10:55-08:00
347,2,1,"Ambassador,Duke",3,2026-02-13T22:10:55-08:00
346,2,0,Assassin,8,2026-02-13T22:10:55-08:00
348,2,0,"Captain,Ambassador,Ambassador",1,2026-02-13T22:10:55-08:00
350,2,0,"Assassin,Captain,Duke",4,2026-02-13T22:10:55-08:00
351,2,1,"Duke,Contessa",3,2026-02-13T22:10:55-08:00
330,2,0,"Ambassador,Duke",5,2026-02-13T22:10:55-08:00
354,2,1,"Captain,Duke,Assassin",1,2026-02-13T22:10:55-08:00
355,2,1,"Captain,Duke,Assassin",1,2026-02-13T22:10:55-08:00
352,2,0,Assassin,8,2026-02-13T22:10:55-08:00
353,2,0,"Captain,Duke,Assassin",4,2026-02-13T22:10:55-08:00
358,2,0,"Duke,Duke,Ambassador",11,2026-02-13T22:10:55-08:00
356,2,0,"Captain,Assassin",12,2026-02-13T22:10:55-08:00
361,2,1,"Duke,Captain,Contessa",4,2026-02-13T22:10:55-08:00
357,2,1,"Captain,Ambassador",1,2026-02-13T22:10:55-08:00
359,2,0,Duke,5,2026-02-13T22:10:55-08:00
362,2,0,Duke,5,2026-02-13T22:10:55-08:00
364,2,0,Duke,5,2026-02-13T22:10:55-08:00
363,2,0,"Captain,Duke,Duke",7,2026-02-13T22:10:55-08:00
367,2,1,"Contessa,Duke,Ambassador",2,2026-02-13T22:10:55-08:00
366,2,0,"Contessa,Ambassador",12,2026-02-13T22:10:55-08:00
368,2,1,Captain,4,2026-02-13T22:10:55-08:00
369,2,0,"Duke,Contessa,Contessa",3,2026-02-13T22:10:55-08:00
360,2,0,Duke,5,2026-02-13T22:10:55-08:00
370,2,1,"Duke,Captain,Contessa",5,2026-02-13T22:10:55-08:00
365,2,0,Duke,5,2026-02-13T22:10:55-08:00
371,2,0,"Ambassador,Duke,Captain,Ambassador",9,2026-02-13T22:10:55-08:00
373,2,1,"Ambassador,Contessa,Captain",7,2026-02-13T22:10:55-08:00
375,2,1,"Assassin,Contessa",4,2026-02-13T22:10:55-08:00
376,2,1,"Assassin,Contessa",4,2026-02-13T22:10:55-08:00
378,2,1,"Contessa,Duke",1,2026-02-13T22:10:55-08:00
379,2,1,"Contessa,Duke",3,2026-02-13T22:10:55-08:00
372,2,1,"Duke,Captain,Contessa",5,2026-02-13T22:10:55-08:00
380,2,0,"Assassin,Duke,Duke",3,2026-02-13T22:10:55-08:00
381,2,0,"Assassin,Duke,Duke",3,2026-02-13T22:10:55-08:00
377,2,0,"Ambassador,Duke,Captain,Ambassador",9,2026-02-13T22:10:55-08:00
374,2,1,"Duke,Assassin",6,2026-02-13T22:10:55-08:00
384,2,0,Captain,7,2026-02-13T22:10:55-08:00
387,2,0,"Duke,Assassin",11,2026-02-13T22:10:55-08:00
349,2,0,"Duke,Ambassador,Ambassador",1,2026-02-13T22:10:55-08:00
386,2,0,"Captain,Duke,Ambassador",6,2026-02-13T22:10:55-08:00
385,2,0,"Captain,Duke,Ambassador",6,2026-02-13T22:10:55-08:00
391,2,0,"Captain,Duke,Ambassador",6,2026-02-13T22:10:55-08:00
392,2,0,"Duke,Assassin",8,2026-02-13T22:10:55-08:00
394,2,0,"Assassin,Assassin",4,2026-02-13T22:10:55-08:00
393,2,0,"Captain,Assassin",10,2026-02-13T22:10:55-08:00
395,2,1,"Duke,Assassin,Ambassador",3,2026-02-13T22:10:55-08:00
396,2,1,"Assassin,Captain,Duke",3,2026-02-13T22:10:55-08:00
397,2,1,"Captain,Contessa",2,2026-02-13T22:10:55-08:00
382,2,1,Contessa,8,2026-02-13T22:10:55-08:00
398,2,1,"Captain,Contessa",2,2026-02-13T22:10:55-08:00
399,2,0,"Captain,Assassin",10,2026-02-13T22:10:55-08:00
400,2,0,"Ambassador,Captain,Assassin",3,2026-02-13T22:10:55-08:00
401,2,0,"Duke,Captain,Contessa",3,2026-02-13T22:10:55-08:00
402,2,0,"Duke,Captain",3,2026-02-13T22:10:55-08:00
403,2,1,"Captain,Contessa",2,2026-02-13T22:10:55-08:00
405,2,1,"Duke,Assassin,Assassin",1,2026-02-13T22:10:55-08:00
404,2,0,"Captain,Contessa",6,2026-02-13T22:10:55-08:00
407,2,0,"Duke,Captain",3,2026-02-13T22:10:55-08:00
408,2,0,"Assassin,Assassin",3,2026-02-13T22:10:55-08:00
406,2,1,Contessa,12,2026-02-13T22:10:55-08:00
409,2,0,"Assassin,Assassin",3,2026-02-13T22:10:55-08:00
383,2,0,Captain,7,2026-02-13T22:10:55-08:00
410,2,0,"Captain,Contessa",6,2026-02-13T22:10:55-08:00
414,2,1,"Ambassador,Ambassador,Duke",2,2026-02-13T22:10:55-08:00
411,2,1,"Ambassador,Ambassador,Duke",2,2026-02-13T22:10:55-08:00
412,2,1,"Contessa,Duke",4,2026-02-13T22:10:55-08:00
413,2,0,"Captain,Contessa,Contessa",5,2026-02-13T22:10:55-08:00
415,2,0,"Assassin,Assassin",3,2026-02-13T22:10:55-08:00
416,2,1,"Assassin,Contessa",3,2026-02-13T22:10:55-08:00
417,2,0,"Duke,Duke,Assassin,Captain",2,2026-02-13T22:10:55-08:00
418,2,1,"Captain,Captain",8,2026-02-13T22:10:55-08:00
419,2,1,"Ambassador,Duke,Assassin",2,2026-02-13T22:10:55-08:00
421,2,1,"Ambassador,Duke,Assassin",2,2026-02-13T22:10:55-08:00
420,2,1,"Assassin,Contessa",3,2026-02-13T22:10:55-08:00
422,2,1,"Ambassador,Duke",7,2026-02-13T22:10:55-08:00
423,2,1,"Contessa,Contessa,Captain",3,2026-02-13T22:10:55-08:00
425,2,1,"Ambassador,Duke",7,2026-02-13T22:10:55-08:00
388,2,0,"Duke,Assassin",3,2026-02-13T22:10:55-08:00
424,2,0,"Ambassador,Duke",14,2026-02-13T22:10:55-08:00
427,2,1,"Captain,Duke,Contessa",3,2026-02-13T22:10:55-08:00
426,2,0,Captain,11,2026-02-13T22:10:55-08:00
428,2,0,"Contessa,Duke",9,2026-02-13T22:10:55-08:00
429,2,0,"Contessa,Duke",9,2026-02-13T22:10:55-08:00
430,2,1,Assassin,2,2026-02-13T22:10:55-08:00
431,2,0,"Duke,Duke,Ambassador",5,2026-02-13T22:10:55-08:00
432,2,0,Duke,3,2026-02-13T22:10:55-08:00
433,2,0,"Contessa,Duke",9,2026-02-13T22:10:55-08:00
434,2,0,Duke,3,2026-02-13T22:10:55-08:00
435,2,0,Duke,3,2026-02-13T22:10:55-08:00
436,2,1,"Ambassador,Duke,Assassin",4,2026-02-13T22:10:55-08:00
437,2,0,"Assassin,Duke",9,2026-02-13T22:10:55-08:00
439,2,0,Duke,3,2026-02-13T22:10:55-08:00
438,2,1,"Duke,Ambassador,Assassin",6,2026-02-13T22:10:55-08:00
440,2,1,"Duke,Ambassador,Assassin",6,2026-02-13T22:10:55-08:00
390,2,0,"Captain,Duke,Ambassador",6,2026-02-13T22:10:55-08:00
441,2,1,"Duke,Ambassador,Assassin",6,2026-02-13T22:10:55-08:00
389,2,1,Duke,9,2026-02-13T22:10:55-08:00
446,2,0,"Assassin,Duke,Captain",1,2026-02-13T22:10:55-08:00
448,2,1,Captain,2,2026-02-13T22:10:55-08:00
444,2,0,"Ambassador,Duke,Assassin",1,2026-02-13T22:10:55-08:00
443,2,0,"Contessa,Contessa",2,2026-02-13T22:10:55-08:00
447,2,0,"Ambassador,Assassin",5,2026-02-13T22:10:55-08:00
445,2,1,Captain,2,2026-02-13T22:10:55-08:00
450,2,0,"Ambassador,Captain",2,2026-02-13T22:10:55-08:00
449,2,1,Captain,2,2026-02-13T22:10:55-08:00
451,2,0,"Ambassador,Captain",2,2026-02-13T22:10:55-08:00
452,2,1,Captain,2,2026-02-13T22:10:55-08:00
454,2,0,"Ambassador,Captain",2,2026-02-13T22:10:55-08:00
453,2,1,"Captain,Contessa",5,2026-02-13T22:10:55-08:00
456,2,1,"Duke,Captain,Captain,Ambassador",5,2026-02-13T22:10:55-08:00
455,2,0,Assassin,13,2026-02-13T22:10:55-08:00
457,2,1,Captain,6,2026-02-13T22:10:55-08:00
461,2,1,"Assassin,Contessa",1,2026-02-13T22:10:55-08:00
459,2,1,"Captain,Contessa",5,2026-02-13T22:10:55-08:00
460,2,1,"Duke,Captain,Captain,Ambassador",5,2026-02-13T22:10:55-08:00
458,2,0,Assassin,13,2026-02-13T22:10:55-08:00
462,2,1,"Assassin,Contessa",1,2026-02-13T22:10:55-08:00
463,2,1,"Ambassador,Assassin,Contessa",4,2026-02-13T22:10:55-08:00
442,2,0,"Ambassador,Duke,Assassin",1,2026-02-13T22:10:55-08:00
464,2,1,"Assassin,Contessa",1,2026-02-13T22:10:55-08:00
468,2,1,"Assassin,Contessa,Duke",3,2026-02-13T22:10:55-08:00
467,2,0,Captain,9,2026-02-13T22:10:55-08:00
470,2,0,"Contessa,Contessa",2,2026-02-13T22:10:55-08:00
471,2,1,"Assassin,Ambassador",2,2026-02-13T22:10:55-08:00
472,2,0,"Ambassador,Contessa,Ambassador",3,2026-02-13T22:10:55-08:00
474,2,0,"Ambassador,Contessa,Ambassador",3,2026-02-13T22:10:55-08:00
473,2,0,"Contessa,Contessa",2,2026-02-13T22:10:55-08:00
476,2,0,"Contessa,Assassin",6,2026-02-13T22:10:55-08:00
479,2,1,"Captain,Captain",5,2026-02-13T22:10:55-08:00
478,2,0,"Assassin,Contessa",5,2026-02-13T22:10:55-08:00
481,2,0,"Duke,Ambassador,Captain",1,2026-02-13T22:10:55-08:00
466,2,1,"Ambassador,Captain,Duke,Ambassador",2,2026-02-13T22:10:55-08:00
482,2,1,"Captain,Captain",5,2026-02-13T22:10:55-08:00
480,2,1,Ambassador,14,2026-02-13T22:10:55-08:00
483,2,0,"Duke,Duke,Captain",1,2026-02-13T22:10:55-08:00
475,2,1,Ambassador,14,2026-02-13T22:10:55-08:00
486,2,1,"Ambassador,Ambassador,Duke,Captain",4,2026-02-13T22:10:55-08:00
485,2,0,Captain,13,2026-02-13T22:10:55-08:00
484,2,0,"Ambassador,Assassin,Duke",10,2026-02-13T22:10:55-08:00
487,2,0,Contessa,8,2026-02-13T22:10:55-08:00
488,2,0,"Duke,Ambassador",11,2026-02-13T22:10:55-08:00
491,2,0,Contessa,8,2026-02-13T22:10:55-08:00
490,2,0,Contessa,8,2026-02-13T22:10:55-08:00
489,2,0,Contessa,8,2026-02-13T22:10:55-08:00
492,2,0,"Duke,Assassin,Captain,Ambassador",4,2026-02-13T22:10:55-08:00
493,2,1,"Ambassador,Duke",2,2026-02-13T22:10:55-08:00
495,2,0,"Duke,Assassin,Captain,Ambassador",4,2026-02-13T22:10:55-08:00
494,2,0,"Contessa,Duke",11,2026-02-13T22:10:55-08:00
497,2,0,"Contessa,Duke",5,2026-02-13T22:10:55-08:00
496,2,1,Duke,6,2026-02-13T22:10:55-08:00
498,2,0,"Ambassador,Ambassador,Ambassador",1,2026-02-13T22:10:55-08:00
499,2,1,"Ambassador,Duke",2,2026-02-13T22:10:55-08:00
501,2,0,"Ambassador,Ambassador,Ambassador",1,2026-02-13T22:10:55-08:00
500,2,1,"Ambassador,Duke",2,2026-02-13T22:10:55-08:00
503,2,0,Duke,10,2026-02-13T22:10:55-08:00
502,2,0,"Ambassador,Ambassador,Duke",3,2026-02-13T22:10:55-08:00
504,2,0,"Ambassador,Ambassador,Ambassador",1,2026-02-13T22:10:55-08:00
505,2,0,"Assassin,Duke",4,2026-02-13T22:10:55-08:00
506,2,0,"Captain,Contessa,Ambassador",0,2026-02-13T22:10:55-08:00
465,2,1,"Duke,Assassin,Captain",13,2026-02-13T22:10:55-08:00
508,2,1,"Captain,Captain,Captain,Assassin",2,2026-02-13T22:10:55-08:00
510,2,0,"Duke,Captain,Assassin,Duke",2,2026-02-13T22:10:55-08:00
507,2,0,"Assassin,Duke",4,2026-02-13T22:10:55-08:00
512,2,0,"Captain,Captain",3,2026-02-13T22:10:55-08:00
509,2,0,Duke,10,2026-02-13T22:10:55-08:00
511,2,1,"Assassin,Captain",5,2026-02-13T22:10:55-08:00
514,2,0,"Captain,Captain",3,2026-02-13T22:10:55-08:00
513,2,1,"Duke,Duke,Captain,Duke",7,2026-02-13T22:10:55-08:00
477,2,1,"Assassin,Ambassador",5,2026-02-13T22:10:55-08:00
516,2,1,"Assassin,Captain,Contessa",5,2026-02-13T22:10:55-08:00
518,2,0,"Captain,Captain",3,2026-02-13T22:10:55-08:00
515,2,1,"Duke,Duke",12,2026-02-13T22:10:55-08:00
519,2,1,"Duke,Duke,Assassin",1,2026-02-13T22:10:55-08:00
523,2,1,"Duke,Duke,Assassin",1,2026-02-13T22:10:55-08:00
469,2,1,"Contessa,Ambassador",17,2026-02-13T22:10:55-08:00
521,2,0,"Ambassador,Ambassador,Duke,Duke",8,2026-02-13T22:10:55-08:00
520,2,0,"Captain,Contessa",6,2026-02-13T22:10:55-08:00
524,2,1,Duke,5,2026-02-13T22:10:55-08:00
522,2,1,"Captain,Contessa",6,2026-02-13T22:10:55-08:00
527,2,1,"Duke,Contessa",4,2026-02-13T22:10:55-08:00
525,2,0,"Contessa,Duke",6,2026-02-13T22:10:55-08:00
526,2,1,Duke,5,2026-02-13T22:10:55-08:00
528,2,1,"Captain,Assassin",3,2026-02-13T22:10:55-08:00
530,2,1,"Duke,Contessa",4,2026-02-13T22:10:55-08:00
533,2,0,"Ambassador,Captain,Duke",5,2026-02-13T22:10:55-08:00
517,2,0,"Captain,Captain",3,2026-02-13T22:10:55-08:00
534,2,1,"Captain,Contessa,Captain",2,2026-02-13T22:10:55-08:00
535,2,1,Duke,7,2026-02-13T22:10:55-08:00
537,2,0,"Assassin,Captain,Contessa",1,2026-02-13T22:10:55-08:00
536,2,1,Duke,7,2026-02-13T22:10:55-08:00
538,2,0,"Duke,Assassin,Captain,Ambassador",4,2026-02-13T22:10:55-08:00
539,2,0,"Duke,Assassin,Captain,Ambassador",4,2026-02-13T22:10:55-08:00
540,2,1,"Contessa,Duke,Ambassador",8,2026-02-13T22:10:55-08:00
541,2,1,"Contessa,Assassin,Ambassador",4,2026-02-13T22:10:55-08:00
542,2,1,"Captain,Duke,Captain",2,2026-02-13T22:10:55-08:00
543,2,1,"Captain,Duke,Captain",2,2026-02-13T22:10:55-08:00
544,2,1,"Captain,Duke,Captain",2,2026-02-13T22:10:55-08:00
529,2,0,"Assassin,Assassin",6,2026-02-13T22:10:55-08:00
545,2,1,"Ambassador,Duke,Assassin",2,2026-02-13T22:10:55-08:00
546,2,1,"Contessa,Captain",6,2026-02-13T22:10:55-08:00
547,2,0,"Duke,Contessa",3,2026-02-13T22:10:55-08:00
549,2,0,"Duke,Contessa",3,2026-02-13T22:10:55-08:00
548,2,0,"Duke,Contessa",3,2026-02-13T22:10:55-08:00
550,2,0,Assassin,3,2026-02-13T22:10:55-08:00
551,2,0,"Assassin,Ambassador,Captain",2,2026-02-13T22:10:55-08:00
553,2,1,Assassin,3,2026-02-13T22:10:55-08:00
552,2,0,"Assassin,Assassin",6,2026-02-13T22:10:55-08:00
554,2,0,"Assassin,Ambassador,Captain",2,2026-02-13T22:10:55-08:00
556,2,1,"Assassin,Ambassador",2,2026-02-13T22:10:55-08:00
555,2,0,"Assassin,Assassin",6,2026-02-13T22:10:55-08:00
531,2,0,"Ambassador,Captain,Duke",5,2026-02-13T22:10:55-08:00
557,2,0,"Captain,Duke,Assassin",4,2026-02-13T22:10:55-08:00
558,2,0,"Captain,Duke,Assassin",4,2026-02-13T22:10:55-08:00
559,2,1,"Assassin,Ambassador",2,2026-02-13T22:10:55-08:00
560,2,0,"Captain,Duke,Assassin",4,2026-02-13T22:10:55-08:00
561,2,0,"Assassin,Captain",6,2026-02-13T22:10:55-08:00
562,2,1,"Assassin,Ambassador",2,2026-02-13T22:10:55-08:00
563,2,1,"Captain,Duke,Ambassador",6,2026-02-13T22:10:55-08:00
564,2,1,"Assassin,Ambassador,Contessa",8,2026-02-13T22:10:55-08:00
568,2,0,"Contessa,Captain,Ambassador",3,2026-02-13T22:10:55-08:00
565,2,1,"Assassin,Ambassador,Contessa",8,2026-02-13T22:10:55-08:00
566,2,1,Duke,6,2026-02-13T22:10:55-08:00
567,2,1,"Assassin,Ambassador,Contessa",8,2026-02-13T22:10:55-08:00
532,2,0,"Ambassador,Captain,Duke",5,2026-02-13T22:10:55-08:00
570,2,0,Ambassador,7,2026-02-13T22:10:55-08:00
573,2,1,"Contessa,Captain,Contessa",4,2026-02-13T22:10:55-08:00
569,2,1,Duke,6,2026-02-13T22:10:55-08:00
576,2,1,"Captain,Captain,Contessa",8,2026-02-13T22:10:55-08:00
577,2,0,"Captain,Captain,Captain",5,2026-02-13T22:10:55-08:00
574,2,1,"Captain,Captain,Contessa",8,2026-02-13T22:10:55-08:00
578,2,1,"Assassin,Captain,Contessa",3,2026-02-13T22:10:55-08:00
571,2,1,"Contessa,Captain,Contessa",4,2026-02-13T22:10:55-08:00
579,2,1,"Captain,Contessa",4,2026-02-13T22:10:55-08:00
580,2,0,"Ambassador,Assassin",4,2026-02-13T22:10:55-08:00
581,2,0,"Ambassador,Assassin",2,2026-02-13T22:10:55-08:00
582,2,1,"Assassin,Assassin",7,2026-02-13T22:10:55-08:00
584,2,0,"Ambassador,Ambassador,Duke",5,2026-02-13T22:10:55-08:00
583,2,1,"Assassin,Assassin",8,2026-02-13T22:10:55-08:00
587,2,1,"Assassin,Assassin",7,2026-02-13T22:10:55-08:00
585,2,1,"Captain,Duke",13,2026-02-13T22:10:55-08:00
586,2,0,Contessa,5,2026-02-13T22:10:55-08:00
591,2,1,"Ambassador,Ambassador,Assassin,Ambassador",1,2026-02-13T22:10:55-08:00
590,2,1,"Captain,Duke,Captain",1,2026-02-13T22:10:55-08:00
592,2,1,"Ambassador,Ambassador,Assassin,Ambassador",1,2026-02-13T22:10:55-08:00
588,2,0,"Contessa,Contessa",13,2026-02-13T22:10:55-08:00
589,2,0,"Contessa,Contessa",13,2026-02-13T22:10:55-08:00
593,2,0,"Contessa,Captain",6,2026-02-13T22:10:55-08:00
594,2,1,"Captain,Assassin,Contessa",2,2026-02-13T22:10:55-08:00
595,2,1,"Assassin,Duke",4,2026-02-13T22:10:55-08:00
596,2,0,"Assassin,Captain,Assassin,Duke",4,2026-02-13T22:10:55-08:00
597,2,0,"Captain,Contessa",5,2026-02-13T22:10:55-08:00
598,2,0,"Captain,Contessa",5,2026-02-13T22:10:55-08:00
599,2,0,"Captain,Contessa",5,2026-02-13T22:10:55-08:00
600,2,0,"Duke,Ambassador",7,2026-02-13T22:10:55-08:00
601,2,1,"Duke,Captain,Contessa",2,2026-02-13T22:10:55-08:00
605,2,0,"Contessa,Captain",3,2026-02-13T22:10:55-08:00
603,2,0,"Contessa,Captain",3,2026-02-13T22:10:55-08:00
604,2,0,"Contessa,Captain",3,2026-02-13T22:10:55-08:00
607,2,1,"Assassin,Captain",4,2026-02-13T22:10:55-08:00
575,2,0,"Contessa,Captain,Ambassador",3,2026-02-13T22:10:55-08:00
602,2,1,"Duke,Duke",5,2026-02-13T22:10:55-08:00
608,2,1,"Duke,Captain",2,2026-02-13T22:10:55-08:00
611,2,1,"Captain,Contessa,Contessa",1,2026-02-13T22:10:55-08:00
610,2,0,"Assassin,Captain",11,2026-02-13T22:10:55-08:00
606,2,1,Contessa,15,2026-02-13T22:10:55-08:00
572,2,0,"Contessa,Captain,Ambassador",3,2026-02-13T22:10:55-08:00
609,2,0,"Assassin,Captain",11,2026-02-13T22:10:55-08:00
619,2,0,"Duke,Captain",5,2026-02-13T22:10:55-08:00
618,2,1,"Ambassador,Assassin",5,2026-02-13T22:10:55-08:00
617,2,1,"Ambassador,Assassin",5,2026-02-13T22:10:55-08:00
620,2,0,"Captain,Contessa",2,2026-02-13T22:10:55-08:00
615,2,0,"Assassin,Captain",11,2026-02-13T22:10:55-08:00
616,2,1,"Ambassador,Assassin",5,2026-02-13T22:10:55-08:00
613,2,1,"Ambassador,Ambassador,Duke",2,2026-02-13T22:10:55-08:00
623,2,1,"Contessa,Contessa",4,2026-02-13T22:10:55-08:00
621,2,1,"Duke,Contessa,Duke",3,2026-02-13T22:10:55-08:00
622,2,0,"Duke,Captain",5,2026-02-13T22:10:55-08:00
612,2,1,"Assassin,Duke",10,2026-02-13T22:10:55-08:00
626,2,1,"Captain,Assassin,Contessa",2,2026-02-13T22:10:55-08:00
614,2,0,"Assassin,Captain",11,2026-02-13T22:10:55-08:00
627,2,0,"Duke,Assassin,Contessa,Captain",3,2026-02-13T22:10:55-08:00
629,2,1,"Captain,Captain,Ambassador",4,2026-02-13T22:10:55-08:00
631,2,1,"Captain,Ambassador",1,2026-02-13T22:10:55-08:00
632,2,0,"Duke,Assassin,Contessa,Captain",3,2026-02-13T22:10:55-08:00
630,2,1,"Contessa,Contessa",4,2026-02-13T22:10:55-08:00
624,2,0,"Captain,Assassin,Captain,Ambassador",2,2026-02-13T22:10:55-08:00
625,2,1,"Contessa,Contessa",4,2026-02-13T22:10:55-08:00
636,2,1,"Captain,Assassin,Contessa,Contessa",2,2026-02-13T22:10:55-08:00
637,2,1,"Captain,Ambassador",1,2026-02-13T22:10:55-08:00
633,2,1,Captain,3,2026-02-13T22:10:55-08:00
639,2,0,"Contessa,Assassin,Duke",4,2026-02-13T22:10:55-08:00
638,2,0,"Ambassador,Duke,Assassin",15,2026-02-13T22:10:55-08:00
640,2,0,"Ambassador,Ambassador,Duke,Assassin",3,2026-02-13T22:10:55-08:00
641,2,1,"Duke,Ambassador,Contessa",4,2026-02-13T22:10:55-08:00
628,2,0,"Duke,Ambassador,Contessa",5,2026-02-13T22:10:55-08:00
635,2,1,"Duke,Ambassador,Contessa",4,2026-02-13T22:10:55-08:00
645,2,1,"Ambassador,Ambassador",2,2026-02-13T22:10:55-08:00
646,2,0,"Contessa,Assassin,Ambassador",2,2026-02-13T22:10:55-08:00
643,2,0,"Contessa,Ambassador",7,2026-02-13T22:10:55-08:00
648,2,1,"Contessa,Captain",2,2026-02-13T22:10:55-08:00
644,2,1,Contessa,10,2026-02-13T22:10:55-08:00
647,2,0,Assassin,6,2026-02-13T22:10:55-08:00
650,2,0,Assassin,6,2026-02-13T22:10:55-08:00
654,2,1,"Assassin,Ambassador",4,2026-02-13T22:10:55-08:00
642,2,1,"Captain,Duke,Duke",2,2026-02-13T22:10:55-08:00
652,2,1,"Duke,Assassin",10,2026-02-13T22:10:55-08:00
649,2,0,"Contessa,Duke,Contessa",14,2026-02-13T22:10:55-08:00
651,2,1,Assassin,16,2026-02-13T22:10:55-08:00
655,2,1,"Assassin,Ambassador",2,2026-02-13T22:10:55-08:00
657,2,1,Ambassador,6,2026-02-13T22:10:55-08:00
658,2,1,Ambassador,6,2026-02-13T22:10:55-08:00
653,2,1,"Contessa,Captain",2,2026-02-13T22:10:55-08:00
634,2,1,"Captain,Assassin,Contessa,Contessa",2,2026-02-13T22:10:55-08:00
661,2,0,"Ambassador,Ambassador,Ambassador",1,2026-02-13T22:10:55-08:00
659,2,0,"Ambassador,Ambassador,Ambassador",1,2026-02-13T22:10:55-08:00
660,2,0,Contessa,8,2026-02-13T22:10:55-08:00
665,2,0,"Captain,Assassin",2,2026-02-13T22:10:55-08:00
656,2,0,"Assassin,Duke,Assassin",2,2026-02-13T22:10:55-08:00
668,2,1,"Duke,Ambassador,Assassin",2,2026-02-13T22:10:55-08:00
666,2,1,"Captain,Duke,Ambassador,Ambassador",2,2026-02-13T22:10:55-08:00
667,2,0,"Captain,Assassin",2,2026-02-13T22:10:55-08:00
669,2,1,"Duke,Ambassador,Assassin",2,2026-02-13T22:10:55-08:00
670,2,1,"Duke,Ambassador,Assassin",2,2026-02-13T22:10:55-08:00
671,2,0,"Assassin,Contessa",4,2026-02-13T22:10:55-08:00
673,2,0,"Captain,Ambassador,Ambassador",7,2026-02-13T22:10:55-08:00
672,2,0,"Captain,Captain",8,2026-02-13T22:10:55-08:00
674,2,0,Assassin,5,2026-02-13T22:10:55-08:00
675,2,0,Assassin,5,2026-02-13T22:10:55-08:00
664,2,0,Contessa,8,2026-02-13T22:10:55-08:00
677,2,0,"Duke,Assassin,Assassin",5,2026-02-13T22:10:55-08:00
678,2,0,Assassin,5,2026-02-13T22:10:55-08:00
676,2,1,Contessa,14,2026-02-13T22:10:55-08:00
679,2,1,"Ambassador,Ambassador",6,2026-02-13T22:10:55-08:00
680,2,1,"Ambassador,Ambassador",6,2026-02-13T22:10:55-08:00
681,2,1,Contessa,4,2026-02-13T22:10:55-08:00
682,2,1,"Captain,Contessa,Duke",1,2026-02-13T22:10:55-08:00
684,2,0,"Ambassador,Assassin",3,2026-02-13T22:10:55-08:00
683,2,1,"Ambassador,Ambassador",6,2026-02-13T22:10:55-08:00
685,2,0,"Ambassador,Assassin",3,2026-02-13T22:10:55-08:00
686,2,0,"Ambassador,Assassin",3,2026-02-13T22:10:55-08:00
687,2,0,"Captain,Ambassador,Assassin",2,2026-02-13T22:10:55-08:00
662,2,0,"Captain,Assassin",2,2026-02-13T22:10:55-08:00
688,2,0,"Duke,Captain",7,2026-02-13T22:10:55-08:00
689,2,1,"Ambassador,Ambassador",6,2026-02-13T22:10:55-08:00
690,2,0,"Duke,Captain",7,2026-02-13T22:10:55-08:00
691,2,0,"Captain,Captain,Contessa",0,2026-02-13T22:10:55-08:00
692,2,0,"Captain,Captain,Contessa",0,2026-02-13T22:10:55-08:00
693,2,1,"Ambassador,Ambassador",6,2026-02-13T22:10:55-08:00
695,2,0,Duke,3,2026-02-13T22:10:55-08:00
697,2,0,Duke,3,2026-02-13T22:10:55-08:00
696,2,1,"Captain,Captain,Captain",8,2026-02-13T22:10:55-08:00
663,2,0,"Captain,Assassin",2,2026-02-13T22:10:55-08:00
698,2,1,"Ambassador,Duke,Ambassador",1,2026-02-13T22:10:55-08:00
699,2,0,"Captain,Duke",8,2026-02-13T22:10:55-08:00
702,2,1,"Ambassador,Duke,Ambassador",1,2026-02-13T22:10:55-08:00
703,2,1,"Assassin,Assassin",4,2026-02-13T22:10:55-08:00
704,2,1,"Duke,Captain,Contessa",5,2026-02-13T22:10:55-08:00
700,2,0,"Captain,Contessa",17,2026-02-13T22:10:55-08:00
701,2,0,"Captain,Contessa",17,2026-02-13T22:10:55-08:00
705,2,0,"Duke,Assassin",14,2026-02-13T22:10:55-08:00
708,2,0,"Duke,Duke",5,2026-02-13T22:10:55-08:00
709,2,1,"Ambassador,Ambassador",6,2026-02-13T22:10:55-08:00
711,2,0,"Duke,Duke",5,2026-02-13T22:10:55-08:00
710,2,0,"Duke,Duke",5,2026-02-13T22:10:55-08:00
707,2,0,"Assassin,Contessa",6,2026-02-13T22:10:55-08:00
706,2,0,"Assassin,Contessa",6,2026-02-13T22:10:55-08:00
712,2,1,Contessa,9,2026-02-13T22:10:55-08:00
713,2,1,"Duke,Contessa,Contessa",3,2026-02-13T22:10:55-08:00
714,2,1,"Duke,Assassin,Contessa,Contessa",1,2026-02-13T22:10:55-08:00
716,2,1,"Ambassador,Ambassador,Ambassador",3,2026-02-13T22:10:55-08:00
715,2,0,"Duke,Captain",6,2026-02-13T22:10:55-08:00
717,2,0,"Duke,Captain",6,2026-02-13T22:10:55-08:00
718,2,1,"Ambassador,Ambassador,Ambassador",3,2026-02-13T22:10:55-08:00
721,2,1,"Duke,Ambassador",4,2026-02-13T22:10:55-08:00
719,2,1,"Assassin,Duke,Contessa",10,2026-02-13T22:10:55-08:00
720,2,0,Contessa,11,2026-02-13T22:10:55-08:00
723,2,0,Contessa,11,2026-02-13T22:10:55-08:00
722,2,0,Contessa,11,2026-02-13T22:10:55-08:00
725,2,1,Duke,2,2026-02-13T22:10:55-08:00
724,2,0,"Assassin,Captain",7,2026-02-13T22:10:55-08:00
727,2,1,"Duke,Captain,Assassin",3,2026-02-13T22:10:55-08:00
728,2,0,"Duke,Assassin,Captain,Assassin",2,2026-02-13T22:10:55-08:00
726,2,1,"Ambassador,Duke,Captain",6,2026-02-13T22:10:55-08:00
729,2,1,"Ambassador,Duke,Captain",6,2026-02-13T22:10:55-08:00
730,2,1,"Ambassador,Duke,Captain",6,2026-02-13T22:10:55-08:00
731,2,1,"Ambassador,Duke,Captain",6,2026-02-13T22:10:55-08:00
732,2,1,"Ambassador,Duke,Captain",6,2026-02-13T22:10:55-08:00
733,2,1,"Captain,Ambassador,Contessa",3,2026-02-13T22:10:55-08:00
735,2,1,"Contessa,Assassin",6,2026-02-13T22:10:55-08:00
736,2,1,"Captain,Contessa,Assassin",3,2026-02-13T22:10:55-08:00
694,2,1,"Captain,Captain,Captain",8,2026-02-13T22:10:55-08:00
739,2,1,"Captain,Contessa,Assassin",3,2026-02-13T22:10:55-08:00
744,2,0,Assassin,3,2026-02-13T22:10:55-08:00
742,2,1,"Duke,Duke",8,2026-02-13T22:10:55-08:00
743,2,1,"Assassin,Ambassador",6,2026-02-13T22:10:55-08:00
738,2,1,"Captain,Contessa,Assassin",3,2026-02-13T22:10:55-08:00
747,2,1,"Duke,Assassin",2,2026-02-13T22:10:55-08:00
746,2,1,"Ambassador,Duke",5,2026-02-13T22:10:55-08:00
745,2,1,"Duke,Duke",8,2026-02-13T22:10:55-08:00
741,2,0,Assassin,19,2026-02-13T22:10:55-08:00
748,2,1,"Ambassador,Duke",5,2026-02-13T22:10:55-08:00
750,2,0,"Duke,Duke",1,2026-02-13T22:10:55-08:00
749,2,0,"Contessa,Assassin",5,2026-02-13T22:10:55-08:00
753,2,1,"Duke,Assassin",2,2026-02-13T22:10:55-08:00
752,2,1,"Ambassador,Assassin",4,2026-02-13T22:10:55-08:00
754,2,0,"Contessa,Assassin",3,2026-02-13T22:10:55-08:00
755,2,1,"Duke,Assassin,Duke",3,2026-02-13T22:10:55-08:00
751,2,0,Assassin,14,2026-02-13T22:10:55-08:00
756,2,0,"Contessa,Assassin",3,2026-02-13T22:10:55-08:00
740,2,0,Assassin,3,2026-02-13T22:10:55-08:00
737,2,1,"Captain,Contessa,Assassin",3,2026-02-13T22:10:55-08:00
761,2,1,"Duke,Assassin,Duke",3,2026-02-13T22:10:55-08:00
760,2,0,"Captain,Captain,Assassin",0,2026-02-13T22:10:55-08:00
759,2,1,"Duke,Assassin,Duke",5,2026-02-13T22:10:55-08:00
758,2,0,"Duke,Duke",4,2026-02-13T22:10:55-08:00
734,2,1,"Captain,Contessa,Assassin",3,2026-02-13T22:10:55-08:00
762,2,1,"Assassin,Captain,Assassin",3,2026-02-13T22:10:55-08:00
764,2,1,"Contessa,Contessa",5,2026-02-13T22:10:55-08:00
763,2,1,"Contessa,Contessa",5,2026-02-13T22:10:55-08:00
766,2,1,"Assassin,Captain,Assassin",3,2026-02-13T22:10:55-08:00
765,2,1,"Duke,Assassin",6,2026-02-13T22:10:55-08:00
767,2,1,"Duke,Contessa,Captain",4,2026-02-13T22:10:55-08:00
768,2,0,"Duke,Captain",2,2026-02-13T22:10:55-08:00
769,2,0,"Duke,Captain",2,2026-02-13T22:10:55-08:00
771,2,0,"Duke,Captain",2,2026-02-13T22:10:55-08:00
772,2,1,"Duke,Assassin",6,2026-02-13T22:10:55-08:00
773,2,1,"Assassin,Contessa,Captain",7,2026-02-13T22:10:55-08:00
774,2,0,"Duke,Captain,Ambassador",4,2026-02-13T22:10:55-08:00
770,2,0,"Captain,Ambassador",16,2026-02-13T22:10:55-08:00
757,2,1,"Captain,Duke",8,2026-02-13T22:10:55-08:00
775,2,1,"Assassin,Contessa,Captain",7,2026-02-13T22:10:55-08:00
777,2,0,"Ambassador,Captain,Ambassador",1,2026-02-13T22:10:55-08:00
776,2,1,"Assassin,Contessa,Captain",7,2026-02-13T22:10:55-08:00
779,2,0,"Assassin,Contessa",2,2026-02-13T22:10:55-08:00
778,2,1,Ambassador,10,2026-02-13T22:10:55-08:00
780,2,1,"Ambassador,Duke,Ambassador",4,2026-02-13T22:10:55-08:00
782,2,1,"Captain,Assassin,Captain",3,2026-02-13T22:10:55-08:00
781,2,0,Contessa,11,2026-02-13T22:10:55-08:00
786,2,0,"Contessa,Duke",2,2026-02-13T22:10:55-08:00
783,2,1,Duke,15,2026-02-13T22:10:55-08:00
785,2,1,"Ambassador,Duke,Ambassador",4,2026-02-13T22:10:55-08:00
788,2,1,"Ambassador,Contessa",2,2026-02-13T22:10:55-08:00
787,2,0,"Captain,Captain,Contessa",3,2026-02-13T22:10:55-08:00
784,2,1,"Duke,Contessa",14,2026-02-13T22:10:55-08:00
790,2,0,Ambassador,5,2026-02-13T22:10:55-08:00
792,2,0,"Captain,Captain,Contessa",3,2026-02-13T22:10:55-08:00
789,2,1,"Duke,Contessa",14,2026-02-13T22:10:55-08:00
791,2,0,"Contessa,Captain,Captain,Captain",4,2026-02-13T22:10:55-08:00
794,2,1,"Duke,Assassin",8,2026-02-13T22:10:55-08:00
795,2,1,"Assassin,Assassin",5,2026-02-13T22:10:55-08:00
793,2,1,"Duke,Assassin",8,2026-02-13T22:10:55-08:00
800,2,1,"Ambassador,Duke,Contessa",4,2026-02-13T22:10:55-08:00
799,2,0,"Contessa,Duke,Duke",6,2026-02-13T22:10:55-08:00
805,2,1,"Assassin,Ambassador",3,2026-02-13T22:10:55-08:00
806,2,0,"Duke,Contessa",7,2026-02-13T22:10:55-08:00
807,2,0,"Ambassador,Assassin,Captain",4,2026-02-13T22:10:55-08:00
808,2,0,"Captain,Ambassador",3,2026-02-13T22:10:55-08:00
809,2,0,"Ambassador,Ambassador,Assassin,Assassin",4,2026-02-13T22:10:55-08:00
810,2,0,"Captain,Assassin",2,2026-02-13T22:10:55-08:00
796,2,1,"Duke,Assassin",8,2026-02-13T22:10:55-08:00
797,2,1,Captain,6,2026-02-13T22:10:55-08:00
811,2,0,"Ambassador,Ambassador,Ambassador,Duke",2,2026-02-13T22:10:55-08:00
803,2,1,"Assassin,Ambassador",3,2026-02-13T22:10:55-08:00
812,2,0,"Ambassador,Ambassador,Ambassador,Duke",2,2026-02-13T22:10:55-08:00
813,2,0,"Ambassador,Ambassador,Assassin,Assassin",4,2026-02-13T22:10:55-08:00
814,2,1,"Duke,Captain",6,2026-02-13T22:10:55-08:00
815,2,0,Ambassador,7,2026-02-13T22:10:55-08:00
817,2,0,"Assassin,Captain,Contessa",1,2026-02-13T22:10:55-08:00
816,2,1,Assassin,9,2026-02-13T22:10:55-08:00
819,2,1,"Captain,Duke,Contessa",4,2026-02-13T22:10:55-08:00
818,2,1,"Assassin,Ambassador",4,2026-02-13T22:10:55-08:00
820,2,1,"Contessa,Duke",10,2026-02-13T22:10:55-08:00
823,2,0,"Assassin,Ambassador",5,2026-02-13T22:10:55-08:00
822,2,0,"Ambassador,Assassin",6,2026-02-13T22:10:55-08:00
798,2,0,"Ambassador,Captain,Captain",7,2026-02-13T22:10:55-08:00
821,2,0,Captain,8,2026-02-13T22:10:55-08:00
824,2,0,Captain,8,2026-02-13T22:10:55-08:00
825,2,1,Captain,10,2026-02-13T22:10:55-08:00
826,2,1,Ambassador,7,2026-02-13T22:10:55-08:00
827,2,1,"Contessa,Contessa,Ambassador,Ambassador",3,2026-02-13T22:10:55-08:00
831,2,0,"Ambassador,Assassin,Assassin",1,2026-02-13T22:10:55-08:00
828,2,1,Captain,10,2026-02-13T22:10:55-08:00
829,2,1,"Contessa,Contessa,Ambassador,Ambassador",3,2026-02-13T22:10:55-08:00
830,2,0,Assassin,5,2026-02-13T22:10:55-08:00
802,2,1,"Contessa,Assassin",10,2026-02-13T22:10:55-08:00
832,2,1,"Duke,Ambassador",4,2026-02-13T22:10:55-08:00
835,2,0,"Ambassador,Assassin,Assassin",1,2026-02-13T22:10:55-08:00
836,2,0,"Duke,Captain,Assassin",2,2026-02-13T22:10:55-08:00
833,2,1,"Ambassador,Captain,Duke",7,2026-02-13T22:10:55-08:00
834,2,1,"Ambassador,Captain,Duke",7,2026-02-13T22:10:55-08:00
837,2,0,"Duke,Captain,Assassin",2,2026-02-13T22:10:55-08:00
839,2,0,"Contessa,Captain",4,2026-02-13T22:10:55-08:00
838,2,0,"Ambassador,Duke,Contessa",3,2026-02-13T22:10:55-08:00
840,2,1,"Duke,Assassin,Captain",5,2026-02-13T22:10:55-08:00
841,2,0,Assassin,7,2026-02-13T22:10:55-08:00
801,2,1,"Assassin,Captain",4,2026-02-13T22:10:55-08:00
804,2,0,Duke,11,2026-02-13T22:10:55-08:00
844,2,1,"Ambassador,Duke",1,2026-02-13T22:10:55-08:00
842,2,0,"Duke,Captain,Assassin",2,2026-02-13T22:10:55-08:00
843,2,1,"Ambassador,Captain",4,2026-02-13T22:10:55-08:00
846,2,0,"Captain,Duke,Duke",6,2026-02-13T22:10:55-08:00
845,2,1,"Duke,Assassin,Captain",5,2026-02-13T22:10:55-08:00
847,2,1,"Ambassador,Captain",4,2026-02-13T22:10:55-08:00
848,2,0,"Captain,Contessa,Contessa",5,2026-02-13T22:10:55-08:00
849,2,1,"Duke,Contessa",8,2026-02-13T22:10:55-08:00
850,2,1,"Ambassador,Duke",1,2026-02-13T22:10:55-08:00
851,2,1,"Ambassador,Duke",1,2026-02-13T22:10:55-08:00
853,2,0,"Duke,Assassin,Contessa",1,2026-02-13T22:10:55-08:00
852,2,1,"Duke,Contessa",8,2026-02-13T22:10:55-08:00
854,2,1,"Assassin,Duke",5,2026-02-13T22:10:55-08:00
855,2,1,"Assassin,Duke",5,2026-02-13T22:10:55-08:00
856,2,1,"Captain,Duke,Assassin",2,2026-02-13T22:10:55-08:00
858,2,0,"Contessa,Assassin,Captain",6,2026-02-13T22:10:55-08:00
857,2,1,"Contessa,Assassin,Ambassador,Assassin",5,2026-02-13T22:10:55-08:00
860,2,0,"Ambassador,Assassin",3,2026-02-13T22:10:55-08:00
859,2,0,"Contessa,Assassin,Captain",6,2026-02-13T22:10:55-08:00
861,2,1,"Captain,Duke,Assassin",2,2026-02-13T22:10:55-08:00
864,2,0,"Duke,Assassin,Assassin",3,2026-02-13T22:10:55-08:00
863,2,1,"Captain,Duke,Assassin",2,2026-02-13T22:10:55-08:00
862,2,0,"Duke,Duke",4,2026-02-13T22:10:55-08:00
866,2,1,"Ambassador,Captain",4,2026-02-13T22:10:55-08:00
865,2,0,"Ambassador,Assassin",3,2026-02-13T22:10:55-08:00
867,2,0,"Ambassador,Assassin",3,2026-02-13T22:10:55-08:00
868,2,0,"Duke,Assassin,Ambassador",2,2026-02-13T22:10:55-08:00
869,2,0,"Duke,Ambassador,Contessa",2,2026-02-13T22:10:55-08:00
870,2,1,"Assassin,Contessa",4,2026-02-13T22:10:55-08:00
871,2,0,"Duke,Assassin,Assassin",3,2026-02-13T22:10:55-08:00
873,2,0,"Duke,Assassin",2,2026-02-13T22:10:55-08:00
872,2,0,"Assassin,Assassin",6,2026-02-13T22:10:55-08:00
874,2,0,"Duke,Ambassador,Contessa",2,2026-02-13T22:10:55-08:00
875,2,0,"Captain,Assassin",5,2026-02-13T22:10:55-08:00
876,2,1,Captain,10,2026-02-13T22:10:55-08:00
878,2,0,"Duke,Assassin",2,2026-02-13T22:10:55-08:00
879,2,0,"Duke,Ambassador",2,2026-02-13T22:10:55-08:00
877,2,1,Captain,10,2026-02-13T22:10:55-08:00
886,2,1,Assassin,6,2026-02-13T22:10:55-08:00
887,2,0,"Captain,Assassin,Contessa",4,2026-02-13T22:10:55-08:00
888,2,0,"Ambassador,Captain,Captain,Captain",2,2026-02-13T22:10:55-08:00
882,2,1,Assassin,6,2026-02-13T22:10:55-08:00
880,2,1,"Assassin,Captain,Duke",4,2026-02-13T22:10:55-08:00
884,2,0,"Captain,Assassin",7,2026-02-13T22:10:55-08:00
889,2,0,"Captain,Duke",3,2026-02-13T22:10:55-08:00
890,2,0,"Contessa,Assassin",4,2026-02-13T22:10:55-08:00
892,2,1,"Assassin,Captain,Contessa",1,2026-02-13T22:10:55-08:00
891,2,0,"Captain,Duke",3,2026-02-13T22:10:55-08:00
893,2,1,"Duke,Assassin,Contessa",5,2026-02-13T22:10:55-08:00
895,2,0,"Captain,Duke",3,2026-02-13T22:10:55-08:00
896,2,1,"Ambassador,Contessa",4,2026-02-13T22:10:55-08:00
894,2,1,"Ambassador,Ambassador",12,2026-02-13T22:10:55-08:00
897,2,1,"Duke,Assassin,Assassin",7,2026-02-13T22:10:55-08:00
898,2,1,"Ambassador,Contessa",4,2026-02-13T22:10:55-08:00
899,2,1,"Assassin,Captain,Contessa",1,2026-02-13T22:10:55-08:00
900,2,0,"Ambassador,Ambassador",5,2026-02-13T22:10:55-08:00
902,2,1,"Captain,Captain,Captain",3,2026-02-13T22:10:55-08:00
903,2,0,"Duke,Assassin,Assassin",5,2026-02-13T22:10:55-08:00
901,2,0,"Ambassador,Ambassador",5,2026-02-13T22:10:55-08:00
885,2,1,"Assassin,Captain,Duke",4,2026-02-13T22:10:55-08:00
904,2,0,"Duke,Duke,Ambassador",3,2026-02-13T22:10:55-08:00
905,2,1,"Ambassador,Duke",2,2026-02-13T22:10:55-08:00
910,2,0,"Ambassador,Duke",5,2026-02-13T22:10:55-08:00
911,2,0,"Assassin,Assassin",10,2026-02-13T22:10:55-08:00
912,2,1,"Ambassador,Duke",2,2026-02-13T22:10:55-08:00
881,2,1,Ambassador,7,2026-02-13T22:10:55-08:00
914,2,0,"Ambassador,Duke,Assassin,Contessa",6,2026-02-13T22:10:55-08:00
913,2,0,"Captain,Assassin,Ambassador",10,2026-02-13T22:10:55-08:00
915,2,0,"Contessa,Assassin",3,2026-02-13T22:10:55-08:00
916,2,0,"Contessa,Assassin",3,2026-02-13T22:10:55-08:00
917,2,0,"Contessa,Ambassador,Duke,Duke",7,2026-02-13T22:10:55-08:00
918,2,0,Captain,12,2026-02-13T22:10:55-08:00
919,2,0,Captain,12,2026-02-13T22:10:55-08:00
920,2,0,"Duke,Duke",4,2026-02-13T22:10:55-08:00
921,2,0,"Duke,Captain",4,2026-02-13T22:10:55-08:00
922,2,0,"Duke,Captain",4,2026-02-13T22:10:55-08:00
923,2,1,"Duke,Duke",2,2026-02-13T22:10:55-08:00
924,2,1,Duke,4,2026-02-13T22:10:55-08:00
883,2,1,Assassin,6,2026-02-13T22:10:55-08:00
926,2,1,"Duke,Ambassador",2,2026-02-13T22:10:55-08:00
925,2,1,Duke,4,2026-02-13T22:10:55-08:00
908,2,0,"Ambassador,Duke,Assassin,Contessa",6,2026-02-13T22:10:55-08:00
909,2,0,"Ambassador,Assassin",7,2026-02-13T22:10:55-08:00
906,2,0,"Ambassador,Duke",5,2026-02-13T22:10:55-08:00
907,2,1,"Ambassador,Duke",2,2026-02-13T22:10:55-08:00
929,2,0,"Contessa,Duke",1,2026-02-13T22:10:55-08:00
927,2,0,"Duke,Duke",4,2026-02-13T22:10:55-08:00
928,2,1,"Ambassador,Duke",7,2026-02-13T22:10:55-08:00
931,2,0,"Contessa,Duke",1,2026-02-13T22:10:55-08:00
930,2,0,"Duke,Duke",7,2026-02-13T22:10:55-08:00
932,2,0,"Ambassador,Ambassador,Duke",1,2026-02-13T22:10:55-08:00
933,2,0,"Duke,Assassin,Captain,Contessa",2,2026-02-13T22:10:55-08:00
934,2,1,"Ambassador,Duke",4,2026-02-13T22:10:55-08:00
935,2,0,"Duke,Captain,Duke",6,2026-02-13T22:10:55-08:00
937,2,0,"Duke,Assassin,Captain,Contessa",2,2026-02-13T22:10:55-08:00
938,2,1,"Assassin,Ambassador",2,2026-02-13T22:10:55-08:00
939,2,0,"Duke,Assassin,Contessa",5,2026-02-13T22:10:55-08:00
936,2,0,"Assassin,Contessa",14,2026-02-13T22:10:55-08:00
943,2,1,"Duke,Duke",3,2026-02-13T22:10:55-08:00
941,2,1,"Contessa,Ambassador",3,2026-02-13T22:10:55-08:00
942,2,1,"Contessa,Ambassador",3,2026-02-13T22:10:55-08:00
940,2,0,"Assassin,Contessa",14,2026-02-13T22:10:55-08:00
944,2,1,"Captain,Assassin,Duke",5,2026-02-13T22:10:55-08:00
950,2,1,"Ambassador,Contessa",8,2026-02-13T22:10:55-08:00
949,2,1,"Duke,Duke",11,2026-02-13T22:10:55-08:00
951,2,0,Ambassador,5,2026-02-13T22:10:55-08:00
946,2,1,"Contessa,Captain",4,2026-02-13T22:10:55-08:00
947,2,0,Ambassador,5,2026-02-13T22:10:55-08:00
952,2,1,"Duke,Captain,Assassin,Contessa",5,2026-02-13T22:10:55-08:00
953,2,1,Assassin,6,2026-02-13T22:10:55-08:00
956,2,1,"Captain,Contessa,Ambassador,Captain",2,2026-02-13T22:10:55-08:00
954,2,0,"Assassin,Duke,Assassin",10,2026-02-13T22:10:55-08:00
958,2,0,"Ambassador,Captain",7,2026-02-13T22:10:55-08:00
955,2,1,Assassin,6,2026-02-13T22:10:55-08:00
957,2,0,"Assassin,Contessa,Captain",8,2026-02-13T22:10:55-08:00
962,2,0,"Assassin,Contessa",8,2026-02-13T22:10:55-08:00
963,2,1,"Captain,Contessa,Ambassador,Captain",2,2026-02-13T22:10:55-08:00
961,2,1,"Assassin,Captain",8,2026-02-13T22:10:55-08:00
964,2,0,"Assassin,Contessa",8,2026-02-13T22:10:55-08:00
959,2,0,"Assassin,Contessa,Captain",8,2026-02-13T22:10:55-08:00
960,2,0,"Assassin,Duke",10,2026-02-13T22:10:55-08:00
965,2,1,"Duke,Captain,Ambassador",3,2026-02-13T22:10:55-08:00
945,2,1,"Ambassador,Assassin",1,2026-02-13T22:10:55-08:00
967,2,1,"Duke,Assassin,Captain",3,2026-02-13T22:10:55-08:00
968,2,1,"Captain,Contessa",2,2026-02-13T22:10:55-08:00
970,2,1,"Duke,Captain,Ambassador",3,2026-02-13T22:10:55-08:00
972,2,1,"Assassin,Captain",4,2026-02-13T22:10:55-08:00
975,2,0,"Captain,Assassin,Contessa",2,2026-02-13T22:10:55-08:00
974,2,0,"Captain,Assassin,Contessa",2,2026-02-13T22:10:55-08:00
966,2,1,"Assassin,Captain",8,2026-02-13T22:10:55-08:00
978,2,1,"Ambassador,Contessa",2,2026-02-13T22:10:55-08:00
976,2,1,Ambassador,5,2026-02-13T22:10:55-08:00
948,2,0,Ambassador,5,2026-02-13T22:10:55-08:00
979,2,1,"Assassin,Captain",4,2026-02-13T22:10:55-08:00
980,2,0,Assassin,5,2026-02-13T22:10:55-08:00
981,2,1,"Duke,Ambassador",7,2026-02-13T22:10:55-08:00
982,2,0,"Ambassador,Duke",3,2026-02-13T22:10:55-08:00
969,2,1,"Ambassador,Duke",8,2026-02-13T22:10:55-08:00
983,2,1,Ambassador,5,2026-02-13T22:10:55-08:00
986,2,0,"Ambassador,Duke,Assassin",1,2026-02-13T22:10:55-08:00
984,2,1,"Duke,Duke,Duke",8,2026-02-13T22:10:55-08:00
985,2,0,"Ambassador,Ambassador",5,2026-02-13T22:10:55-08:00
990,2,0,"Ambassador,Ambassador",5,2026-02-13T22:10:55-08:00
988,2,1,"Duke,Ambassador",7,2026-02-13T22:10:55-08:00
987,2,0,"Assassin,Assassin",10,2026-02-13T22:10:55-08:00
991,2,0,"Ambassador,Ambassador,Assassin",2,2026-02-13T22:10:55-08:00
989,2,0,"Ambassador,Ambassador",5,2026-02-13T22:10:55-08:00
992,2,0,"Captain,Assassin",6,2026-02-13T22:10:55-08:00
995,2,1,"Duke,Ambassador",7,2026-02-13T22:10:55-08:00
993,2,0,"Assassin,Assassin",10,2026-02-13T22:10:55-08:00
994,2,0,Assassin,3,2026-02-13T22:10:55-08:00
973,2,1,Captain,4,2026-02-13T22:10:55-08:00
997,2,0,"Captain,Duke,Captain,Contessa",2,2026-02-13T22:10:55-08:00
996,2,0,"Captain,Duke,Captain,Contessa",2,2026-02-13T22:10:55-08:00
998,2,1,"Duke,Duke,Assassin",1,2026-02-13T22:10:55-08:00
1001,2,1,"Duke,Duke,Assassin",1,2026-02-13T22:10:55-08:00
1002,2,0,"Assassin,Duke,Contessa",1,2026-02-13T22:10:55-08:00
1003,2,0,"Ambassador,Assassin,Assassin",2,2026-02-13T22:10:55-08:00
971,2,0,"Captain,Assassin,Contessa",2,2026-02-13T22:10:55-08:00
1004,2,1,"Duke,Assassin",10,2026-02-13T22:10:55-08:00
1005,2,1,"Duke,Assassin,Ambassador,Ambassador",7,2026-02-13T22:10:55-08:00
1006,2,0,"Assassin,Duke",2,2026-02-13T22:10:55-08:00
999,2,0,"Captain,Duke,Captain,Contessa",2,2026-02-13T22:10:55-08:00
1007,2,1,Ambassador,6,2026-02-13T22:10:55-08:00
1010,2,1,"Ambassador,Contessa,Assassin",6,2026-02-13T22:10:55-08:00
1008,2,1,Assassin,14,2026-02-13T22:10:55-08:00
1013,2,1,"Captain,Contessa,Captain",3,2026-02-13T22:10:55-08:00
1012,2,0,"Assassin,Ambassador",8,2026-02-13T22:10:55-08:00
1009,2,1,Assassin,14,2026-02-13T22:10:55-08:00
1011,2,1,Assassin,14,2026-02-13T22:10:55-08:00
1016,2,1,"Duke,Captain,Duke",2,2026-02-13T22:10:55-08:00
1015,2,0,"Ambassador,Duke,Ambassador,Duke",4,2026-02-13T22:10:55-08:00
1014,2,0,"Ambassador,Assassin,Ambassador",10,2026-02-13T22:10:55-08:00
1018,2,1,"Ambassador,Ambassador",2,2026-02-13T22:10:55-08:00
1017,2,1,"Ambassador,Contessa,Assassin",6,2026-02-13T22:10:55-08:00
1021,2,0,"Duke,Ambassador",3,2026-02-13T22:10:55-08:00
1019,2,0,"Ambassador,Assassin,Ambassador",10,2026-02-13T22:10:55-08:00
1020,2,1,Duke,2,2026-02-13T22:10:55-08:00
1022,2,0,Captain,7,2026-02-13T22:10:55-08:00
1024,2,0,"Duke,Captain,Captain,Captain",2,2026-02-13T22:10:55-08:00
1023,2,1,"Captain,Duke",9,2026-02-13T22:10:55-08:00
1026,2,1,"Ambassador,Ambassador,Duke",2,2026-02-13T22:10:55-08:00
1027,2,0,"Ambassador,Contessa",5,2026-02-13T22:10:55-08:00
1025,2,0,"Ambassador,Contessa",5,2026-02-13T22:10:55-08:00
977,2,0,"Duke,Captain,Contessa",4,2026-02-13T22:10:55-08:00
1028,2,0,"Captain,Contessa",3,2026-02-13T22:10:55-08:00
1029,2,0,"Contessa,Captain,Assassin",2,2026-02-13T22:10:55-08:00
1031,2,0,"Assassin,Captain,Captain",3,2026-02-13T22:10:55-08:00
1030,2,0,"Contessa,Ambassador",7,2026-02-13T22:10:55-08:00
1038,2,1,"Captain,Duke,Ambassador",6,2026-02-13T22:10:55-08:00
1037,2,1,"Ambassador,Ambassador",16,2026-02-13T22:10:55-08:00
1034,2,1,"Ambassador,Duke",2,2026-02-13T22:10:55-08:00
1035,2,1,"Ambassador,Captain,Captain",4,2026-02-13T22:10:55-08:00
1036,2,1,"Assassin,Duke,Duke",8,2026-02-13T22:10:55-08:00
1039,2,1,"Ambassador,Ambassador",16,2026-02-13T22:10:55-08:00
1040,2,0,"Ambassador,Assassin",8,2026-02-13T22:10:55-08:00
1033,2,1,"Assassin,Captain",7,2026-02-13T22:10:55-08:00
1032,2,0,"Contessa,Ambassador",7,2026-02-13T22:10:55-08:00
1041,2,1,"Captain,Duke,Ambassador",6,2026-02-13T22:10:55-08:00
1042,2,0,"Ambassador,Contessa",5,2026-02-13T22:10:55-08:00
1045,2,1,"Duke,Duke",2,2026-02-13T22:10:55-08:00
1043,2,0,"Ambassador,Assassin",8,2026-02-13T22:10:55-08:00
1046,2,0,"Assassin,Captain,Assassin",3,2026-02-13T22:10:55-08:00
1047,2,0,"Contessa,Duke",5,2026-02-13T22:10:55-08:00
1044,2,1,Captain,9,2026-02-13T22:10:55-08:00
1049,2,0,"Assassin,Captain,Assassin",3,2026-02-13T22:10:55-08:00
1048,2,0,"Contessa,Duke",5,2026-02-13T22:10:55-08:00
1050,2,0,"Assassin,Duke",3,2026-02-13T22:10:55-08:00
1051,2,0,"Assassin,Captain,Assassin",3,2026-02-13T22:10:55-08:00
1053,2,1,"Duke,Assassin,Ambassador",2,2026-02-13T22:10:55-08:00
1052,2,0,"Captain,Assassin",3,2026-02-13T22:10:55-08:00
1000,2,0,"Ambassador,Assassin,Assassin",2,2026-02-13T22:10:55-08:00
1054,2,1,Contessa,8,2026-02-13T22:10:55-08:00
1062,2,0,"Ambassador,Duke,Ambassador",3,2026-02-13T22:10:55-08:00
1058,2,0,"Ambassador,Duke,Assassin",2,2026-02-13T22:10:55-08:00
1060,2,0,"Ambassador,Ambassador",4,2026-02-13T22:10:55-08:00
1063,2,1,"Contessa,Contessa",4,2026-02-13T22:10:55-08:00
1061,2,0,"Ambassador,Ambassador",4,2026-02-13T22:10:55-08:00
1064,2,1,"Contessa,Contessa",4,2026-02-13T22:10:55-08:00
1059,2,0,"Ambassador,Duke,Assassin",2,2026-02-13T22:10:55-08:00
1056,2,1,"Assassin,Assassin",11,2026-02-13T22:10:55-08:00
1057,2,0,Assassin,8,2026-02-13T22:10:55-08:00
1065,2,1,"Assassin,Contessa",7,2026-02-13T22:10:55-08:00
1067,2,1,"Duke,Assassin,Duke",7,2026-02-13T22:10:55-08:00
1069,2,0,"Contessa,Assassin",3,2026-02-13T22:10:55-08:00
1066,2,1,"Assassin,Contessa",7,2026-02-13T22:10:55-08:00
1074,2,0,"Contessa,Duke,Captain",1,2026-02-13T22:10:55-08:00
1055,2,0,"Captain,Assassin",3,2026-02-13T22:10:55-08:00
1075,2,0,Captain,12,2026-02-13T22:10:55-08:00
1072,2,1,"Duke,Captain,Duke",10,2026-02-13T22:10:55-08:00
1077,2,0,"Duke,Captain",8,2026-02-13T22:10:55-08:00
1076,2,0,"Assassin,Captain",10,2026-02-13T22:10:55-08:00
1070,2,0,"Contessa,Assassin",3,2026-02-13T22:10:55-08:00
1079,2,1,"Captain,Captain,Contessa",1,2026-02-13T22:10:55-08:00
1078,2,0,"Duke,Captain",8,2026-02-13T22:10:55-08:00
1068,2,0,"Contessa,Assassin",3,2026-02-13T22:10:55-08:00
1071,2,0,"Ambassador,Assassin",3,2026-02-13T22:10:55-08:00
1080,2,0,"Duke,Duke,Duke,Contessa",4,2026-02-13T22:10:55-08:00
1073,2,1,"Duke,Captain,Duke",10,2026-02-13T22:10:55-08:00
1082,2,1,"Captain,Assassin",4,2026-02-13T22:10:55-08:00
1081,2,0,"Duke,Duke,Duke,Contessa",4,2026-02-13T22:10:55-08:00
1083,2,1,"Captain,Ambassador",2,2026-02-13T22:10:55-08:00
1086,2,1,"Captain,Captain,Contessa",1,2026-02-13T22:10:55-08:00
1084,2,0,"Duke,Duke",3,2026-02-13T22:10:55-08:00
1085,2,1,"Captain,Assassin",4,2026-02-13T22:10:55-08:00
1090,2,1,"Duke,Assassin",1,2026-02-13T22:10:55-08:00
1092,2,1,"Captain,Assassin,Duke,Ambassador",7,2026-02-13T22:10:55-08:00
1088,2,1,"Captain,Assassin",6,2026-02-13T22:10:55-08:00
1093,2,1,Captain,10,2026-02-13T22:10:55-08:00
1089,2,0,"Duke,Duke",3,2026-02-13T22:10:55-08:00
1096,2,1,"Duke,Captain,Duke",2,2026-02-13T22:10:55-08:00
1094,2,0,"Contessa,Assassin,Captain",4,2026-02-13T22:10:55-08:00
1095,2,0,"Contessa,Assassin,Captain",4,2026-02-13T22:10:55-08:00
1087,2,0,Captain,7,2026-02-13T22:10:55-08:00
1097,2,0,"Duke,Contessa,Captain",7,2026-02-13T22:10:55-08:00
1100,2,1,"Captain,Ambassador",8,2026-02-13T22:10:55-08:00
1102,2,1,"Captain,Ambassador",8,2026-02-13T22:10:55-08:00
1101,2,1,"Captain,Ambassador",8,2026-02-13T22:10:55-08:00
1091,2,0,"Contessa,Assassin,Captain",4,2026-02-13T22:10:55-08:00
1099,2,0,Duke,13,2026-02-13T22:10:55-08:00
1108,2,0,"Captain,Assassin",3,2026-02-13T22:10:55-08:00
1105,2,0,"Ambassador,Captain,Contessa",6,2026-02-13T22:10:55-08:00
1106,2,1,"Duke,Contessa,Assassin",2,2026-02-13T22:10:55-08:00
1098,2,0,Duke,13,2026-02-13T22:10:55-08:00
1109,2,0,"Ambassador,Captain,Contessa",6,2026-02-13T22:10:55-08:00
1110,2,0,"Captain,Duke,Assassin,Contessa",1,2026-02-13T22:10:55-08:00
1111,2,1,"Assassin,Ambassador,Ambassador,Ambassador",1,2026-02-13T22:10:55-08:00
1112,2,0,"Captain,Assassin",3,2026-02-13T22:10:55-08:00
1113,2,0,"Captain,Assassin",3,2026-02-13T22:10:55-08:00
1114,2,0,"Captain,Assassin",3,2026-02-13T22:10:55-08:00
1115,2,0,"Captain,Assassin,Assassin",0,2026-02-13T22:10:55-08:00
1107,2,0,Ambassador,20,2026-02-13T22:10:55-08:00
1104,2,0,"Ambassador,Captain,Contessa",6,2026-02-13T22:10:55-08:00
1103,2,0,"Duke,Contessa,Captain",7,2026-02-13T22:10:55-08:00
1118,2,0,"Duke,Assassin",6,2026-02-13T22:10:55-08:00
1122,2,1,"Assassin,Duke",3,2026-02-13T22:10:55-08:00
1121,2,0,"Assassin,Captain,Contessa",2,2026-02-13T22:10:55-08:00
1120,2,1,"Duke,Ambassador",5,2026-02-13T22:10:55-08:00
1119,2,0,"Duke,Assassin",6,2026-02-13T22:10:55-08:00
1123,2,0,"Duke,Duke",3,2026-02-13T22:10:55-08:00
1124,2,1,"Duke,Captain",2,2026-02-13T22:10:55-08:00
1125,2,1,Ambassador,8,2026-02-13T22:10:55-08:00
1126,2,0,"Contessa,Duke",2,2026-02-13T22:10:55-08:00
1127,2,1,"Duke,Assassin,Ambassador",4,2026-02-13T22:10:55-08:00
1116,2,1,"Contessa,Duke",2,2026-02-13T22:10:55-08:00
1117,2,0,"Duke,Assassin",6,2026-02-13T22:10:55-08:00
1129,2,0,"Assassin,Assassin",7,2026-02-13T22:10:55-08:00
1134,2,1,Contessa,4,2026-02-13T22:10:55-08:00
1131,2,0,"Ambassador,Captain,Ambassador",8,2026-02-13T22:10:55-08:00
1132,2,1,Captain,8,2026-02-13T22:10:55-08:00
1135,2,0,"Assassin,Duke,Assassin",2,2026-02-13T22:10:55-08:00
1133,2,0,Captain,12,2026-02-13T22:10:55-08:00
1137,2,1,"Ambassador,Contessa",4,2026-02-13T22:10:55-08:00
1128,2,0,"Assassin,Assassin",7,2026-02-13T22:10:55-08:00
1130,2,0,"Duke,Ambassador,Duke",6,2026-02-13T22:10:55-08:00
1138,2,1,"Contessa,Ambassador,Contessa",3,2026-02-13T22:10:55-08:00
1139,2,1,"Captain,Captain",7,2026-02-13T22:10:55-08:00
1136,2,1,Captain,8,2026-02-13T22:10:55-08:00
1143,2,1,"Contessa,Ambassador,Contessa",3,2026-02-13T22:10:55-08:00
1144,2,0,"Assassin,Assassin",2,2026-02-13T22:10:55-08:00
1141,2,0,"Ambassador,Captain",2,2026-02-13T22:10:55-08:00
1142,2,0,Assassin,11,2026-02-13T22:10:55-08:00
1145,2,0,Assassin,5,2026-02-13T22:10:55-08:00
1140,2,1,"Captain,Captain",7,2026-02-13T22:10:55-08:00
1150,2,0,Assassin,9,2026-02-13T22:10:55-08:00
1147,2,0,Assassin,11,2026-02-13T22:10:55-08:00
1148,2,1,"Duke,Duke",9,2026-02-13T22:10:55-08:00
1151,2,1,"Ambassador,Duke",9,2026-02-13T22:10:55-08:00
1154,2,0,Ambassador,3,2026-02-13T22:10:55-08:00
1153,2,1,"Ambassador,Duke",9,2026-02-13T22:10:55-08:00
1155,2,0,"Contessa,Assassin",6,2026-02-13T22:10:55-08:00
1149,2,0,Assassin,5,2026-02-13T22:10:55-08:00
1146,2,1,"Assassin,Assassin",12,2026-02-13T22:10:55-08:00
1152,2,0,Ambassador,3,2026-02-13T22:10:55-08:00
1161,2,0,"Assassin,Ambassador,Duke,Duke",2,2026-02-13T22:10:55-08:00
1158,2,0,"Ambassador,Ambassador,Duke",1,2026-02-13T22:10:55-08:00
1163,2,0,"Duke,Duke,Duke",1,2026-02-13T22:10:55-08:00
1157,2,1,"Ambassador,Ambassador,Ambassador,Captain",5,2026-02-13T22:10:55-08:00
1160,2,1,"Ambassador,Duke",8,2026-02-13T22:10:55-08:00
1156,2,0,Assassin,9,2026-02-13T22:10:55-08:00
1165,2,1,"Duke,Assassin",2,2026-02-13T22:10:55-08:00
1164,2,0,Duke,3,2026-02-13T22:10:55-08:00
1166,2,1,"Duke,Assassin",2,2026-02-13T22:10:55-08:00
1167,2,1,"Duke,Assassin",2,2026-02-13T22:10:55-08:00
1159,2,1,"Ambassador,Ambassador,Ambassador,Captain",5,2026-02-13T22:10:55-08:00
1162,2,0,Duke,3,2026-02-13T22:10:55-08:00
1172,2,1,"Ambassador,Captain,Captain,Captain",2,2026-02-13T22:10:55-08:00
1174,2,1,"Assassin,Duke,Contessa",5,2026-02-13T22:10:55-08:00
1176,2,0,"Assassin,Contessa",8,2026-02-13T22:10:55-08:00
1171,2,0,"Assassin,Captain",3,2026-02-13T22:10:55-08:00
1169,2,0,"Assassin,Captain",3,2026-02-13T22:10:55-08:00
1178,2,0,"Ambassador,Ambassador",5,2026-02-13T22:10:55-08:00
1180,2,0,Ambassador,3,2026-02-13T22:10:55-08:00
1179,2,0,Ambassador,3,2026-02-13T22:10:55-08:00
1173,2,1,"Ambassador,Captain,Captain,Captain",2,2026-02-13T22:10:55-08:00
1181,2,1,"Duke,Captain,Captain",2,2026-02-13T22:10:55-08:00
1182,2,1,"Duke,Ambassador",2,2026-02-13T22:10:55-08:00
1183,2,1,"Assassin,Assassin,Assassin",3,2026-02-13T22:10:55-08:00
1184,2,1,"Duke,Assassin,Ambassador",2,2026-02-13T22:10:55-08:00
1186,2,1,"Duke,Captain,Captain",2,2026-02-13T22:10:55-08:00
1187,2,1,"Duke,Assassin,Ambassador",2,2026-02-13T22:10:55-08:00
1185,2,0,"Contessa,Assassin,Ambassador",6,2026-02-13T22:10:55-08:00
1168,2,0,"Contessa,Duke",9,2026-02-13T22:10:55-08:00
1188,2,0,"Assassin,Ambassador,Assassin",4,2026-02-13T22:10:55-08:00
1189,2,1,"Duke,Captain,Captain",1,2026-02-13T22:10:55-08:00
1191,2,0,"Captain,Assassin,Captain,Captain",2,2026-02-13T22:10:55-08:00
1190,2,0,Contessa,9,2026-02-13T22:10:55-08:00
1192,2,0,Contessa,9,2026-02-13T22:10:55-08:00
1194,2,0,"Captain,Ambassador",5,2026-02-13T22:10:55-08:00
1193,2,1,"Duke,Duke,Captain,Ambassador",6,2026-02-13T22:10:55-08:00
1195,2,0,Assassin,3,2026-02-13T22:10:55-08:00
1197,2,0,"Captain,Assassin,Captain,Captain",2,2026-02-13T22:10:55-08:00
1196,2,1,"Duke,Duke,Captain,Ambassador",6,2026-02-13T22:10:55-08:00
1198,2,0,"Duke,Assassin,Contessa,Ambassador",3,2026-02-13T22:10:55-08:00
1199,2,1,"Contessa,Duke,Captain",1,2026-02-13T22:10:55-08:00
1170,2,1,"Assassin,Duke,Contessa",5,2026-02-13T22:10:55-08:00
1201,2,0,Assassin,3,2026-02-13T22:10:55-08:00
1200,2,0,"Duke,Duke,Duke",7,2026-02-13T22:10:55-08:00
1202,2,1,"Contessa,Duke,Captain",1,2026-02-13T22:10:55-08:00
1203,2,1,"Contessa,Duke,Captain",1,2026-02-13T22:10:55-08:00
1204,2,0,"Assassin,Captain,Duke",4,2026-02-13T22:10:55-08:00
1205,2,0,Assassin,3,2026-02-13T22:10:55-08:00
1208,2,0,"Duke,Ambassador,Assassin",1,2026-02-13T22:10:55-08:00
1206,2,0,"Duke,Duke,Duke",7,2026-02-13T22:10:55-08:00
1207,2,0,"Duke,Captain",5,2026-02-13T22:10:55-08:00
1209,2,0,"Duke,Captain,Assassin",2,2026-02-13T22:10:55-08:00
1210,2,0,"Ambassador,Ambassador",2,2026-02-13T22:10:55-08:00
1211,2,1,"Ambassador,Ambassador,Duke",4,2026-02-13T22:10:55-08:00
1212,2,0,"Duke,Captain,Assassin",2,2026-02-13T22:10:55-08:00
1175,2,0,Assassin,10,2026-02-13T22:10:55-08:00
1213,2,0,"Duke,Captain",5,2026-02-13T22:10:55-08:00
1215,2,1,Ambassador,6,2026-02-13T22:10:55-08:00
1214,2,1,Ambassador,6,2026-02-13T22:10:55-08:00
1216,2,1,"Assassin,Duke",7,2026-02-13T22:10:55-08:00
1217,2,1,Contessa,5,2026-02-13T22:10:55-08:00
1218,2,1,Ambassador,6,2026-02-13T22:10:55-08:00
1220,2,1,Ambassador,6,2026-02-13T22:10:55-08:00
1221,2,0,"Captain,Duke",3,2026-02-13T22:10:55-08:00
1223,2,1,Contessa,5,2026-02-13T22:10:55-08:00
1222,2,0,"Duke,Duke,Assassin",4,2026-02-13T22:10:55-08:00
1219,2,0,"Duke,Captain",7,2026-02-13T22:10:55-08:00
1229,2,1,"Duke,Captain",3,2026-02-13T22:10:55-08:00
1177,2,0,"Ambassador,Duke",8,2026-02-13T22:10:55-08:00
1230,2,0,"Ambassador,Duke,Captain",3,2026-02-13T22:10:55-08:00
1227,2,1,Duke,2,2026-02-13T22:10:55-08:00
1226,2,1,"Ambassador,Captain",2,2026-02-13T22:10:55-08:00
1228,2,0,Ambassador,3,2026-02-13T22:10:55-08:00
1231,2,1,"Contessa,Ambassador",2,2026-02-13T22:10:55-08:00
1233,2,1,"Contessa,Ambassador",2,2026-02-13T22:10:55-08:00
1235,2,1,"Duke,Captain",2,2026-02-13T22:10:55-08:00
1236,2,1,"Contessa,Ambassador",2,2026-02-13T22:10:55-08:00
1234,2,0,"Ambassador,Duke,Captain",3,2026-02-13T22:10:55-08:00
1232,2,1,"Duke,Captain",3,2026-02-13T22:10:55-08:00
1238,2,0,"Captain,Assassin",2,2026-02-13T22:10:55-08:00
1240,2,0,"Ambassador,Captain",2,2026-02-13T22:10:55-08:00
1237,2,0,"Captain,Duke,Contessa",4,2026-02-13T22:10:55-08:00
1241,2,0,"Ambassador,Captain",2,2026-02-13T22:10:55-08:00
1239,2,0,Contessa,10,2026-02-13T22:10:55-08:00
1242,2,0,"Contessa,Captain,Assassin",2,2026-02-13T22:10:55-08:00
1243,2,0,"Contessa,Duke,Duke",1,2026-02-13T22:10:55-08:00
1244,2,0,"Contessa,Captain,Assassin",2,2026-02-13T22:10:55-08:00
1246,2,1,"Assassin,Captain",2,2026-02-13T22:10:55-08:00
1245,2,0,"Duke,Assassin,Contessa",3,2026-02-13T22:10:55-08:00
1224,2,1,"Ambassador,Captain",2,2026-02-13T22:10:55-08:00
1225,2,1,Duke,2,2026-02-13T22:10:55-08:00
1247,2,1,"Ambassador,Assassin",2,2026-02-13T22:10:55-08:00
1248,2,1,Assassin,4,2026-02-13T22:10:55-08:00
1249,2,0,"Duke,Assassin,Contessa",3,2026-02-13T22:10:55-08:00
1250,2,0,"Ambassador,Ambassador,Ambassador",3,2026-02-13T22:10:55-08:00
1254,2,0,"Captain,Ambassador",3,2026-02-13T22:10:55-08:00
1252,2,0,"Ambassador,Ambassador,Ambassador",3,2026-02-13T22:10:55-08:00
1253,2,0,"Captain,Ambassador",3,2026-02-13T22:10:55-08:00
1251,2,1,Captain,8,2026-02-13T22:10:55-08:00
1255,2,1,"Ambassador,Duke,Duke",2,2026-02-13T22:10:55-08:00
1256,2,1,"Duke,Duke,Duke,Assassin",1,2026-02-13T22:10:55-08:00
1257,2,1,"Ambassador,Duke,Duke",2,2026-02-13T22:10:55-08:00
1258,2,1,"Duke,Duke,Duke,Assassin",1,2026-02-13T22:10:55-08:00
1260,2,1,"Assassin,Captain,Assassin",1,2026-02-13T22:10:55-08:00
1259,2,1,"Duke,Duke",7,2026-02-13T22:10:55-08:00
1262,2,1,"Ambassador,Duke,Captain",1,2026-02-13T22:10:55-08:00
1261,2,1,Assassin,10,2026-02-13T22:10:55-08:00
1263,2,1,Assassin,10,2026-02-13T22:10:55-08:00
1270,2,1,"Captain,Assassin,Contessa",3,2026-02-13T22:10:55-08:00
1269,2,0,"Ambassador,Assassin",4,2026-02-13T22:10:55-08:00
1271,2,0,"Captain,Contessa,Duke",4,2026-02-13T22:10:55-08:00
1266,2,1,"Ambassador,Captain,Ambassador",1,2026-02-13T22:10:55-08:00
1268,2,1,"Ambassador,Captain,Ambassador",1,2026-02-13T22:10:55-08:00
1267,2,1,Captain,4,2026-02-13T22:10:55-08:00
1272,2,1,Captain,4,2026-02-13T22:10:55-08:00
1273,2,0,"Contessa,Duke,Contessa",4,2026-02-13T22:10:55-08:00
1275,2,0,"Ambassador,Ambassador,Contessa",1,2026-02-13T22:10:55-08:00
1274,2,1,Captain,4,2026-02-13T22:10:55-08:00
1277,2,0,"Assassin,Captain",4,2026-02-13T22:10:55-08:00
1264,2,1,"Ambassador,Duke,Captain",1,2026-02-13T22:10:55-08:00
1276,2,0,Duke,7,2026-02-13T22:10:55-08:00
1278,2,1,"Captain,Captain",2,2026-02-13T22:10:55-08:00
1279,2,1,Captain,6,2026-02-13T22:10:55-08:00
1280,2,0,"Captain,Ambassador",2,2026-02-13T22:10:55-08:00
1283,2,1,"Ambassador,Captain",2,2026-02-13T22:10:55-08:00
1285,2,1,"Ambassador,Captain",2,2026-02-13T22:10:55-08:00
1284,2,1,Captain,6,2026-02-13T22:10:55-08:00
1282,2,0,"Assassin,Assassin",7,2026-02-13T22:10:55-08:00
1281,2,1,"Captain,Captain",5,2026-02-13T22:10:55-08:00
1287,2,0,"Assassin,Assassin",3,2026-02-13T22:10:55-08:00
1286,2,1,"Contessa,Ambassador",8,2026-02-13T22:10:55-08:00
1288,2,1,"Contessa,Ambassador",8,2026-02-13T22:10:55-08:00
1289,2,0,"Assassin,Assassin",3,2026-02-13T22:10:55-08:00
1293,2,0,"Assassin,Duke,Captain",1,2026-02-13T22:10:55-08:00
1290,2,0,"Contessa,Ambassador",5,2026-02-13T22:10:55-08:00
1294,2,1,"Captain,Captain,Assassin,Duke",2,2026-02-13T22:10:55-08:00
1292,2,1,"Contessa,Ambassador",8,2026-02-13T22:10:55-08:00
1291,2,1,"Contessa,Assassin",12,2026-02-13T22:10:55-08:00
1297,2,1,"Captain,Captain,Assassin,Duke",2,2026-02-13T22:10:55-08:00
1295,2,1,Duke,4,2026-02-13T22:10:55-08:00
1296,2,0,"Contessa,Ambassador",5,2026-02-13T22:10:55-08:00
1298,2,1,"Duke,Contessa,Duke",1,2026-02-13T22:10:55-08:00
1299,2,1,"Duke,Contessa,Duke",1,2026-02-13T22:10:55-08:00
1301,2,0,"Ambassador,Duke,Ambassador",1,2026-02-13T22:10:55-08:00
1300,2,1,"Captain,Captain,Assassin,Duke",2,2026-02-13T22:10:55-08:00
1304,2,1,"Duke,Contessa,Duke",1,2026-02-13T22:10:55-08:00
1303,2,0,"Assassin,Contessa,Assassin,Captain",4,2026-02-13T22:10:55-08:00
1302,2,1,"Duke,Contessa,Duke",1,2026-02-13T22:10:55-08:00
1265,2,0,Captain,5,2026-02-13T22:10:55-08:00
1305,2,1,"Ambassador,Ambassador",7,2026-02-13T22:10:55-08:00
1310,2,1,"Assassin,Duke",2,2026-02-13T22:10:55-08:00
1311,2,1,"Assassin,Duke",2,2026-02-13T22:10:55-08:00
1309,2,0,"Duke,Ambassador,Captain",3,2026-02-13T22:10:55-08:00
1312,2,1,Assassin,4,2026-02-13T22:10:55-08:00
1313,2,0,Assassin,5,2026-02-13T22:10:55-08:00
1316,2,1,Assassin,4,2026-02-13T22:10:55-08:00
1315,2,1,"Duke,Captain,Ambassador",6,2026-02-13T22:10:55-08:00
1308,2,0,"Duke,Duke,Contessa",6,2026-02-13T22:10:55-08:00
1319,2,0,Assassin,5,2026-02-13T22:10:55-08:00
1318,2,0,Contessa,22,2026-02-13T22:10:55-08:00
1321,2,1,"Captain,Assassin,Duke",2,2026-02-13T22:10:55-08:00
1320,2,0,"Duke,Assassin",15,2026-02-13T22:10:55-08:00
1314,2,1,"Duke,Captain,Ambassador",6,2026-02-13T22:10:55-08:00
1323,2,0,"Captain,Duke",4,2026-02-13T22:10:55-08:00
1324,2,1,"Ambassador,Assassin",4,2026-02-13T22:10:55-08:00
1322,2,0,"Duke,Assassin",15,2026-02-13T22:10:55-08:00
1325,2,1,"Contessa,Duke",4,2026-02-13T22:10:55-08:00
1326,2,0,"Captain,Duke",4,2026-02-13T22:10:55-08:00
1327,2,0,"Duke,Duke,Captain",5,2026-02-13T22:10:55-08:00
1328,2,1,"Contessa,Duke",4,2026-02-13T22:10:55-08:00
1329,2,0,"Captain,Duke",4,2026-02-13T22:10:55-08:00
1331,2,1,"Captain,Assassin,Ambassador",3,2026-02-13T22:10:55-08:00
1330,2,1,"Duke,Captain,Ambassador,Contessa",5,2026-02-13T22:10:55-08:00
1332,2,1,"Captain,Ambassador",5,2026-02-13T22:10:55-08:00
1334,2,1,"Captain,Assassin,Ambassador",3,2026-02-13T22:10:55-08:00
1333,2,1,"Duke,Captain,Ambassador,Contessa",5,2026-02-13T22:10:55-08:00
1335,2,1,"Captain,Ambassador",5,2026-02-13T22:10:55-08:00
1338,2,1,"Captain,Ambassador",5,2026-02-13T22:10:55-08:00
1339,2,1,"Captain,Ambassador",5,2026-02-13T22:10:55-08:00
1317,2,1,"Assassin,Contessa",4,2026-02-13T22:10:55-08:00
1340,2,0,Assassin,12,2026-02-13T22:10:55-08:00
1341,2,1,"Duke,Duke",2,2026-02-13T22:10:55-08:00
1336,2,1,"Captain,Ambassador",5,2026-02-13T22:10:55-08:00
1342,2,1,"Duke,Duke",2,2026-02-13T22:10:55-08:00
1343,2,1,Contessa,7,2026-02-13T22:10:55-08:00
1345,2,1,Contessa,2,2026-02-13T22:10:55-08:00
1344,2,1,Contessa,7,2026-02-13T22:10:55-08:00
1346,2,1,"Captain,Assassin",6,2026-02-13T22:10:55-08:00
1347,2,1,"Duke,Contessa",7,2026-02-13T22:10:55-08:00
1351,2,0,Ambassador,3,2026-02-13T22:10:55-08:00
1350,2,0,Ambassador,3,2026-02-13T22:10:55-08:00
1349,2,1,"Ambassador,Ambassador",2,2026-02-13T22:10:55-08:00
1337,2,0,Assassin,12,2026-02-13T22:10:55-08:00
1348,2,0,"Ambassador,Captain,Ambassador",3,2026-02-13T22:10:55-08:00
1307,2,0,Contessa,9,2026-02-13T22:10:55-08:00
1352,2,1,"Contessa,Duke,Assassin",3,2026-02-13T22:10:55-08:00
1354,2,1,"Duke,Duke,Captain,Assassin",3,2026-02-13T22:10:55-08:00
1355,2,1,"Duke,Ambassador,Assassin",2,2026-02-13T22:10:55-08:00
1356,2,1,"Assassin,Duke,Duke",2,2026-02-13T22:10:55-08:00
1357,2,1,"Captain,Duke,Duke,Duke",4,2026-02-13T22:10:55-08:00
1358,2,0,"Ambassador,Contessa,Captain",5,2026-02-13T22:10:55-08:00
1353,2,1,"Duke,Ambassador,Assassin",2,2026-02-13T22:10:55-08:00
1359,2,1,Ambassador,2,2026-02-13T22:10:55-08:00
1362,2,1,"Duke,Assassin,Contessa",4,2026-02-13T22:10:55-08:00
1363,2,0,"Contessa,Ambassador",2,2026-02-13T22:10:55-08:00
1361,2,1,"Captain,Duke,Duke,Duke",4,2026-02-13T22:10:55-08:00
1364,2,1,"Duke,Assassin",2,2026-02-13T22:10:55-08:00
1366,2,1,"Duke,Assassin",2,2026-02-13T22:10:55-08:00
1368,2,1,"Captain,Duke",2,2026-02-13T22:10:55-08:00
1360,2,0,Captain,7,2026-02-13T22:10:55-08:00
1367,2,0,"Captain,Contessa",5,2026-02-13T22:10:55-08:00
1370,2,0,"Duke,Contessa",3,2026-02-13T22:10:55-08:00
1365,2,0,"Contessa,Ambassador",2,2026-02-13T22:10:55-08:00
1369,2,0,"Duke,Assassin,Captain,Captain",7,2026-02-13T22:10:55-08:00
1371,2,1,Ambassador,7,2026-02-13T22:10:55-08:00
1374,2,0,"Contessa,Duke,Contessa",7,2026-02-13T22:10:55-08:00
1376,2,0,"Contessa,Captain",4,2026-02-13T22:10:55-08:00
1372,2,1,"Assassin,Duke",9,2026-02-13T22:10:55-08:00
1375,2,1,"Assassin,Duke",9,2026-02-13T22:10:55-08:00
1373,2,1,"Assassin,Duke",9,2026-02-13T22:10:55-08:00
1379,2,0,"Contessa,Captain",4,2026-02-13T22:10:55-08:00
1382,2,0,"Contessa,Duke,Captain",5,2026-02-13T22:10:55-08:00
1381,2,0,Duke,7,2026-02-13T22:10:55-08:00
1380,2,0,Assassin,7,2026-02-13T22:10:55-08:00
1377,2,1,"Contessa,Ambassador,Ambassador",3,2026-02-13T22:10:55-08:00
1378,2,1,"Ambassador,Ambassador",8,2026-02-13T22:10:55-08:00
1385,2,1,"Ambassador,Duke",2,2026-02-13T22:10:55-08:00
1383,2,1,"Ambassador,Duke",2,2026-02-13T22:10:55-08:00
1388,2,0,"Duke,Assassin,Duke,Assassin",2,2026-02-13T22:10:55-08:00
1386,2,1,"Ambassador,Duke,Duke",4,2026-02-13T22:10:55-08:00
1389,2,0,Assassin,3,2026-02-13T22:10:55-08:00
1387,2,1,"Captain,Contessa,Ambassador",7,2026-02-13T22:10:55-08:00
1391,2,0,Contessa,3,2026-02-13T22:10:55-08:00
1392,2,1,"Contessa,Captain,Assassin",6,2026-02-13T22:10:55-08:00
1390,2,0,Ambassador,7,2026-02-13T22:10:55-08:00
1394,2,1,"Duke,Ambassador,Assassin",2,2026-02-13T22:10:55-08:00
1393,2,0,"Contessa,Captain",3,2026-02-13T22:10:55-08:00
1395,2,0,"Contessa,Captain",3,2026-02-13T22:10:55-08:00
1397,2,0,"Contessa,Captain",3,2026-02-13T22:10:55-08:00
1396,2,0,Contessa,5,2026-02-13T22:10:55-08:00
1384,2,0,"Contessa,Duke,Captain",5,2026-02-13T22:10:55-08:00
1399,2,0,"Contessa,Duke",6,2026-02-13T22:10:55-08:00
1398,2,0,Contessa,5,2026-02-13T22:10:55-08:00
1401,2,1,Ambassador,2,2026-02-13T22:10:55-08:00
1405,2,0,"Assassin,Duke,Duke",3,2026-02-13T22:10:55-08:00
1407,2,1,Captain,4,2026-02-13T22:10:55-08:00
1403,2,1,"Captain,Contessa",2,2026-02-13T22:10:55-08:00
1404,2,1,Ambassador,2,2026-02-13T22:10:55-08:00
1406,2,0,"Captain,Captain",12,2026-02-13T22:10:55-08:00
1306,2,1,"Ambassador,Ambassador",7,2026-02-13T22:10:55-08:00
1408,2,1,"Captain,Contessa,Contessa,Captain",9,2026-02-13T22:10:55-08:00
1409,2,0,"Assassin,Duke,Duke",3,2026-02-13T22:10:55-08:00
1412,2,0,Ambassador,13,2026-02-13T22:10:55-08:00
1411,2,1,"Assassin,Duke",6,2026-02-13T22:10:55-08:00
1414,2,1,"Assassin,Captain",4,2026-02-13T22:10:55-08:00
1415,2,0,Contessa,12,2026-02-13T22:10:55-08:00
1400,2,0,"Captain,Contessa,Ambassador",6,2026-02-13T22:10:55-08:00
1417,2,0,"Ambassador,Duke,Captain,Ambassador",6,2026-02-13T22:10:55-08:00
1420,2,1,Captain,2,2026-02-13T22:10:55-08:00
1419,2,0,"Assassin,Contessa",5,2026-02-13T22:10:55-08:00
1418,2,1,Captain,2,2026-02-13T22:10:55-08:00
1421,2,1,"Assassin,Captain",4,2026-02-13T22:10:55-08:00
1422,2,1,"Ambassador,Contessa,Duke",1,2026-02-13T22:10:55-08:00
1423,2,0,"Duke,Duke,Ambassador",2,2026-02-13T22:10:55-08:00
1424,2,0,"Duke,Assassin",4,2026-02-13T22:10:55-08:00
1425,2,1,Captain,2,2026-02-13T22:10:55-08:00
1426,2,0,"Duke,Assassin",4,2026-02-13T22:10:55-08:00
1402,2,1,"Ambassador,Ambassador",17,2026-02-13T22:10:55-08:00
1427,2,0,"Assassin,Captain,Duke",2,2026-02-13T22:10:55-08:00
1429,2,0,"Duke,Captain,Assassin",2,2026-02-13T22:10:55-08:00
1428,2,1,"Captain,Contessa",15,2026-02-13T22:10:55-08:00
1431,2,0,Assassin,3,2026-02-13T22:10:55-08:00
1430,2,1,"Captain,Contessa",15,2026-02-13T22:10:55-08:00
1432,2,1,"Captain,Contessa",15,2026-02-13T22:10:55-08:00
1410,2,0,Ambassador,13,2026-02-13T22:10:55-08:00
1434,2,0,Captain,3,2026-02-13T22:10:55-08:00
1435,2,1,Contessa,3,2026-02-13T22:10:55-08:00
1433,2,1,Assassin,10,2026-02-13T22:10:55-08:00
1436,2,0,Captain,3,2026-02-13T22:10:55-08:00
1437,2,0,"Assassin,Ambassador,Captain",8,2026-02-13T22:10:55-08:00
1440,2,0,Captain,3,2026-02-13T22:10:55-08:00
1439,2,1,"Assassin,Duke,Assassin",5,2026-02-13T22:10:55-08:00
1441,2,0,Captain,3,2026-02-13T22:10:55-08:00
1438,2,1,"Duke,Captain",9,2026-02-13T22:10:55-08:00
1446,2,1,"Assassin,Duke,Assassin",5,2026-02-13T22:10:55-08:00
1447,2,0,"Assassin,Assassin",4,2026-02-13T22:10:55-08:00
1416,2,0,Contessa,12,2026-02-13T22:10:55-08:00
1443,2,1,"Assassin,Duke,Assassin",5,2026-02-13T22:10:55-08:00
1445,2,0,"Captain,Duke,Contessa,Assassin",1,2026-02-13T22:10:55-08:00
1448,2,0,Contessa,7,2026-02-13T22:10:55-08:00
1444,2,0,Captain,11,2026-02-13T22:10:55-08:00
1449,2,1,Captain,12,2026-02-13T22:10:55-08:00
1450,2,0,"Captain,Duke,Contessa,Assassin",1,2026-02-13T22:10:55-08:00
1442,2,0,Assassin,7,2026-02-13T22:10:55-08:00
1451,2,1,"Assassin,Captain",8,2026-02-13T22:10:55-08:00
1454,2,0,"Assassin,Captain,Captain",4,2026-02-13T22:10:55-08:00
1457,2,0,"Duke,Captain",1,2026-02-13T22:10:55-08:00
1455,2,1,Captain,9,2026-02-13T22:10:55-08:00
1456,2,1,"Assassin,Duke,Ambassador",3,2026-02-13T22:10:55-08:00
1452,2,1,Captain,9,2026-02-13T22:10:55-08:00
1453,2,1,Captain,12,2026-02-13T22:10:55-08:00
1413,2,1,"Ambassador,Assassin",8,2026-02-13T22:10:55-08:00
1459,2,1,"Contessa,Contessa,Duke",4,2026-02-13T22:10:55-08:00
1460,2,0,"Assassin,Duke,Ambassador",4,2026-02-13T22:10:55-08:00
1461,2,0,"Assassin,Duke,Ambassador",4,2026-02-13T22:10:55-08:00
1458,2,0,"Assassin,Contessa",12,2026-02-13T22:10:55-08:00
1463,2,1,"Contessa,Assassin",2,2026-02-13T22:10:55-08:00
1462,2,1,"Duke,Ambassador",7,2026-02-13T22:10:55-08:00
1466,2,1,Duke,15,2026-02-13T22:10:55-08:00
1467,2,0,"Duke,Captain,Duke",7,2026-02-13T22:10:55-08:00
1464,2,1,"Duke,Ambassador",7,2026-02-13T22:10:55-08:00
1468,2,0,"Assassin,Ambassador",7,2026-02-13T22:10:55-08:00
1465,2,0,"Captain,Ambassador",6,2026-02-13T22:10:55-08:00
1472,2,0,"Ambassador,Contessa",3,2026-02-13T22:10:55-08:00
1470,2,0,"Captain,Ambassador",6,2026-02-13T22:10:55-08:00
1471,2,1,"Duke,Contessa",8,2026-02-13T22:10:55-08:00
1469,2,0,"Assassin,Ambassador",7,2026-02-13T22:10:55-08:00
1474,2,1,"Captain,Ambassador",4,2026-02-13T22:10:55-08:00
1473,2,1,"Duke,Contessa",8,2026-02-13T22:10:55-08:00
1475,2,0,"Ambassador,Assassin",8,2026-02-13T22:10:55-08:00
1477,2,1,"Captain,Ambassador",4,2026-02-13T22:10:55-08:00
1476,2,1,"Contessa,Ambassador",3,2026-02-13T22:10:55-08:00
1478,2,0,Assassin,7,2026-02-13T22:10:55-08:00
1480,2,0,"Duke,Ambassador",5,2026-02-13T22:10:55-08:00
1479,2,0,"Captain,Assassin",4,2026-02-13T22:10:55-08:00
1483,2,0,"Duke,Ambassador",5,2026-02-13T22:10:55-08:00
1482,2,0,"Assassin,Captain",6,2026-02-13T22:10:55-08:00
1481,2,0,"Ambassador,Assassin",8,2026-02-13T22:10:55-08:00
1487,2,1,"Ambassador,Assassin",1,2026-02-13T22:10:55-08:00
1488,2,1,"Ambassador,Assassin",1,2026-02-13T22:10:55-08:00
1486,2,0,"Assassin,Captain",6,2026-02-13T22:10:55-08:00
1484,2,1,"Ambassador,Assassin",1,2026-02-13T22:10:55-08:00
1485,2,1,"Captain,Assassin",2,2026-02-13T22:10:55-08:00
1489,2,1,"Assassin,Ambassador",2,2026-02-13T22:10:55-08:00
1490,2,1,"Assassin,Duke,Duke",3,2026-02-13T22:10:55-08:00
1493,2,1,"Contessa,Ambassador",1,2026-02-13T22:10:55-08:00
1491,2,0,"Duke,Ambassador",3,2026-02-13T22:10:55-08:00
1492,2,1,"Contessa,Ambassador",1,2026-02-13T22:10:55-08:00
1494,2,1,"Ambassador,Ambassador,Contessa",1,2026-02-13T22:10:55-08:00
1495,2,1,"Duke,Ambassador",7,2026-02-13T22:10:55-08:00
1497,2,1,"Ambassador,Ambassador,Contessa",1,2026-02-13T22:10:55-08:00
1498,2,1,"Duke,Ambassador",7,2026-02-13T22:10:55-08:00
1496,2,0,"Duke,Duke,Ambassador",12,2026-02-13T22:10:55-08:00
1501,2,1,"Assassin,Ambassador",1,2026-02-13T22:10:55-08:00
1499,2,1,"Duke,Ambassador",7,2026-02-13T22:10:55-08:00
1500,2,1,"Captain,Ambassador,Assassin,Assassin",6,2026-02-13T22:10:55-08:00
1502,2,0,"Assassin,Captain,Ambassador",4,2026-02-13T22:10:55-08:00
1503,2,0,"Assassin,Captain,Ambassador",4,2026-02-13T22:10:55-08:00
1505,2,1,"Ambassador,Ambassador",5,2026-02-13T22:10:55-08:00
1506,2,1,"Duke,Assassin,Captain",6,2026-02-13T22:10:55-08:00
1507,2,1,"Duke,Contessa",6,2026-02-13T22:10:55-08:00
1509,2,1,"Assassin,Captain,Assassin",1,2026-02-13T22:10:55-08:00
1504,2,1,"Duke,Assassin,Captain",6,2026-02-13T22:10:55-08:00
1508,2,1,"Duke,Duke,Ambassador",2,2026-02-13T22:10:55-08:00
1510,2,1,"Duke,Ambassador",1,2026-02-13T22:10:55-08:00
1511,2,1,"Ambassador,Ambassador",5,2026-02-13T22:10:55-08:00
1512,2,1,"Assassin,Captain,Captain",7,2026-02-13T22:10:55-08:00
1514,2,1,"Duke,Ambassador",1,2026-02-13T22:10:55-08:00
1515,2,1,"Duke,Ambassador",1,2026-02-13T22:10:55-08:00
1513,2,1,Contessa,9,2026-02-13T22:10:55-08:00
1517,2,1,Captain,4,2026-02-13T22:10:55-08:00
1516,2,1,"Assassin,Captain,Captain",7,2026-02-13T22:10:55-08:00
1518,2,0,"Duke,Contessa,Ambassador",5,2026-02-13T22:10:55-08:00
1519,2,1,"Assassin,Duke",2,2026-02-13T22:10:55-08:00
1520,2,0,"Contessa,Assassin",5,2026-02-13T22:10:55-08:00
1522,2,1,"Assassin,Duke",2,2026-02-13T22:10:55-08:00
1521,2,0,"Contessa,Assassin",5,2026-02-13T22:10:55-08:00
1524,2,0,"Duke,Ambassador,Ambassador",1,2026-02-13T22:10:55-08:00
1525,2,1,"Duke,Ambassador,Captain",2,2026-02-13T22:10:55-08:00
1526,2,1,Duke,4,2026-02-13T22:10:55-08:00
1523,2,1,"Captain,Captain,Assassin",12,2026-02-13T22:10:55-08:00
1528,2,1,Duke,4,2026-02-13T22:10:55-08:00
1527,2,1,"Captain,Captain,Assassin",12,2026-02-13T22:10:55-08:00
1529,2,0,"Ambassador,Ambassador,Duke",5,2026-02-13T22:10:55-08:00
1530,2,0,"Ambassador,Ambassador,Duke",5,2026-02-13T22:10:55-08:00
1531,2,1,Duke,4,2026-02-13T22:10:55-08:00
1535,2,1,"Assassin,Assassin",10,2026-02-13T22:10:55-08:00
1533,2,1,Duke,4,2026-02-13T22:10:55-08:00
1532,2,0,"Ambassador,Ambassador,Duke",5,2026-02-13T22:10:55-08:00
1536,2,1,"Assassin,Assassin",10,2026-02-13T22:10:55-08:00
1534,2,1,"Assassin,Assassin",10,2026-02-13T22:10:55-08:00
1538,2,1,"Duke,Ambassador",2,2026-02-13T22:10:55-08:00
1537,2,1,"Duke,Assassin",14,2026-02-13T22:10:55-08:00
1540,2,1,"Assassin,Contessa,Contessa",2,2026-02-13T22:10:55-08:00
1545,2,1,"Assassin,Captain,Ambassador",1,2026-02-13T22:10:55-08:00
1539,2,1,"Duke,Assassin",14,2026-02-13T22:10:55-08:00
1546,2,0,"Captain,Assassin,Duke",1,2026-02-13T22:10:55-08:00
1544,2,1,"Captain,Contessa,Contessa",6,2026-02-13T22:10:55-08:00
1547,2,0,"Captain,Assassin,Duke",1,2026-02-13T22:10:55-08:00
1548,2,1,"Duke,Duke",2,2026-02-13T22:10:55-08:00
1549,2,0,"Captain,Ambassador,Captain",7,2026-02-13T22:10:55-08:00
1550,2,1,"Contessa,Captain",2,2026-02-13T22:10:55-08:00
1551,2,1,"Assassin,Captain,Ambassador",1,2026-02-13T22:10:55-08:00
1552,2,0,"Captain,Ambassador,Captain",7,2026-02-13T22:10:55-08:00
1541,2,0,"Contessa,Assassin,Ambassador",2,2026-02-13T22:10:55-08:00
1553,2,1,"Contessa,Captain",2,2026-02-13T22:10:55-08:00
1554,2,0,"Ambassador,Ambassador",5,2026-02-13T22:10:55-08:00
1556,2,1,"Contessa,Captain",2,2026-02-13T22:10:55-08:00
1555,2,1,"Ambassador,Duke,Assassin",6,2026-02-13T22:10:55-08:00
1557,2,1,Assassin,7,2026-02-13T22:10:55-08:00
1558,2,0,Duke,9,2026-02-13T22:10:55-08:00
1543,2,1,"Captain,Contessa,Contessa",6,2026-02-13T22:10:55-08:00
1565,2,0,"Captain,Ambassador,Duke",1,2026-02-13T22:10:55-08:00
1564,2,1,"Duke,Contessa",2,2026-02-13T22:10:55-08:00
1542,2,0,"Contessa,Assassin,Ambassador",2,2026-02-13T22:10:55-08:00
1559,2,1,"Ambassador,Assassin",3,2026-02-13T22:10:55-08:00
1563,2,0,"Duke,Contessa",3,2026-02-13T22:10:55-08:00
1566,2,1,"Ambassador,Assassin,Captain",1,2026-02-13T22:10:55-08:00
1568,2,0,"Captain,Ambassador,Duke",1,2026-02-13T22:10:55-08:00
1567,2,1,Assassin,2,2026-02-13T22:10:55-08:00
1570,2,1,"Captain,Assassin",11,2026-02-13T22:10:55-08:00
1571,2,1,"Contessa,Assassin,Contessa,Assassin",2,2026-02-13T22:10:55-08:00
1561,2,1,"Contessa,Duke",2,2026-02-13T22:10:55-08:00
1573,2,1,Captain,9,2026-02-13T22:10:55-08:00
1572,2,1,Captain,9,2026-02-13T22:10:55-08:00
1574,2,1,"Captain,Captain",6,2026-02-13T22:10:55-08:00
1575,2,0,"Assassin,Assassin,Assassin",2,2026-02-13T22:10:55-08:00
1578,2,0,"Assassin,Assassin,Assassin",2,2026-02-13T22:10:55-08:00
1576,2,1,"Contessa,Assassin,Contessa,Assassin",2,2026-02-13T22:10:55-08:00
1569,2,1,"Captain,Assassin",11,2026-02-13T22:10:55-08:00
1579,2,0,"Duke,Contessa,Contessa",4,2026-02-13T22:10:55-08:00
1580,2,1,"Ambassador,Ambassador",4,2026-02-13T22:10:55-08:00
1562,2,1,"Contessa,Duke",2,2026-02-13T22:10:55-08:00
1560,2,0,"Ambassador,Ambassador",5,2026-02-13T22:10:55-08:00
1577,2,0,"Ambassador,Ambassador,Ambassador",3,2026-02-13T22:10:55-08:00
1587,2,1,"Ambassador,Ambassador",4,2026-02-13T22:10:55-08:00
1588,2,0,"Duke,Ambassador,Captain,Captain",4,2026-02-13T22:10:55-08:00
1583,2,1,"Contessa,Contessa,Assassin",5,2026-02-13T22:10:55-08:00
1589,2,0,Captain,7,2026-02-13T22:10:55-08:00
1590,2,1,"Assassin,Captain",4,2026-02-13T22:10:55-08:00
1581,2,1,"Contessa,Contessa,Assassin",5,2026-02-13T22:10:55-08:00
1586,2,1,"Ambassador,Ambassador",4,2026-02-13T22:10:55-08:00
1584,2,1,Contessa,6,2026-02-13T22:10:55-08:00
1592,2,1,Assassin,4,2026-02-13T22:10:55-08:00
1591,2,1,"Assassin,Captain",4,2026-02-13T22:10:55-08:00
1593,2,0,Assassin,3,2026-02-13T22:10:55-08:00
1596,2,0,"Assassin,Assassin,Contessa",4,2026-02-13T22:10:55-08:00
1595,2,0,Assassin,3,2026-02-13T22:10:55-08:00
1594,2,0,"Contessa,Assassin,Ambassador",10,2026-02-13T22:10:55-08:00
1599,2,0,"Assassin,Assassin,Contessa",4,2026-02-13T22:10:55-08:00
1582,2,0,Captain,7,2026-02-13T22:10:55-08:00
1598,2,1,"Ambassador,Assassin",14,2026-02-13T22:10:55-08:00
1601,2,0,"Assassin,Assassin,Contessa",4,2026-02-13T22:10:55-08:00
1602,2,0,"Contessa,Contessa",12,2026-02-13T22:10:55-08:00
1600,2,0,"Contessa,Contessa",12,2026-02-13T22:10:55-08:00
1604,2,0,"Ambassador,Captain,Captain",5,2026-02-13T22:10:55-08:00
1597,2,1,"Assassin,Captain",2,2026-02-13T22:10:55-08:00
1606,2,1,"Contessa,Ambassador",11,2026-02-13T22:10:55-08:00
1603,2,0,"Contessa,Contessa",12,2026-02-13T22:10:55-08:00
1605,2,1,"Contessa,Ambassador",11,2026-02-13T22:10:55-08:00
1608,2,1,"Ambassador,Ambassador,Duke,Duke",1,2026-02-13T22:10:55-08:00
1609,2,1,"Assassin,Duke,Captain",1,2026-02-13T22:10:55-08:00
1611,2,0,"Duke,Captain,Contessa,Ambassador",5,2026-02-13T22:10:55-08:00
1612,2,0,Assassin,4,2026-02-13T22:10:55-08:00
1615,2,0,Captain,3,2026-02-13T22:10:55-08:00
1613,2,0,Assassin,4,2026-02-13T22:10:55-08:00
1610,2,0,"Ambassador,Ambassador",9,2026-02-13T22:10:55-08:00
1616,2,1,"Duke,Captain,Captain,Contessa",3,2026-02-13T22:10:55-08:00
1614,2,1,"Assassin,Assassin",9,2026-02-13T22:10:55-08:00
1607,2,0,"Ambassador,Captain,Captain",5,2026-02-13T22:10:55-08:00
1617,2,1,"Assassin,Assassin",9,2026-02-13T22:10:55-08:00
1618,2,1,"Assassin,Assassin",7,2026-02-13T22:10:55-08:00
1620,2,1,"Assassin,Assassin",9,2026-02-13T22:10:55-08:00
1621,2,0,Captain,3,2026-02-13T22:10:55-08:00
1624,2,0,"Assassin,Ambassador",4,2026-02-13T22:10:55-08:00
1622,2,1,Captain,6,2026-02-13T22:10:55-08:00
1623,2,0,"Assassin,Ambassador",4,2026-02-13T22:10:55-08:00
1626,2,1,Captain,2,2026-02-13T22:10:55-08:00
1625,2,0,"Ambassador,Ambassador,Ambassador",6,2026-02-13T22:10:55-08:00
1628,2,0,Ambassador,3,2026-02-13T22:10:55-08:00
1629,2,0,"Ambassador,Duke",5,2026-02-13T22:10:55-08:00
1627,2,1,Captain,6,2026-02-13T22:10:55-08:00
1619,2,0,Captain,5,2026-02-13T22:10:55-08:00
1630,2,0,Contessa,7,2026-02-13T22:10:55-08:00
1632,2,1,"Ambassador,Captain",4,2026-02-13T22:10:55-08:00
1585,2,1,Contessa,6,2026-02-13T22:10:55-08:00
1631,2,0,Ambassador,3,2026-02-13T22:10:55-08:00
1639,2,0,Ambassador,3,2026-02-13T22:10:55-08:00
1640,2,1,Assassin,6,2026-02-13T22:10:55-08:00
1641,2,0,"Assassin,Captain,Ambassador",2,2026-02-13T22:10:55-08:00
1636,2,1,"Ambassador,Assassin,Ambassador",3,2026-02-13T22:10:55-08:00
1633,2,1,"Duke,Ambassador,Contessa,Contessa",2,2026-02-13T22:10:55-08:00
1635,2,1,"Duke,Ambassador,Contessa,Contessa",2,2026-02-13T22:10:55-08:00
1643,2,0,"Duke,Assassin,Captain,Captain",2,2026-02-13T22:10:55-08:00
1644,2,0,"Assassin,Captain,Ambassador",2,2026-02-13T22:10:55-08:00
1642,2,1,Contessa,18,2026-02-13T22:10:55-08:00
1645,2,0,"Duke,Assassin,Captain,Captain",2,2026-02-13T22:10:55-08:00
1646,2,1,"Duke,Ambassador",4,2026-02-13T22:10:55-08:00
1647,2,1,"Duke,Contessa,Captain",13,2026-02-13T22:10:55-08:00
1649,2,0,"Captain,Contessa",3,2026-02-13T22:10:55-08:00
1648,2,1,"Captain,Ambassador,Duke",5,2026-02-13T22:10:55-08:00
1650,2,1,"Captain,Duke,Duke",6,2026-02-13T22:10:55-08:00
1652,2,0,"Contessa,Contessa",2,2026-02-13T22:10:55-08:00
1651,2,1,"Duke,Contessa,Captain",13,2026-02-13T22:10:55-08:00
1654,2,0,Assassin,5,2026-02-13T22:10:55-08:00
1653,2,1,"Captain,Duke,Duke",6,2026-02-13T22:10:55-08:00
1655,2,0,"Contessa,Assassin,Contessa",2,2026-02-13T22:10:55-08:00
1637,2,1,"Ambassador,Assassin",1,2026-02-13T22:10:55-08:00
1657,2,0,"Contessa,Assassin,Contessa",2,2026-02-13T22:10:55-08:00
1656,2,1,"Contessa,Duke,Duke,Duke",3,2026-02-13T22:10:55-08:00
1658,2,0,Ambassador,3,2026-02-13T22:10:55-08:00
1659,2,1,"Captain,Contessa,Assassin",2,2026-02-13T22:10:55-08:00
1660,2,1,"Duke,Assassin,Captain",2,2026-02-13T22:10:55-08:00
1661,2,0,"Captain,Duke,Captain",4,2026-02-13T22:10:55-08:00
1662,2,1,"Duke,Assassin,Captain",2,2026-02-13T22:10:55-08:00
1664,2,1,Ambassador,6,2026-02-13T22:10:55-08:00
1666,2,0,"Contessa,Duke",9,2026-02-13T22:10:55-08:00
1663,2,1,"Assassin,Captain",13,2026-02-13T22:10:55-08:00
1667,2,1,"Duke,Assassin",4,2026-02-13T22:10:55-08:00
1665,2,0,"Captain,Duke,Captain",4,2026-02-13T22:10:55-08:00
1670,2,0,"Captain,Duke,Ambassador,Ambassador",3,2026-02-13T22:10:55-08:00
1671,2,1,"Contessa,Duke,Captain",1,2026-02-13T22:10:55-08:00
1669,2,1,"Duke,Assassin",4,2026-02-13T22:10:55-08:00
1634,2,1,Assassin,6,2026-02-13T22:10:55-08:00
1676,2,0,"Duke,Assassin,Ambassador,Contessa",2,2026-02-13T22:10:55-08:00
1677,2,1,"Assassin,Ambassador",1,2026-02-13T22:10:55-08:00
1675,2,0,Assassin,3,2026-02-13T22:10:55-08:00
1674,2,0,"Ambassador,Duke,Captain",4,2026-02-13T22:10:55-08:00
1672,2,1,"Contessa,Duke,Captain",1,2026-02-13T22:10:55-08:00
1668,2,0,"Contessa,Duke",9,2026-02-13T22:10:55-08:00
1673,2,0,"Captain,Duke,Ambassador,Ambassador",3,2026-02-13T22:10:55-08:00
1678,2,0,Assassin,3,2026-02-13T22:10:55-08:00
1679,2,0,"Assassin,Contessa",5,2026-02-13T22:10:55-08:00
1680,2,0,"Assassin,Contessa",5,2026-02-13T22:10:55-08:00
1681,2,1,"Ambassador,Ambassador,Duke",5,2026-02-13T22:10:55-08:00
1682,2,0,"Captain,Duke",6,2026-02-13T22:10:55-08:00
1685,2,1,"Assassin,Ambassador",2,2026-02-13T22:10:55-08:00
1683,2,1,"Ambassador,Ambassador,Duke",5,2026-02-13T22:10:55-08:00
1638,2,0,"Assassin,Duke,Duke",8,2026-02-13T22:10:55-08:00
1684,2,1,"Ambassador,Ambassador,Duke",5,2026-02-13T22:10:55-08:00
1686,2,0,"Contessa,Ambassador,Duke",3,2026-02-13T22:10:55-08:00
1687,2,0,"Contessa,Ambassador,Duke",3,2026-02-13T22:10:55-08:00
1690,2,1,Captain,3,2026-02-13T22:10:55-08:00
1689,2,1,"Ambassador,Captain",2,2026-02-13T22:10:55-08:00
1692,2,1,"Ambassador,Captain",2,2026-02-13T22:10:55-08:00
1691,2,1,Ambassador,4,2026-02-13T22:10:55-08:00
1695,2,1,"Assassin,Assassin,Ambassador",3,2026-02-13T22:10:55-08:00
1693,2,1,"Ambassador,Contessa,Captain",4,2026-02-13T22:10:55-08:00
1696,2,1,"Assassin,Assassin,Ambassador",3,2026-02-13T22:10:55-08:00
1694,2,1,"Ambassador,Contessa,Captain",4,2026-02-13T22:10:55-08:00
1698,2,1,"Contessa,Contessa",1,2026-02-13T22:10:55-08:00
1697,2,1,"Assassin,Captain",6,2026-02-13T22:10:55-08:00
1699,2,1,"Contessa,Contessa",1,2026-02-13T22:10:55-08:00
1701,2,1,"Contessa,Contessa",1,2026-02-13T22:10:55-08:00
1704,2,1,"Captain,Contessa",2,2026-02-13T22:10:55-08:00
1702,2,0,"Duke,Captain,Captain",6,2026-02-13T22:10:55-08:00
1703,2,0,"Contessa,Duke,Captain,Captain",5,2026-02-13T22:10:55-08:00
1700,2,0,Ambassador,13,2026-02-13T22:10:55-08:00
1706,2,0,"Ambassador,Duke,Ambassador",1,2026-02-13T22:10:55-08:00
1707,2,1,"Captain,Contessa",2,2026-02-13T22:10:55-08:00
1705,2,0,"Duke,Captain,Captain",6,2026-02-13T22:10:55-08:00
1708,2,1,"Captain,Contessa",2,2026-02-13T22:10:55-08:00
1709,2,1,Captain,9,2026-02-13T22:10:55-08:00
1711,2,0,Ambassador,5,2026-02-13T22:10:55-08:00
1712,2,0,"Contessa,Ambassador",3,2026-02-13T22:10:55-08:00
1710,2,0,Ambassador,8,2026-02-13T22:10:55-08:00
1714,2,1,"Captain,Contessa",5,2026-02-13T22:10:55-08:00
1713,2,0,Ambassador,8,2026-02-13T22:10:55-08:00
1716,2,0,"Contessa,Duke,Ambassador",3,2026-02-13T22:10:55-08:00
1715,2,0,"Contessa,Assassin",4,2026-02-13T22:10:55-08:00
1718,2,0,"Assassin,Captain",9,2026-02-13T22:10:55-08:00
1719,2,0,"Ambassador,Captain,Ambassador",2,2026-02-13T22:10:55-08:00
1717,2,1,"Ambassador,Duke",9,2026-02-13T22:10:55-08:00
1720,2,0,"Contessa,Assassin",4,2026-02-13T22:10:55-08:00
1721,2,1,"Ambassador,Contessa,Ambassador,Duke",2,2026-02-13T22:10:55-08:00
1723,2,0,Assassin,5,2026-02-13T22:10:55-08:00
1722,2,1,Captain,7,2026-02-13T22:10:55-08:00
1724,2,0,Duke,3,2026-02-13T22:10:55-08:00
1727,2,0,Duke,3,2026-02-13T22:10:55-08:00
1725,2,0,"Ambassador,Ambassador,Duke,Assassin",4,2026-02-13T22:10:55-08:00
1726,2,0,"Captain,Contessa,Assassin",1,2026-02-13T22:10:55-08:00
1728,2,0,"Ambassador,Ambassador,Duke,Assassin",4,2026-02-13T22:10:55-08:00
1729,2,0,Assassin,5,2026-02-13T22:10:55-08:00
1688,2,1,"Ambassador,Contessa,Captain",4,2026-02-13T22:10:55-08:00
1730,2,1,Duke,8,2026-02-13T22:10:55-08:00
1733,2,0,"Duke,Captain,Captain",3,2026-02-13T22:10:55-08:00
1734,2,0,"Ambassador,Duke,Captain,Contessa",4,2026-02-13T22:10:55-08:00
1735,2,0,"Contessa,Captain,Assassin",2,2026-02-13T22:10:55-08:00
1736,2,0,"Ambassador,Ambassador,Contessa",3,2026-02-13T22:10:55-08:00
1737,2,1,Ambassador,3,2026-02-13T22:10:55-08:00
1738,2,0,"Captain,Contessa",7,2026-02-13T22:10:55-08:00
1739,2,1,Ambassador,3,2026-02-13T22:10:55-08:00
1731,2,0,Assassin,5,2026-02-13T22:10:55-08:00
1732,2,1,Duke,8,2026-02-13T22:10:55-08:00
1740,2,1,"Contessa,Duke",2,2026-02-13T22:10:55-08:00
1741,2,0,"Assassin,Duke,Captain",1,2026-02-13T22:10:55-08:00
1742,2,0,Ambassador,3,2026-02-13T22:10:55-08:00
1743,2,0,"Assassin,Duke,Captain",1,2026-02-13T22:10:55-08:00
1744,2,0,"Assassin,Duke,Captain",1,2026-02-13T22:10:55-08:00
1745,2,1,"Contessa,Duke",2,2026-02-13T22:10:55-08:00
1746,2,1,"Contessa,Duke",2,2026-02-13T22:10:55-08:00
1747,2,1,"Contessa,Captain",4,2026-02-13T22:10:55-08:00
1748,2,0,Duke,9,2026-02-13T22:10:55-08:00
1751,2,0,Duke,9,2026-02-13T22:10:55-08:00
1749,2,1,"Assassin,Assassin",9,2026-02-13T22:10:55-08:00
1750,2,0,Duke,9,2026-02-13T22:10:55-08:00
1752,2,1,"Contessa,Captain",4,2026-02-13T22:10:55-08:00
1753,2,1,"Contessa,Captain",4,2026-02-13T22:10:55-08:00
1754,2,1,Assassin,9,2026-02-13T22:10:55-08:00
1755,2,0,"Contessa,Captain",10,2026-02-13T22:10:55-08:00
1756,2,1,Assassin,9,2026-02-13T22:10:55-08:00
1758,2,0,"Ambassador,Contessa",3,2026-02-13T22:10:55-08:00
1760,2,1,"Captain,Assassin,Contessa",5,2026-02-13T22:10:55-08:00
1757,2,1,Assassin,9,2026-02-13T22:10:55-08:00
1762,2,1,"Captain,Assassin,Contessa",5,2026-02-13T22:10:55-08:00
1761,2,1,Assassin,10,2026-02-13T22:10:55-08:00
1759,2,1,"Contessa,Ambassador",19,2026-02-13T22:10:55-08:00
1763,2,1,Assassin,11,2026-02-13T22:10:55-08:00
1764,2,1,"Ambassador,Assassin",3,2026-02-13T22:10:55-08:00
1765,2,0,"Duke,Assassin,Contessa",3,2026-02-13T22:10:55-08:00
1766,2,1,"Ambassador,Assassin",3,2026-02-13T22:10:55-08:00
1767,2,0,"Duke,Assassin,Contessa",3,2026-02-13T22:10:55-08:00
1769,2,0,"Duke,Assassin,Contessa",3,2026-02-13T22:10:55-08:00
1772,2,0,"Captain,Captain",2,2026-02-13T22:10:55-08:00
1774,2,0,"Captain,Captain",2,2026-02-13T22:10:55-08:00
1775,2,1,"Contessa,Captain",4,2026-02-13T22:10:55-08:00
1773,2,0,"Duke,Assassin",17,2026-02-13T22:10:55-08:00
1768,2,1,"Contessa,Captain",4,2026-02-13T22:10:55-08:00
1776,2,0,"Captain,Captain",2,2026-02-13T22:10:55-08:00
1770,2,0,"Duke,Assassin,Contessa",3,2026-02-13T22:10:55-08:00
1771,2,0,"Duke,Assassin",17,2026-02-13T22:10:55-08:00
1782,2,0,"Contessa,Ambassador,Captain",5,2026-02-13T22:10:55-08:00
1779,2,1,"Ambassador,Duke",4,2026-02-13T22:10:55-08:00
1784,2,1,Assassin,2,2026-02-13T22:10:55-08:00
1783,2,0,"Contessa,Ambassador,Captain",5,2026-02-13T22:10:55-08:00
1785,2,1,"Ambassador,Captain",5,2026-02-13T22:10:55-08:00
1787,2,0,"Duke,Captain",4,2026-02-13T22:10:55-08:00
1788,2,1,Assassin,2,2026-02-13T22:10:55-08:00
1789,2,1,"Assassin,Duke,Duke",4,2026-02-13T22:10:55-08:00
1786,2,1,Captain,12,2026-02-13T22:10:55-08:00
1778,2,1,"Ambassador,Captain",4,2026-02-13T22:10:55-08:00
1790,2,1,"Contessa,Duke,Assassin",2,2026-02-13T22:10:55-08:00
1791,2,0,"Duke,Captain",4,2026-02-13T22:10:55-08:00
1792,2,0,Assassin,5,2026-02-13T22:10:55-08:00
1793,2,1,"Assassin,Contessa",4,2026-02-13T22:10:55-08:00
1795,2,1,"Contessa,Duke,Ambassador",3,2026-02-13T22:10:55-08:00
1794,2,0,"Ambassador,Captain,Captain",1,2026-02-13T22:10:55-08:00
1796,2,0,"Captain,Assassin",8,2026-02-13T22:10:55-08:00
1798,2,0,"Ambassador,Captain,Captain",1,2026-02-13T22:10:55-08:00
1777,2,0,"Ambassador,Duke,Duke",3,2026-02-13T22:10:55-08:00
1799,2,0,"Captain,Ambassador,Contessa",4,2026-02-13T22:10:55-08:00
1797,2,0,Ambassador,15,2026-02-13T22:10:55-08:00
1802,2,0,"Assassin,Captain,Assassin,Ambassador",4,2026-02-13T22:10:55-08:00
1801,2,0,"Assassin,Captain,Assassin,Ambassador",4,2026-02-13T22:10:55-08:00
1803,2,1,Ambassador,6,2026-02-13T22:10:55-08:00
1804,2,1,Ambassador,6,2026-02-13T22:10:55-08:00
1805,2,1,"Captain,Assassin",8,2026-02-13T22:10:55-08:00
1806,2,1,Contessa,6,2026-02-13T22:10:55-08:00
1800,2,0,"Captain,Ambassador,Contessa",4,2026-02-13T22:10:55-08:00
1780,2,0,"Ambassador,Duke,Duke",3,2026-02-13T22:10:55-08:00
1807,2,0,"Captain,Assassin,Contessa",3,2026-02-13T22:10:55-08:00
1809,2,1,Ambassador,6,2026-02-13T22:10:55-08:00
1808,2,0,Captain,10,2026-02-13T22:10:55-08:00
1810,2,0,"Duke,Contessa,Captain",6,2026-02-13T22:10:55-08:00
1811,2,0,"Duke,Contessa,Captain",6,2026-02-13T22:10:55-08:00
1812,2,0,"Contessa,Contessa",3,2026-02-13T22:10:55-08:00
1813,2,0,"Ambassador,Duke",3,2026-02-13T22:10:55-08:00
1814,2,1,"Contessa,Duke",9,2026-02-13T22:10:55-08:00
1817,2,0,"Contessa,Duke,Duke",4,2026-02-13T22:10:55-08:00
1815,2,1,Contessa,17,2026-02-13T22:10:55-08:00
1816,2,1,Contessa,17,2026-02-13T22:10:55-08:00
1818,2,1,"Duke,Duke",6,2026-02-13T22:10:55-08:00
1781,2,1,"Ambassador,Contessa,Duke",3,2026-02-13T22:10:55-08:00
1825,2,0,Ambassador,3,2026-02-13T22:10:55-08:00
1820,2,0,Ambassador,3,2026-02-13T22:10:55-08:00
1821,2,0,"Contessa,Duke,Duke",4,2026-02-13T22:10:55-08:00
1823,2,1,"Ambassador,Assassin",12,2026-02-13T22:10:55-08:00
1824,2,1,"Ambassador,Assassin",12,2026-02-13T22:10:55-08:00
1819,2,1,"Ambassador,Ambassador",6,2026-02-13T22:10:55-08:00
1829,2,0,Contessa,5,2026-02-13T22:10:55-08:00
1830,2,1,"Contessa,Assassin,Ambassador",5,2026-02-13T22:10:55-08:00
1826,2,0,"Duke,Ambassador,Contessa",8,2026-02-13T22:10:55-08:00
1831,2,1,"Contessa,Assassin,Ambassador",5,2026-02-13T22:10:55-08:00
1832,2,1,"Contessa,Assassin,Ambassador",5,2026-02-13T22:10:55-08:00
1827,2,1,"Ambassador,Assassin",12,2026-02-13T22:10:55-08:00
1828,2,0,"Duke,Ambassador,Contessa",8,2026-02-13T22:10:55-08:00
1833,2,1,"Contessa,Assassin,Ambassador",5,2026-02-13T22:10:55-08:00
1836,2,0,"Captain,Duke,Assassin",3,2026-02-13T22:10:55-08:00
1834,2,0,"Ambassador,Contessa",6,2026-02-13T22:10:55-08:00
1835,2,1,"Captain,Captain,Ambassador",4,2026-02-13T22:10:55-08:00
1837,2,0,"Captain,Duke,Assassin",3,2026-02-13T22:10:55-08:00
1838,2,0,"Ambassador,Contessa",6,2026-02-13T22:10:55-08:00
1839,2,1,"Contessa,Captain,Ambassador,Ambassador",2,2026-02-13T22:10:55-08:00
1822,2,1,"Captain,Contessa,Captain",1,2026-02-13T22:10:55-08:00
1842,2,1,Captain,2,2026-02-13T22:10:55-08:00
1843,2,0,"Captain,Ambassador",2,2026-02-13T22:10:55-08:00
1840,2,1,"Assassin,Duke",7,2026-02-13T22:10:55-08:00
1844,2,1,"Contessa,Captain,Ambassador,Ambassador",2,2026-02-13T22:10:55-08:00
1846,2,1,Ambassador,6,2026-02-13T22:10:55-08:00
1845,2,0,"Assassin,Captain,Contessa",7,2026-02-13T22:10:55-08:00
1849,2,1,Ambassador,4,2026-02-13T22:10:55-08:00
1848,2,1,"Captain,Ambassador",2,2026-02-13T22:10:55-08:00
1850,2,1,Ambassador,4,2026-02-13T22:10:55-08:00
1847,2,1,Ambassador,6,2026-02-13T22:10:55-08:00
1851,2,1,Ambassador,4,2026-02-13T22:10:55-08:00
1852,2,1,"Captain,Duke",3,2026-02-13T22:10:55-08:00
1855,2,1,"Captain,Duke",3,2026-02-13T22:10:55-08:00
1853,2,1,Duke,11,2026-02-13T22:10:55-08:00
1857,2,0,"Duke,Captain,Contessa",6,2026-02-13T22:10:55-08:00
1856,2,0,"Duke,Assassin",10,2026-02-13T22:10:55-08:00
1854,2,1,"Captain,Ambassador,Captain",10,2026-02-13T22:10:55-08:00
1859,2,0,"Contessa,Captain",3,2026-02-13T22:10:55-08:00
1858,2,1,Duke,11,2026-02-13T22:10:55-08:00
1841,2,1,"Contessa,Captain,Ambassador,Ambassador",2,2026-02-13T22:10:55-08:00
1864,2,0,"Contessa,Captain",3,2026-02-13T22:10:55-08:00
1866,2,0,"Contessa,Captain",3,2026-02-13T22:10:55-08:00
1861,2,0,"Contessa,Captain",3,2026-02-13T22:10:55-08:00
1865,2,0,"Captain,Ambassador",10,2026-02-13T22:10:55-08:00
1868,2,0,Captain,6,2026-02-13T22:10:55-08:00
1867,2,0,Captain,6,2026-02-13T22:10:55-08:00
1869,2,0,"Assassin,Contessa",3,2026-02-13T22:10:55-08:00
1871,2,0,"Duke,Contessa,Ambassador",1,2026-02-13T22:10:55-08:00
1870,2,0,Ambassador,5,2026-02-13T22:10:55-08:00
1872,2,0,"Duke,Duke,Captain,Assassin",7,2026-02-13T22:10:55-08:00
1873,2,1,Duke,13,2026-02-13T22:10:55-08:00
1874,2,0,"Duke,Duke,Captain,Assassin",7,2026-02-13T22:10:55-08:00
1875,2,0,Captain,9,2026-02-13T22:10:55-08:00
1877,2,1,"Ambassador,Assassin,Duke",2,2026-02-13T22:10:55-08:00
1879,2,1,"Ambassador,Assassin,Duke",2,2026-02-13T22:10:55-08:00
1876,2,1,"Duke,Duke",10,2026-02-13T22:10:55-08:00
1878,2,1,"Duke,Duke",10,2026-02-13T22:10:55-08:00
1880,2,1,"Contessa,Duke,Ambassador",2,2026-02-13T22:10:55-08:00
1882,2,0,Captain,9,2026-02-13T22:10:55-08:00
1883,2,1,"Contessa,Duke,Captain,Duke",2,2026-02-13T22:10:55-08:00
1881,2,0,"Ambassador,Duke",9,2026-02-13T22:10:55-08:00
1884,2,1,"Contessa,Duke,Ambassador",2,2026-02-13T22:10:55-08:00
1885,2,0,"Captain,Assassin,Captain",4,2026-02-13T22:10:55-08:00
1886,2,0,"Assassin,Duke",6,2026-02-13T22:10:55-08:00
1887,2,0,"Captain,Assassin,Captain",4,2026-02-13T22:10:55-08:00
1888,2,1,"Captain,Captain,Assassin",1,2026-02-13T22:10:55-08:00
1889,2,0,"Captain,Assassin,Captain",4,2026-02-13T22:10:55-08:00
1890,2,0,"Duke,Assassin",4,2026-02-13T22:10:55-08:00
1891,2,0,Captain,5,2026-02-13T22:10:55-08:00
1892,2,0,"Duke,Assassin",4,2026-02-13T22:10:55-08:00
1893,2,1,"Ambassador,Duke,Assassin",6,2026-02-13T22:10:55-08:00
1894,2,0,"Duke,Assassin",4,2026-02-13T22:10:55-08:00
1895,2,0,Duke,5,2026-02-13T22:10:55-08:00
1896,2,0,"Assassin,Captain,Duke",2,2026-02-13T22:10:55-08:00
1898,2,0,"Captain,Duke,Assassin,Duke",2,2026-02-13T22:10:55-08:00
1897,2,0,Duke,5,2026-02-13T22:10:55-08:00
1899,2,0,Duke,5,2026-02-13T22:10:55-08:00
1901,2,0,"Assassin,Contessa",4,2026-02-13T22:10:55-08:00
1900,2,1,Captain,11,2026-02-13T22:10:55-08:00
1902,2,1,"Duke,Contessa",7,2026-02-13T22:10:55-08:00
1904,2,1,Captain,11,2026-02-13T22:10:55-08:00
1863,2,1,"Duke,Assassin",4,2026-02-13T22:10:55-08:00
1903,2,1,"Ambassador,Duke",8,2026-02-13T22:10:55-08:00
1906,2,0,"Duke,Duke",4,2026-02-13T22:10:55-08:00
1905,2,1,"Contessa,Duke,Ambassador",12,2026-02-13T22:10:55-08:00
1862,2,1,"Duke,Contessa",2,2026-02-13T22:10:55-08:00
1907,2,0,"Captain,Contessa",10,2026-02-13T22:10:55-08:00
1860,2,1,"Duke,Assassin",4,2026-02-13T22:10:55-08:00
1912,2,0,"Assassin,Duke,Assassin",2,2026-02-13T22:10:55-08:00
1913,2,0,"Ambassador,Ambassador,Contessa",4,2026-02-13T22:10:55-08:00
1914,2,1,"Ambassador,Contessa",6,2026-02-13T22:10:55-08:00
1909,2,0,Assassin,5,2026-02-13T22:10:55-08:00
1915,2,0,"Ambassador,Ambassador,Contessa",4,2026-02-13T22:10:55-08:00
1916,2,1,"Ambassador,Contessa",6,2026-02-13T22:10:55-08:00
1910,2,1,"Assassin,Ambassador,Captain",1,2026-02-13T22:10:55-08:00
1917,2,0,Contessa,11,2026-02-13T22:10:55-08:00
1918,2,1,Duke,4,2026-02-13T22:10:55-08:00
1920,2,1,"Ambassador,Duke,Contessa,Assassin",2,2026-02-13T22:10:55-08:00
1919,2,1,Duke,4,2026-02-13T22:10:55-08:00
1922,2,1,"Ambassador,Assassin",1,2026-02-13T22:10:55-08:00
1921,2,1,"Assassin,Contessa",4,2026-02-13T22:10:55-08:00
1923,2,0,"Assassin,Ambassador",8,2026-02-13T22:10:55-08:00
1925,2,0,"Assassin,Ambassador",8,2026-02-13T22:10:55-08:00
1926,2,1,"Ambassador,Assassin",1,2026-02-13T22:10:55-08:00
1924,2,0,Captain,6,2026-02-13T22:10:55-08:00
1927,2,0,"Ambassador,Contessa",7,2026-02-13T22:10:55-08:00
1928,2,0,"Contessa,Assassin",7,2026-02-13T22:10:55-08:00
1930,2,1,"Ambassador,Ambassador",2,2026-02-13T22:10:55-08:00
1929,2,0,"Assassin,Assassin,Captain",3,2026-02-13T22:10:55-08:00
1908,2,1,"Captain,Captain",2,2026-02-13T22:10:55-08:00
1931,2,0,"Ambassador,Contessa",7,2026-02-13T22:10:55-08:00
1933,2,0,"Duke,Contessa",5,2026-02-13T22:10:55-08:00
1911,2,1,"Contessa,Ambassador",9,2026-02-13T22:10:55-08:00
1934,2,0,"Assassin,Captain",6,2026-02-13T22:10:55-08:00
1932,2,0,"Duke,Contessa",5,2026-02-13T22:10:55-08:00
1935,2,1,"Duke,Ambassador",4,2026-02-13T22:10:55-08:00
1936,2,0,"Duke,Contessa",5,2026-02-13T22:10:55-08:00
1937,2,0,Captain,7,2026-02-13T22:10:55-08:00
1938,2,1,"Ambassador,Ambassador,Assassin",4,2026-02-13T22:10:55-08:00
1939,2,1,"Ambassador,Ambassador,Assassin",4,2026-02-13T22:10:55-08:00
1940,2,1,"Ambassador,Ambassador,Assassin",4,2026-02-13T22:10:55-08:00
1943,2,1,"Contessa,Duke,Duke",7,2026-02-13T22:10:55-08:00
1942,2,1,"Duke,Duke,Assassin,Captain",6,2026-02-13T22:10:55-08:00
1941,2,1,Contessa,6,2026-02-13T22:10:55-08:00
1944,2,1,Captain,16,2026-02-13T22:10:55-08:00
1945,2,1,Captain,16,2026-02-13T22:10:55-08:00
1946,2,1,Captain,16,2026-02-13T22:10:55-08:00
1947,2,1,Captain,16,2026-02-13T22:10:55-08:00
1948,2,0,"Captain,Captain",13,2026-02-13T22:10:55-08:00
1954,2,1,Captain,8,2026-02-13T22:10:55-08:00
1953,2,1,Captain,8,2026-02-13T22:10:55-08:00
1956,2,1,"Duke,Duke",3,2026-02-13T22:10:55-08:00
1955,2,0,Assassin,13,2026-02-13T22:10:55-08:00
1950,2,0,Ambassador,5,2026-02-13T22:10:55-08:00
1957,2,0,Assassin,13,2026-02-13T22:10:55-08:00
1949,2,0,Ambassador,5,2026-02-13T22:10:55-08:00
1958,2,1,"Contessa,Captain",2,2026-02-13T22:10:55-08:00
1959,2,1,Ambassador,4,2026-02-13T22:10:55-08:00
1960,2,0,"Captain,Contessa",3,2026-02-13T22:10:55-08:00
1961,2,1,"Contessa,Captain",2,2026-02-13T22:10:55-08:00
1962,2,0,"Captain,Contessa",3,2026-02-13T22:10:55-08:00
1964,2,0,Ambassador,5,2026-02-13T22:10:55-08:00
1963,2,0,"Captain,Contessa",3,2026-02-13T22:10:55-08:00
1965,2,0,"Captain,Contessa",3,2026-02-13T22:10:55-08:00
1966,2,0,"Contessa,Captain,Captain,Contessa",5,2026-02-13T22:10:55-08:00
1967,2,0,Ambassador,5,2026-02-13T22:10:55-08:00
1968,2,0,"Contessa,Captain,Captain,Contessa",5,2026-02-13T22:10:55-08:00
1969,2,1,Contessa,8,2026-02-13T22:10:55-08:00
1970,2,1,"Duke,Assassin",3,2026-02-13T22:10:55-08:00
1971,2,0,"Contessa,Captain,Captain,Contessa",5,2026-02-13T22:10:55-08:00
1972,2,0,"Ambassador,Contessa",3,2026-02-13T22:10:55-08:00
1952,2,1,Duke,4,2026-02-13T22:10:55-08:00
1951,2,1,Captain,16,2026-02-13T22:10:55-08:00
1973,2,0,"Duke,Assassin",2,2026-02-13T22:10:55-08:00
1974,2,0,"Contessa,Captain",3,2026-02-13T22:10:55-08:00
1975,2,0,"Contessa,Captain",3,2026-02-13T22:10:55-08:00
1976,2,0,Duke,7,2026-02-13T22:10:55-08:00
1978,2,1,"Ambassador,Ambassador",2,2026-02-13T22:10:55-08:00
1979,2,1,"Contessa,Assassin",2,2026-02-13T22:10:55-08:00
1977,2,1,Duke,14,2026-02-13T22:10:55-08:00
1980,2,1,"Duke,Contessa,Captain",7,2026-02-13T22:10:55-08:00
1981,2,1,"Contessa,Assassin",2,2026-02-13T22:10:55-08:00
1983,2,0,Duke,6,2026-02-13T22:10:55-08:00
1982,2,0,Assassin,3,2026-02-13T22:10:55-08:00
1985,2,1,"Duke,Duke,Captain",3,2026-02-13T22:10:55-08:00
1984,2,1,"Ambassador,Duke",9,2026-02-13T22:10:55-08:00
1988,2,0,"Assassin,Captain",7,2026-02-13T22:10:55-08:00
1987,2,0,Duke,6,2026-02-13T22:10:55-08:00
1986,2,0,"Assassin,Contessa,Ambassador",13,2026-02-13T22:10:55-08:00
1992,2,1,"Captain,Assassin",2,2026-02-13T22:10:55-08:00
1991,2,0,"Duke,Ambassador",3,2026-02-13T22:10:55-08:00
1990,2,0,"Assassin,Contessa,Ambassador",13,2026-02-13T22:10:55-08:00
1993,2,0,"Duke,Ambassador",3,2026-02-13T22:10:55-08:00
1994,2,0,"Contessa,Captain",7,2026-02-13T22:10:55-08:00
1995,2,0,"Duke,Ambassador",3,2026-02-13T22:10:55-08:00
1996,2,0,"Contessa,Captain",7,2026-02-13T22:10:55-08:00
1998,2,1,Contessa,2,2026-02-13T22:10:55-08:00
1999,2,1,"Assassin,Duke",4,2026-02-13T22:10:55-08:00
1989,2,1,"Ambassador,Duke",9,2026-02-13T22:10:55-08:00
2002,3,1,"Ambassador,Ambassador,Duke",6,2026-02-13T22:10:55-08:00
2001,3,0,"Duke,Captain",11,2026-02-13T22:10:55-08:00
2007,3,0,"Duke,Duke",4,2026-02-13T22:10:55-08:00
2006,3,0,"Contessa,Captain,Assassin",18,2026-02-13T22:10:55-08:00
2008,3,0,"Ambassador,Duke,Contessa",12,2026-02-13T22:10:55-08:00
2005,3,1,"Contessa,Assassin,Ambassador,Contessa",8,2026-02-13T22:10:55-08:00
2009,3,1,"Contessa,Assassin,Ambassador,Contessa",8,2026-02-13T22:10:55-08:00
2010,3,1,"Contessa,Assassin,Ambassador,Contessa",8,2026-02-13T22:10:55-08:00
2004,3,0,"Ambassador,Duke,Contessa",12,2026-02-13T22:10:55-08:00
2012,3,1,"Contessa,Contessa",5,2026-02-13T22:10:55-08:00
2011,3,0,"Ambassador,Duke,Captain,Contessa",15,2026-02-13T22:10:55-08:00
2013,3,0,"Ambassador,Duke,Captain,Contessa",15,2026-02-13T22:10:55-08:00
2014,3,0,"Ambassador,Duke,Captain,Contessa",15,2026-02-13T22:10:55-08:00
2015,3,1,"Contessa,Ambassador",13,2026-02-13T22:10:55-08:00
2016,3,1,"Captain,Assassin,Contessa",7,2026-02-13T22:10:55-08:00
2017,3,1,"Ambassador,Duke,Ambassador",7,2026-02-13T22:10:55-08:00
2018,3,1,"Assassin,Ambassador",14,2026-02-13T22:10:55-08:00
2019,3,1,"Assassin,Ambassador",14,2026-02-13T22:10:55-08:00
2022,3,1,"Duke,Duke",11,2026-02-13T22:10:55-08:00
2000,3,0,"Contessa,Captain,Assassin",18,2026-02-13T22:10:55-08:00
2021,3,2,"Contessa,Captain,Ambassador",9,2026-02-13T22:10:55-08:00
2020,3,0,"Duke,Assassin",9,2026-02-13T22:10:55-08:00
2024,3,0,"Captain,Contessa",6,2026-02-13T22:10:55-08:00
2023,3,2,"Contessa,Captain,Ambassador",9,2026-02-13T22:10:55-08:00
2026,3,0,Assassin,6,2026-02-13T22:10:55-08:00
2025,3,2,"Contessa,Captain,Ambassador",9,2026-02-13T22:10:55-08:00
2027,3,2,"Assassin,Captain,Captain,Captain",8,2026-02-13T22:10:55-08:00
2028,3,2,"Assassin,Captain,Captain,Captain",8,2026-02-13T22:10:55-08:00
2033,3,2,"Duke,Assassin",7,2026-02-13T22:10:55-08:00
2029,3,2,Ambassador,16,2026-02-13T22:10:55-08:00
2030,3,1,"Assassin,Ambassador,Ambassador",16,2026-02-13T22:10:55-08:00
2031,3,1,"Assassin,Ambassador",11,2026-02-13T22:10:55-08:00
2032,3,1,"Assassin,Ambassador,Ambassador",16,2026-02-13T22:10:55-08:00
2034,3,2,"Duke,Assassin",7,2026-02-13T22:10:55-08:00
2037,3,2,"Duke,Assassin",7,2026-02-13T22:10:55-08:00
2036,3,1,"Assassin,Ambassador",11,2026-02-13T22:10:55-08:00
2039,3,2,"Duke,Assassin",7,2026-02-13T22:10:55-08:00
2043,3,1,"Assassin,Contessa",8,2026-02-13T22:10:55-08:00
2003,3,1,"Assassin,Duke,Assassin",4,2026-02-13T22:10:55-08:00
1997,2,1,"Captain,Assassin",2,2026-02-13T22:10:55-08:00
2041,3,1,"Assassin,Contessa",8,2026-02-13T22:10:55-08:00
2046,3,2,"Contessa,Assassin,Contessa",5,2026-02-13T22:10:55-08:00
2042,3,0,"Assassin,Ambassador,Contessa",22,2026-02-13T22:10:55-08:00
2045,3,0,"Duke,Assassin,Ambassador,Assassin",9,2026-02-13T22:10:55-08:00
2044,3,0,Assassin,15,2026-02-13T22:10:55-08:00
2049,3,0,"Duke,Assassin,Ambassador,Assassin",9,2026-02-13T22:10:55-08:00
2050,3,2,"Ambassador,Captain,Contessa",2,2026-02-13T22:10:55-08:00
2040,3,2,"Ambassador,Ambassador,Ambassador,Contessa",9,2026-02-13T22:10:55-08:00
2035,3,0,"Assassin,Ambassador,Contessa",22,2026-02-13T22:10:55-08:00
2048,3,0,Ambassador,9,2026-02-13T22:10:55-08:00
2047,3,0,Ambassador,9,2026-02-13T22:10:55-08:00
2052,3,1,"Contessa,Duke,Assassin,Contessa",11,2026-02-13T22:10:55-08:00
2055,3,0,"Duke,Captain,Duke,Contessa",6,2026-02-13T22:10:55-08:00
2051,3,1,"Contessa,Duke,Assassin,Contessa",11,2026-02-13T22:10:55-08:00
2056,3,1,"Captain,Duke,Ambassador,Duke",3,2026-02-13T22:10:55-08:00
2060,3,2,"Captain,Assassin",9,2026-02-13T22:10:55-08:00
2053,3,2,"Contessa,Assassin,Contessa",5,2026-02-13T22:10:55-08:00
2038,3,0,"Duke,Captain,Ambassador,Captain",4,2026-02-13T22:10:55-08:00
2058,3,1,"Captain,Duke,Ambassador,Duke",3,2026-02-13T22:10:55-08:00
2063,3,1,"Contessa,Contessa",13,2026-02-13T22:10:55-08:00
2064,3,2,"Ambassador,Duke",5,2026-02-13T22:10:55-08:00
2059,3,0,"Ambassador,Duke,Contessa",8,2026-02-13T22:10:55-08:00
2066,3,2,"Duke,Assassin,Captain",5,2026-02-13T22:10:55-08:00
2065,3,1,"Duke,Captain,Contessa",5,2026-02-13T22:10:55-08:00
2067,3,0,"Assassin,Duke",18,2026-02-13T22:10:55-08:00
2068,3,0,"Assassin,Assassin",11,2026-02-13T22:10:55-08:00
2054,3,2,"Captain,Assassin",23,2026-02-13T22:10:55-08:00
2069,3,0,"Contessa,Assassin,Duke",9,2026-02-13T22:10:55-08:00
2070,3,2,"Duke,Assassin,Captain",5,2026-02-13T22:10:55-08:00
2071,3,2,"Assassin,Duke",9,2026-02-13T22:10:55-08:00
2072,3,0,"Assassin,Captain,Captain",9,2026-02-13T22:10:55-08:00
2073,3,0,"Assassin,Captain,Captain",9,2026-02-13T22:10:55-08:00
2075,3,0,"Assassin,Assassin",11,2026-02-13T22:10:55-08:00
2076,3,1,"Captain,Assassin,Assassin",4,2026-02-13T22:10:55-08:00
2074,3,2,"Duke,Assassin",16,2026-02-13T22:10:55-08:00
2077,3,1,"Contessa,Ambassador",9,2026-02-13T22:10:55-08:00
2078,3,1,"Contessa,Ambassador",9,2026-02-13T22:10:55-08:00
2079,3,0,"Assassin,Captain,Captain",9,2026-02-13T22:10:55-08:00
2082,3,1,"Ambassador,Ambassador,Duke,Duke",5,2026-02-13T22:10:55-08:00
2080,3,0,Assassin,8,2026-02-13T22:10:55-08:00
2081,3,0,Assassin,8,2026-02-13T22:10:55-08:00
2083,3,1,"Ambassador,Ambassador,Duke,Duke",5,2026-02-13T22:10:55-08:00
2085,3,2,"Ambassador,Ambassador,Ambassador",7,2026-02-13T22:10:55-08:00
2057,3,2,"Captain,Assassin",23,2026-02-13T22:10:55-08:00
2086,3,2,"Ambassador,Ambassador,Duke",20,2026-02-13T22:10:55-08:00
2088,3,2,"Duke,Captain",4,2026-02-13T22:10:55-08:00
2087,3,2,"Duke,Captain",4,2026-02-13T22:10:55-08:00
2090,3,2,"Duke,Captain",4,2026-02-13T22:10:55-08:00
2089,3,2,"Contessa,Duke,Captain",17,2026-02-13T22:10:55-08:00
2091,3,2,Ambassador,9,2026-02-13T22:10:55-08:00
2093,3,1,"Assassin,Duke,Duke",5,2026-02-13T22:10:55-08:00
2092,3,2,"Contessa,Duke,Ambassador",9,2026-02-13T22:10:55-08:00
2094,3,2,"Contessa,Duke,Ambassador",9,2026-02-13T22:10:55-08:00
2061,3,0,Ambassador,18,2026-02-13T22:10:55-08:00
2095,3,2,"Duke,Duke,Assassin",8,2026-02-13T22:10:55-08:00
2096,3,0,"Assassin,Contessa",7,2026-02-13T22:10:55-08:00
2097,3,1,"Duke,Ambassador",10,2026-02-13T22:10:55-08:00
2098,3,1,"Duke,Ambassador",10,2026-02-13T22:10:55-08:00
2102,3,1,"Ambassador,Assassin",5,2026-02-13T22:10:55-08:00
2099,3,2,"Duke,Duke,Assassin",8,2026-02-13T22:10:55-08:00
2101,3,2,Contessa,17,2026-02-13T22:10:55-08:00
2100,3,2,"Duke,Duke,Assassin",8,2026-02-13T22:10:55-08:00
2062,3,0,Ambassador,18,2026-02-13T22:10:55-08:00
2106,3,0,"Assassin,Contessa",15,2026-02-13T22:10:55-08:00
2107,3,0,"Assassin,Assassin",7,2026-02-13T22:10:55-08:00
2103,3,0,"Assassin,Contessa",15,2026-02-13T22:10:55-08:00
2105,3,0,"Assassin,Contessa",15,2026-02-13T22:10:55-08:00
2108,3,0,"Duke,Captain,Duke",21,2026-02-13T22:10:55-08:00
2111,3,2,Assassin,12,2026-02-13T22:10:55-08:00
2113,3,1,"Ambassador,Ambassador",9,2026-02-13T22:10:55-08:00
2112,3,2,Assassin,12,2026-02-13T22:10:55-08:00
2109,3,0,"Duke,Captain,Duke",21,2026-02-13T22:10:55-08:00
2114,3,2,"Ambassador,Duke,Duke,Duke",5,2026-02-13T22:10:55-08:00
2110,3,2,Duke,21,2026-02-13T22:10:55-08:00
2118,3,0,"Ambassador,Ambassador,Ambassador",5,2026-02-13T22:10:55-08:00
2116,3,0,"Captain,Ambassador",8,2026-02-13T22:10:55-08:00
2115,3,1,"Duke,Duke,Captain",11,2026-02-13T22:10:55-08:00
2117,3,0,"Captain,Contessa,Ambassador,Captain",6,2026-02-13T22:10:55-08:00
2119,3,1,"Assassin,Assassin",10,2026-02-13T22:10:55-08:00
2120,3,0,"Captain,Contessa,Ambassador,Captain",6,2026-02-13T22:10:55-08:00
2084,3,1,"Contessa,Ambassador",9,2026-02-13T22:10:55-08:00
2121,3,1,"Duke,Duke,Captain",11,2026-02-13T22:10:55-08:00
2104,3,0,"Assassin,Contessa",15,2026-02-13T22:10:55-08:00
2122,3,0,"Duke,Assassin,Contessa",16,2026-02-13T22:10:55-08:00
2126,3,2,"Assassin,Contessa,Captain",14,2026-02-13T22:10:55-08:00
2127,3,1,"Assassin,Assassin",8,2026-02-13T22:10:55-08:00
2128,3,2,"Assassin,Contessa,Captain",14,2026-02-13T22:10:55-08:00
2124,3,0,"Duke,Assassin,Contessa",16,2026-02-13T22:10:55-08:00
2129,3,1,"Duke,Captain",13,2026-02-13T22:10:55-08:00
2130,3,1,"Duke,Captain",13,2026-02-13T22:10:55-08:00
2132,3,2,"Duke,Captain,Assassin",2,2026-02-13T22:10:55-08:00
2131,3,1,"Duke,Captain",13,2026-02-13T22:10:55-08:00
2133,3,1,"Duke,Captain",13,2026-02-13T22:10:55-08:00
2135,3,2,"Duke,Assassin,Contessa",17,2026-02-13T22:10:55-08:00
2137,3,2,"Assassin,Ambassador,Duke,Ambassador",8,2026-02-13T22:10:55-08:00
2138,3,0,"Duke,Assassin,Duke",9,2026-02-13T22:10:55-08:00
2134,3,0,"Assassin,Captain",20,2026-02-13T22:10:55-08:00
2136,3,2,"Duke,Assassin,Contessa",17,2026-02-13T22:10:55-08:00
2139,3,2,"Duke,Assassin,Contessa",17,2026-02-13T22:10:55-08:00
2141,3,0,"Duke,Assassin,Duke",9,2026-02-13T22:10:55-08:00
2140,3,0,"Duke,Captain",11,2026-02-13T22:10:55-08:00
2142,3,0,"Duke,Captain",11,2026-02-13T22:10:55-08:00
2143,3,0,"Duke,Captain",11,2026-02-13T22:10:55-08:00
2123,3,2,"Assassin,Contessa,Captain",14,2026-02-13T22:10:55-08:00
2125,3,2,"Duke,Captain,Assassin",2,2026-02-13T22:10:55-08:00
2144,3,0,"Duke,Contessa,Assassin",5,2026-02-13T22:10:55-08:00
2145,3,0,"Ambassador,Ambassador",10,2026-02-13T22:10:55-08:00
2147,3,0,"Duke,Contessa,Assassin",5,2026-02-13T22:10:55-08:00
2148,3,1,"Captain,Assassin,Captain,Captain,Ambassador",7,2026-02-13T22:10:55-08:00
2146,3,1,"Ambassador,Assassin",17,2026-02-13T22:10:55-08:00
2149,3,0,"Duke,Captain,Assassin",4,2026-02-13T22:10:55-08:00
2157,3,2,"Duke,Contessa,Duke",6,2026-02-13T22:10:55-08:00
2156,3,1,"Captain,Ambassador",18,2026-02-13T22:10:55-08:00
2158,3,0,"Assassin,Ambassador",4,2026-02-13T22:10:55-08:00
2150,3,0,"Duke,Assassin",3,2026-02-13T22:10:55-08:00
2154,3,1,"Captain,Assassin,Captain,Captain,Ambassador",7,2026-02-13T22:10:55-08:00
2159,3,0,Assassin,10,2026-02-13T22:10:55-08:00
2161,3,0,"Ambassador,Ambassador",6,2026-02-13T22:10:55-08:00
2162,3,1,Captain,8,2026-02-13T22:10:55-08:00
2160,3,2,Duke,26,2026-02-13T22:10:55-08:00
2163,3,0,"Assassin,Captain",15,2026-02-13T22:10:55-08:00
2164,3,1,"Duke,Assassin",14,2026-02-13T22:10:55-08:00
2165,3,1,"Captain,Duke,Ambassador,Contessa",7,2026-02-13T22:10:55-08:00
2166,3,0,"Assassin,Captain",15,2026-02-13T22:10:55-08:00
2168,3,2,"Ambassador,Duke",6,2026-02-13T22:10:55-08:00
2167,3,0,"Captain,Duke,Contessa",11,2026-02-13T22:10:55-08:00
2169,3,1,"Duke,Assassin",14,2026-02-13T22:10:55-08:00
2170,3,0,"Captain,Duke,Contessa",11,2026-02-13T22:10:55-08:00
2171,3,0,"Assassin,Ambassador,Contessa",25,2026-02-13T22:10:55-08:00
2173,3,2,"Ambassador,Duke",6,2026-02-13T22:10:55-08:00
2172,3,0,"Assassin,Ambassador,Contessa",25,2026-02-13T22:10:55-08:00
2174,3,2,"Duke,Duke,Contessa",16,2026-02-13T22:10:55-08:00
2155,3,1,Captain,8,2026-02-13T22:10:55-08:00
2153,3,0,"Assassin,Ambassador",4,2026-02-13T22:10:55-08:00
2178,3,1,"Captain,Duke",9,2026-02-13T22:10:55-08:00
2176,3,1,"Assassin,Duke",10,2026-02-13T22:10:55-08:00
2180,3,0,"Duke,Captain",7,2026-02-13T22:10:55-08:00
2181,3,1,"Captain,Duke,Assassin",7,2026-02-13T22:10:55-08:00
2182,3,0,"Duke,Assassin",4,2026-02-13T22:10:55-08:00
2183,3,1,Duke,5,2026-02-13T22:10:55-08:00
2179,3,0,"Duke,Captain",7,2026-02-13T22:10:55-08:00
2184,3,2,"Duke,Ambassador",11,2026-02-13T22:10:55-08:00
2186,3,1,Ambassador,5,2026-02-13T22:10:55-08:00
2185,3,1,"Assassin,Ambassador,Captain,Ambassador",13,2026-02-13T22:10:55-08:00
2187,3,1,"Duke,Ambassador",13,2026-02-13T22:10:55-08:00
2188,3,1,Duke,5,2026-02-13T22:10:55-08:00
2177,3,1,"Assassin,Duke",10,2026-02-13T22:10:55-08:00
2191,3,0,"Contessa,Captain",5,2026-02-13T22:10:55-08:00
2175,3,2,"Duke,Duke,Contessa",16,2026-02-13T22:10:55-08:00
2189,3,1,"Duke,Contessa,Captain,Captain",21,2026-02-13T22:10:55-08:00
2190,3,1,"Duke,Contessa,Captain,Captain",21,2026-02-13T22:10:55-08:00
2192,3,1,Duke,20,2026-02-13T22:10:55-08:00
2151,3,1,"Captain,Assassin,Captain,Captain,Ambassador",7,2026-02-13T22:10:55-08:00
2152,3,1,"Captain,Assassin,Captain,Captain,Ambassador",7,2026-02-13T22:10:55-08:00
2194,3,0,"Ambassador,Ambassador,Assassin",10,2026-02-13T22:10:55-08:00
2195,3,1,"Duke,Contessa,Captain,Captain",21,2026-02-13T22:10:55-08:00
2193,3,2,Contessa,24,2026-02-13T22:10:55-08:00
2197,3,0,"Contessa,Captain",5,2026-02-13T22:10:55-08:00
2200,3,1,"Assassin,Captain,Assassin",8,2026-02-13T22:10:55-08:00
2202,3,1,"Assassin,Captain,Assassin",8,2026-02-13T22:10:55-08:00
2201,3,0,"Duke,Duke",12,2026-02-13T22:10:55-08:00
2203,3,0,"Duke,Assassin",14,2026-02-13T22:10:55-08:00
2204,3,2,Captain,13,2026-02-13T22:10:55-08:00
2196,3,0,"Assassin,Captain",29,2026-02-13T22:10:55-08:00
2208,3,1,"Duke,Assassin,Duke",7,2026-02-13T22:10:55-08:00
2207,3,2,"Ambassador,Assassin",9,2026-02-13T22:10:55-08:00
2206,3,2,"Assassin,Assassin,Contessa",11,2026-02-13T22:10:55-08:00
2205,3,0,"Duke,Assassin",14,2026-02-13T22:10:55-08:00
2209,3,0,"Duke,Assassin",17,2026-02-13T22:10:55-08:00
2210,3,2,"Assassin,Ambassador,Duke",15,2026-02-13T22:10:55-08:00
2211,3,2,Contessa,8,2026-02-13T22:10:55-08:00
2215,3,0,"Duke,Assassin,Ambassador",18,2026-02-13T22:10:55-08:00
2213,3,2,"Assassin,Ambassador,Duke",15,2026-02-13T22:10:55-08:00
2214,3,0,"Duke,Assassin,Ambassador",18,2026-02-13T22:10:55-08:00
2217,3,1,"Duke,Ambassador,Assassin",7,2026-02-13T22:10:55-08:00
2212,3,2,"Ambassador,Captain",37,2026-02-13T22:10:55-08:00
2218,3,2,"Ambassador,Captain",37,2026-02-13T22:10:55-08:00
2216,3,2,"Ambassador,Captain",37,2026-02-13T22:10:55-08:00
2220,3,0,"Assassin,Captain,Captain",8,2026-02-13T22:10:55-08:00
2198,3,2,"Captain,Duke",12,2026-02-13T22:10:55-08:00
2223,3,0,"Assassin,Assassin",6,2026-02-13T22:10:55-08:00
2199,3,2,"Captain,Duke",12,2026-02-13T22:10:55-08:00
2219,3,2,"Ambassador,Captain",37,2026-02-13T22:10:55-08:00
2225,3,0,"Contessa,Contessa",6,2026-02-13T22:10:55-08:00
2226,3,2,"Assassin,Ambassador",14,2026-02-13T22:10:55-08:00
2227,3,0,"Contessa,Contessa",6,2026-02-13T22:10:55-08:00
2230,3,0,"Captain,Captain,Duke",15,2026-02-13T22:10:55-08:00
2231,3,0,"Ambassador,Ambassador,Duke,Assassin",7,2026-02-13T22:10:55-08:00
2232,3,0,"Captain,Captain,Duke",15,2026-02-13T22:10:55-08:00
2228,3,0,"Captain,Captain,Duke",15,2026-02-13T22:10:55-08:00
2233,3,1,"Contessa,Duke",14,2026-02-13T22:10:55-08:00
2234,3,1,"Assassin,Duke,Assassin",16,2026-02-13T22:10:55-08:00
2235,3,1,"Contessa,Duke",14,2026-02-13T22:10:55-08:00
2238,3,1,"Duke,Duke,Captain",6,2026-02-13T22:10:55-08:00
2237,3,1,"Assassin,Duke,Assassin",16,2026-02-13T22:10:55-08:00
2236,3,2,"Ambassador,Ambassador",32,2026-02-13T22:10:55-08:00
2224,3,2,"Ambassador,Ambassador,Duke",7,2026-02-13T22:10:55-08:00
2239,3,1,"Assassin,Duke,Assassin",16,2026-02-13T22:10:55-08:00
2240,3,0,"Captain,Duke,Captain",7,2026-02-13T22:10:55-08:00
2241,3,1,"Duke,Duke,Captain",6,2026-02-13T22:10:55-08:00
2242,3,2,"Ambassador,Assassin,Assassin",7,2026-02-13T22:10:55-08:00
2243,3,2,"Ambassador,Duke,Assassin",3,2026-02-13T22:10:55-08:00
2244,3,2,"Ambassador,Duke,Assassin",3,2026-02-13T22:10:55-08:00
2245,3,1,"Duke,Contessa,Contessa",10,2026-02-13T22:10:55-08:00
2248,3,0,"Assassin,Duke,Captain",8,2026-02-13T22:10:55-08:00
2247,3,1,"Assassin,Duke,Contessa",13,2026-02-13T22:10:55-08:00
2249,3,0,"Assassin,Duke,Captain",8,2026-02-13T22:10:55-08:00
2246,3,0,"Assassin,Assassin",29,2026-02-13T22:10:55-08:00
2222,3,2,"Ambassador,Ambassador,Duke",7,2026-02-13T22:10:55-08:00
2250,3,1,Ambassador,15,2026-02-13T22:10:55-08:00
2251,3,0,"Assassin,Duke,Ambassador",8,2026-02-13T22:10:55-08:00
2252,3,1,"Contessa,Assassin",7,2026-02-13T22:10:55-08:00
2253,3,2,"Captain,Captain",7,2026-02-13T22:10:55-08:00
2254,3,1,"Contessa,Assassin",7,2026-02-13T22:10:55-08:00
2256,3,2,"Ambassador,Ambassador",7,2026-02-13T22:10:55-08:00
2255,3,0,"Assassin,Contessa,Captain",15,2026-02-13T22:10:55-08:00
2258,3,2,"Contessa,Assassin",5,2026-02-13T22:10:55-08:00
2257,3,0,"Assassin,Contessa,Captain",15,2026-02-13T22:10:55-08:00
2229,3,0,"Ambassador,Ambassador,Ambassador,Duke",12,2026-02-13T22:10:55-08:00
2259,3,0,"Duke,Captain,Captain,Assassin,Captain",3,2026-02-13T22:10:55-08:00
2261,3,1,"Duke,Assassin,Ambassador,Contessa",11,2026-02-13T22:10:55-08:00
2262,3,2,"Contessa,Assassin",5,2026-02-13T22:10:55-08:00
2264,3,2,"Contessa,Assassin",5,2026-02-13T22:10:55-08:00
2265,3,0,Ambassador,6,2026-02-13T22:10:55-08:00
2263,3,0,Ambassador,6,2026-02-13T22:10:55-08:00
2260,3,2,"Contessa,Assassin",5,2026-02-13T22:10:55-08:00
2267,3,0,"Captain,Contessa,Ambassador",3,2026-02-13T22:10:55-08:00
2266,3,0,"Duke,Duke",14,2026-02-13T22:10:55-08:00
2268,3,0,"Contessa,Captain,Captain,Ambassador",10,2026-02-13T22:10:55-08:00
2269,3,1,"Contessa,Assassin,Assassin",10,2026-02-13T22:10:55-08:00
2270,3,1,"Assassin,Captain",20,2026-02-13T22:10:55-08:00
2271,3,1,"Assassin,Contessa,Contessa",13,2026-02-13T22:10:55-08:00
2272,3,0,"Assassin,Duke,Duke",5,2026-02-13T22:10:55-08:00
2273,3,2,"Captain,Ambassador,Contessa",7,2026-02-13T22:10:55-08:00
2221,3,0,"Contessa,Contessa",6,2026-02-13T22:10:55-08:00
2276,3,1,"Ambassador,Ambassador",18,2026-02-13T22:10:55-08:00
2280,3,2,"Ambassador,Ambassador",4,2026-02-13T22:10:55-08:00
2277,3,2,"Contessa,Contessa",20,2026-02-13T22:10:55-08:00
2278,3,1,Assassin,16,2026-02-13T22:10:55-08:00
2279,3,1,"Ambassador,Ambassador",18,2026-02-13T22:10:55-08:00
2274,3,0,"Assassin,Duke,Duke",5,2026-02-13T22:10:55-08:00
2275,3,0,"Contessa,Captain",5,2026-02-13T22:10:55-08:00
2283,3,0,"Duke,Ambassador,Duke,Captain",9,2026-02-13T22:10:55-08:00
2281,3,1,Captain,9,2026-02-13T22:10:55-08:00
2282,3,0,"Captain,Captain,Duke,Ambassador",10,2026-02-13T22:10:55-08:00
2285,3,2,"Ambassador,Duke,Assassin,Contessa",7,2026-02-13T22:10:55-08:00
2286,3,2,Duke,7,2026-02-13T22:10:55-08:00
2284,3,2,Duke,26,2026-02-13T22:10:55-08:00
2287,3,1,Captain,9,2026-02-13T22:10:55-08:00
2288,3,0,Duke,17,2026-02-13T22:10:55-08:00
2289,3,1,"Assassin,Captain,Captain",19,2026-02-13T22:10:55-08:00
2290,3,0,"Assassin,Duke,Assassin,Assassin,Captain",8,2026-02-13T22:10:55-08:00
2292,3,0,"Assassin,Duke,Assassin,Assassin,Captain",8,2026-02-13T22:10:55-08:00
2291,3,1,"Captain,Assassin,Contessa",19,2026-02-13T22:10:55-08:00
2293,3,0,"Assassin,Duke,Assassin,Assassin,Captain",8,2026-02-13T22:10:55-08:00
2294,3,2,"Assassin,Contessa",10,2026-02-13T22:10:55-08:00
2295,3,1,"Ambassador,Duke",8,2026-02-13T22:10:55-08:00
2296,3,1,"Contessa,Ambassador,Captain",4,2026-02-13T22:10:55-08:00
2297,3,2,"Captain,Captain",11,2026-02-13T22:10:55-08:00
2302,3,1,"Contessa,Contessa",20,2026-02-13T22:10:55-08:00
2305,3,0,Contessa,8,2026-02-13T22:10:55-08:00
2303,3,1,Contessa,18,2026-02-13T22:10:55-08:00
2299,3,0,Contessa,8,2026-02-13T22:10:55-08:00
2304,3,2,"Assassin,Captain,Duke,Assassin",32,2026-02-13T22:10:55-08:00
2300,3,1,Contessa,18,2026-02-13T22:10:55-08:00
2306,3,1,"Captain,Contessa,Contessa",13,2026-02-13T22:10:55-08:00
2307,3,1,"Contessa,Contessa",20,2026-02-13T22:10:55-08:00
2310,3,0,"Assassin,Duke",6,2026-02-13T22:10:55-08:00
2308,3,0,Duke,17,2026-02-13T22:10:55-08:00
2309,3,0,Duke,12,2026-02-13T22:10:55-08:00
2311,3,0,Duke,12,2026-02-13T22:10:55-08:00
2312,3,1,"Ambassador,Duke,Assassin",5,2026-02-13T22:10:55-08:00
2313,3,1,"Captain,Ambassador,Contessa",13,2026-02-13T22:10:55-08:00
2314,3,1,"Duke,Assassin",9,2026-02-13T22:10:55-08:00
2315,3,1,"Duke,Assassin",9,2026-02-13T22:10:55-08:00
2316,3,1,Ambassador,7,2026-02-13T22:10:55-08:00
2317,3,0,"Ambassador,Ambassador,Ambassador",9,2026-02-13T22:10:55-08:00
2318,3,0,"Ambassador,Ambassador,Duke",4,2026-02-13T22:10:55-08:00
2319,3,1,"Assassin,Captain",9,2026-02-13T22:10:55-08:00
2321,3,1,Ambassador,7,2026-02-13T22:10:55-08:00
2322,3,1,"Ambassador,Duke,Captain",5,2026-02-13T22:10:55-08:00
2301,3,1,"Duke,Duke,Assassin",16,2026-02-13T22:10:55-08:00
2324,3,2,"Ambassador,Captain",4,2026-02-13T22:10:55-08:00
2323,3,2,Captain,25,2026-02-13T22:10:55-08:00
2325,3,2,"Duke,Assassin",16,2026-02-13T22:10:55-08:00
2326,3,2,Captain,25,2026-02-13T22:10:55-08:00
2329,3,0,"Duke,Contessa",11,2026-02-13T22:10:55-08:00
2330,3,0,"Duke,Contessa",11,2026-02-13T22:10:55-08:00
2327,3,2,"Ambassador,Assassin,Duke,Contessa",19,2026-02-13T22:10:55-08:00
2328,3,2,Captain,25,2026-02-13T22:10:55-08:00
2331,3,1,"Assassin,Duke,Contessa",5,2026-02-13T22:10:55-08:00
2334,3,2,"Ambassador,Captain",6,2026-02-13T22:10:55-08:00
2333,3,2,"Ambassador,Captain",6,2026-02-13T22:10:55-08:00
2332,3,2,"Ambassador,Assassin,Duke,Contessa",19,2026-02-13T22:10:55-08:00
2336,3,2,"Duke,Ambassador",9,2026-02-13T22:10:55-08:00
2337,3,2,Ambassador,10,2026-02-13T22:10:55-08:00
2335,3,1,"Assassin,Assassin",18,2026-02-13T22:10:55-08:00
2298,3,2,Assassin,6,2026-02-13T22:10:55-08:00
2320,3,1,Ambassador,7,2026-02-13T22:10:55-08:00
2338,3,1,Assassin,20,2026-02-13T22:10:55-08:00
2344,3,2,Captain,6,2026-02-13T22:10:55-08:00
2340,3,2,"Duke,Assassin,Contessa,Duke",14,2026-02-13T22:10:55-08:00
2343,3,0,"Contessa,Ambassador,Captain,Assassin",12,2026-02-13T22:10:55-08:00
2347,3,2,Assassin,18,2026-02-13T22:10:55-08:00
2345,3,2,Captain,6,2026-02-13T22:10:55-08:00
2341,3,1,Assassin,20,2026-02-13T22:10:55-08:00
2350,3,2,"Ambassador,Ambassador",13,2026-02-13T22:10:55-08:00
2349,3,0,"Duke,Ambassador",16,2026-02-13T22:10:55-08:00
2351,3,2,"Ambassador,Ambassador",13,2026-02-13T22:10:55-08:00
2352,3,2,"Ambassador,Ambassador",13,2026-02-13T22:10:55-08:00
2353,3,1,"Ambassador,Contessa,Ambassador",5,2026-02-13T22:10:55-08:00
2354,3,0,"Assassin,Ambassador",19,2026-02-13T22:10:55-08:00
2355,3,1,"Duke,Ambassador",10,2026-02-13T22:10:55-08:00
2356,3,1,"Duke,Ambassador",10,2026-02-13T22:10:55-08:00
2357,3,0,"Assassin,Ambassador",19,2026-02-13T22:10:55-08:00
2358,3,0,"Captain,Contessa,Captain",8,2026-02-13T22:10:55-08:00
2359,3,0,Contessa,24,2026-02-13T22:10:55-08:00
2360,3,0,Contessa,24,2026-02-13T22:10:55-08:00
2348,3,2,"Ambassador,Ambassador",13,2026-02-13T22:10:55-08:00
2342,3,1,Assassin,20,2026-02-13T22:10:55-08:00
2339,3,2,"Ambassador,Captain",6,2026-02-13T22:10:55-08:00
2362,3,0,"Captain,Contessa,Captain",8,2026-02-13T22:10:55-08:00
2363,3,2,"Captain,Assassin",6,2026-02-13T22:10:55-08:00
2364,3,0,"Captain,Contessa,Captain",8,2026-02-13T22:10:55-08:00
2366,3,2,"Captain,Assassin",6,2026-02-13T22:10:55-08:00
2365,3,0,"Captain,Contessa,Captain",8,2026-02-13T22:10:55-08:00
2367,3,0,"Contessa,Ambassador",7,2026-02-13T22:10:55-08:00
2368,3,2,"Captain,Assassin",6,2026-02-13T22:10:55-08:00
2369,3,0,"Captain,Ambassador,Captain,Assassin",7,2026-02-13T22:10:55-08:00
2372,3,0,"Contessa,Ambassador",7,2026-02-13T22:10:55-08:00
2371,3,2,"Contessa,Assassin",19,2026-02-13T22:10:55-08:00
2370,3,0,"Assassin,Duke,Ambassador",12,2026-02-13T22:10:55-08:00
2373,3,1,Ambassador,13,2026-02-13T22:10:55-08:00
2374,3,0,"Assassin,Captain,Ambassador,Contessa",7,2026-02-13T22:10:55-08:00
2375,3,1,Contessa,14,2026-02-13T22:10:55-08:00
2376,3,1,Ambassador,13,2026-02-13T22:10:55-08:00
2361,3,0,Ambassador,18,2026-02-13T22:10:55-08:00
2377,3,0,"Captain,Ambassador,Captain",5,2026-02-13T22:10:55-08:00
2379,3,0,"Captain,Duke",9,2026-02-13T22:10:55-08:00
2378,3,2,Contessa,17,2026-02-13T22:10:55-08:00
2346,3,2,Assassin,18,2026-02-13T22:10:55-08:00
2380,3,0,"Duke,Assassin,Assassin,Duke",8,2026-02-13T22:10:55-08:00
2381,3,0,"Assassin,Duke,Duke",15,2026-02-13T22:10:55-08:00
2383,3,2,"Duke,Contessa",10,2026-02-13T22:10:55-08:00
2382,3,2,"Contessa,Ambassador",9,2026-02-13T22:10:55-08:00
2384,3,2,"Duke,Contessa",10,2026-02-13T22:10:55-08:00
2385,3,1,"Ambassador,Duke,Duke",7,2026-02-13T22:10:55-08:00
2386,3,1,"Ambassador,Duke,Duke",7,2026-02-13T22:10:55-08:00
2387,3,2,"Duke,Contessa",10,2026-02-13T22:10:55-08:00
2389,3,1,"Duke,Contessa,Contessa",6,2026-02-13T22:10:55-08:00
2388,3,0,Duke,8,2026-02-13T22:10:55-08:00
2390,3,1,"Duke,Contessa,Contessa",6,2026-02-13T22:10:55-08:00
2391,3,0,Duke,8,2026-02-13T22:10:55-08:00
2392,3,1,"Duke,Assassin",9,2026-02-13T22:10:55-08:00
2393,3,0,"Ambassador,Contessa",5,2026-02-13T22:10:55-08:00
2398,3,2,"Duke,Ambassador,Ambassador",14,2026-02-13T22:10:55-08:00
2399,3,2,"Assassin,Duke",12,2026-02-13T22:10:55-08:00
2396,3,1,"Contessa,Duke",14,2026-02-13T22:10:55-08:00
2395,3,2,"Duke,Assassin",15,2026-02-13T22:10:55-08:00
2394,3,0,Duke,13,2026-02-13T22:10:55-08:00
2397,3,0,"Ambassador,Contessa",5,2026-02-13T22:10:55-08:00
2401,3,1,"Contessa,Duke",14,2026-02-13T22:10:55-08:00
2402,3,2,Duke,9,2026-02-13T22:10:55-08:00
2405,3,2,Duke,9,2026-02-13T22:10:55-08:00
2406,3,0,"Captain,Captain,Duke,Duke",6,2026-02-13T22:10:55-08:00
2407,3,2,"Duke,Contessa,Captain,Captain,Assassin",5,2026-02-13T22:10:55-08:00
2411,3,2,"Duke,Assassin,Duke,Contessa",5,2026-02-13T22:10:55-08:00
2403,3,2,"Captain,Assassin",7,2026-02-13T22:10:55-08:00
2400,3,1,"Duke,Duke",33,2026-02-13T22:10:55-08:00
2404,3,2,"Assassin,Duke",12,2026-02-13T22:10:55-08:00
2413,3,0,"Contessa,Duke",5,2026-02-13T22:10:55-08:00
2412,3,2,"Assassin,Captain",14,2026-02-13T22:10:55-08:00
2408,3,2,"Captain,Assassin",7,2026-02-13T22:10:55-08:00
2415,3,1,"Ambassador,Ambassador,Assassin",6,2026-02-13T22:10:55-08:00
2410,3,1,"Assassin,Captain,Captain",7,2026-02-13T22:10:55-08:00
2409,3,0,"Duke,Assassin,Captain",17,2026-02-13T22:10:55-08:00
2418,3,0,"Contessa,Duke",5,2026-02-13T22:10:55-08:00
2419,3,2,"Duke,Contessa,Assassin",24,2026-02-13T22:10:55-08:00
2417,3,1,Contessa,11,2026-02-13T22:10:55-08:00
2423,3,0,Contessa,7,2026-02-13T22:10:55-08:00
2422,3,0,"Ambassador,Ambassador",24,2026-02-13T22:10:55-08:00
2424,3,2,"Assassin,Contessa",9,2026-02-13T22:10:55-08:00
2425,3,0,"Assassin,Ambassador",15,2026-02-13T22:10:55-08:00
2426,3,2,"Assassin,Contessa",9,2026-02-13T22:10:55-08:00
2427,3,1,"Duke,Captain,Captain",15,2026-02-13T22:10:55-08:00
2428,3,0,"Assassin,Ambassador",15,2026-02-13T22:10:55-08:00
2429,3,0,"Ambassador,Duke,Duke",8,2026-02-13T22:10:55-08:00
2430,3,0,"Assassin,Ambassador",15,2026-02-13T22:10:55-08:00
2431,3,2,"Contessa,Captain,Duke,Ambassador",17,2026-02-13T22:10:55-08:00
2432,3,0,"Ambassador,Duke,Duke",8,2026-02-13T22:10:55-08:00
2433,3,2,"Duke,Duke,Ambassador",3,2026-02-13T22:10:55-08:00
2420,3,1,"Duke,Ambassador,Captain",6,2026-02-13T22:10:55-08:00
2434,3,0,"Ambassador,Duke,Duke",8,2026-02-13T22:10:55-08:00
2435,3,1,"Captain,Contessa,Captain,Contessa",4,2026-02-13T22:10:55-08:00
2436,3,2,"Duke,Duke,Ambassador",3,2026-02-13T22:10:55-08:00
2414,3,2,"Duke,Contessa,Assassin",24,2026-02-13T22:10:55-08:00
2437,3,2,"Assassin,Duke,Duke,Captain",20,2026-02-13T22:10:55-08:00
2438,3,2,"Assassin,Duke,Duke,Captain",20,2026-02-13T22:10:55-08:00
2442,3,1,"Duke,Duke,Captain,Contessa,Captain",4,2026-02-13T22:10:55-08:00
2440,3,2,"Duke,Duke",9,2026-02-13T22:10:55-08:00
2441,3,2,"Captain,Assassin,Ambassador,Ambassador",8,2026-02-13T22:10:55-08:00
2439,3,1,Assassin,15,2026-02-13T22:10:55-08:00
2443,3,0,"Duke,Captain",15,2026-02-13T22:10:55-08:00
2444,3,0,"Duke,Captain",15,2026-02-13T22:10:55-08:00
2445,3,0,"Contessa,Contessa",7,2026-02-13T22:10:55-08:00
2446,3,0,"Contessa,Contessa",7,2026-02-13T22:10:55-08:00
2447,3,1,"Duke,Duke,Captain,Contessa,Captain",4,2026-02-13T22:10:55-08:00
2448,3,0,"Duke,Captain",15,2026-02-13T22:10:55-08:00
2449,3,2,"Contessa,Captain,Captain",15,2026-02-13T22:10:55-08:00
2450,3,2,"Contessa,Captain,Captain",15,2026-02-13T22:10:55-08:00
2451,3,0,"Duke,Assassin,Duke",12,2026-02-13T22:10:55-08:00
2452,3,0,"Duke,Assassin,Duke",12,2026-02-13T22:10:55-08:00
2416,3,2,"Ambassador,Assassin",11,2026-02-13T22:10:55-08:00
2454,3,2,"Contessa,Captain,Captain",15,2026-02-13T22:10:55-08:00
2453,3,2,"Assassin,Captain,Assassin,Duke",29,2026-02-13T22:10:55-08:00
2455,3,2,"Ambassador,Contessa,Assassin",23,2026-02-13T22:10:55-08:00
2456,3,2,"Ambassador,Contessa,Assassin",23,2026-02-13T22:10:55-08:00
2421,3,1,"Duke,Ambassador,Captain",6,2026-02-13T22:10:55-08:00
2457,3,0,"Captain,Duke,Ambassador",29,2026-02-13T22:10:55-08:00
2465,3,0,"Assassin,Duke,Duke",5,2026-02-13T22:10:55-08:00
2458,3,0,"Captain,Duke,Ambassador",29,2026-02-13T22:10:55-08:00
2463,3,1,Ambassador,14,2026-02-13T22:10:55-08:00
2464,3,1,Ambassador,14,2026-02-13T22:10:55-08:00
2461,3,0,"Contessa,Captain,Duke,Assassin",12,2026-02-13T22:10:55-08:00
2466,3,2,"Contessa,Contessa,Duke",11,2026-02-13T22:10:55-08:00
2467,3,2,"Contessa,Contessa,Duke",11,2026-02-13T22:10:55-08:00
2468,3,0,"Assassin,Duke,Duke",5,2026-02-13T22:10:55-08:00
2469,3,0,"Assassin,Duke,Duke",5,2026-02-13T22:10:55-08:00
2470,3,0,"Ambassador,Ambassador",5,2026-02-13T22:10:55-08:00
2471,3,0,"Assassin,Captain,Ambassador,Captain",9,2026-02-13T22:10:55-08:00
2472,3,0,"Assassin,Captain,Ambassador,Captain",9,2026-02-13T22:10:55-08:00
2473,3,1,Contessa,21,2026-02-13T22:10:55-08:00
2475,3,1,Contessa,6,2026-02-13T22:10:55-08:00
2474,3,1,Contessa,21,2026-02-13T22:10:55-08:00
2476,3,2,Ambassador,13,2026-02-13T22:10:55-08:00
2478,3,2,"Captain,Captain,Assassin",10,2026-02-13T22:10:55-08:00
2477,3,2,Ambassador,13,2026-02-13T22:10:55-08:00
2479,3,2,"Captain,Ambassador",4,2026-02-13T22:10:55-08:00
2480,3,2,Ambassador,13,2026-02-13T22:10:55-08:00
2482,3,2,"Captain,Duke",4,2026-02-13T22:10:55-08:00
2481,3,0,Ambassador,12,2026-02-13T22:10:55-08:00
2462,3,0,"Captain,Duke,Ambassador",29,2026-02-13T22:10:55-08:00
2460,3,0,"Contessa,Captain,Duke,Assassin",12,2026-02-13T22:10:55-08:00
2459,3,0,"Captain,Duke,Ambassador",29,2026-02-13T22:10:55-08:00
2487,3,0,"Duke,Contessa,Duke",9,2026-02-13T22:10:55-08:00
2484,3,1,"Assassin,Duke,Contessa",4,2026-02-13T22:10:55-08:00
2488,3,1,"Assassin,Duke,Contessa",4,2026-02-13T22:10:55-08:00
2489,3,1,"Assassin,Duke,Contessa",4,2026-02-13T22:10:55-08:00
2490,3,2,"Ambassador,Ambassador",4,2026-02-13T22:10:55-08:00
2491,3,0,"Ambassador,Ambassador",8,2026-02-13T22:10:55-08:00
2492,3,0,"Ambassador,Ambassador",8,2026-02-13T22:10:55-08:00
2493,3,2,"Ambassador,Ambassador",4,2026-02-13T22:10:55-08:00
2494,3,2,"Ambassador,Ambassador",4,2026-02-13T22:10:55-08:00
2497,3,1,"Ambassador,Duke,Ambassador,Contessa",6,2026-02-13T22:10:55-08:00
2496,3,1,"Ambassador,Duke,Ambassador,Contessa",6,2026-02-13T22:10:55-08:00
2500,3,0,"Ambassador,Assassin,Assassin",3,2026-02-13T22:10:55-08:00
2498,3,2,"Duke,Ambassador",17,2026-02-13T22:10:55-08:00
2499,3,2,"Duke,Ambassador",17,2026-02-13T22:10:55-08:00
2501,3,1,Ambassador,26,2026-02-13T22:10:55-08:00
2504,3,1,"Duke,Assassin,Contessa",10,2026-02-13T22:10:55-08:00
2503,3,1,"Duke,Assassin,Contessa",10,2026-02-13T22:10:55-08:00
2502,3,1,Ambassador,26,2026-02-13T22:10:55-08:00
2483,3,2,"Captain,Duke",4,2026-02-13T22:10:55-08:00
2495,3,2,"Duke,Ambassador",17,2026-02-13T22:10:55-08:00
2485,3,2,Ambassador,20,2026-02-13T22:10:55-08:00
2486,3,1,"Assassin,Duke,Contessa",4,2026-02-13T22:10:55-08:00
2505,3,2,"Assassin,Captain,Assassin",5,2026-02-13T22:10:55-08:00
2506,3,2,"Ambassador,Ambassador",10,2026-02-13T22:10:55-08:00
2509,3,1,"Contessa,Contessa,Ambassador,Duke,Duke",7,2026-02-13T22:10:55-08:00
2510,3,0,"Captain,Assassin",9,2026-02-13T22:10:55-08:00
2507,3,0,Ambassador,15,2026-02-13T22:10:55-08:00
2508,3,1,Ambassador,26,2026-02-13T22:10:55-08:00
2511,3,0,"Duke,Contessa,Ambassador",23,2026-02-13T22:10:55-08:00
2512,3,0,"Captain,Assassin",9,2026-02-13T22:10:55-08:00
2513,3,0,"Duke,Duke",18,2026-02-13T22:10:55-08:00
2514,3,0,"Duke,Duke",18,2026-02-13T22:10:55-08:00
2515,3,1,"Duke,Ambassador,Duke",14,2026-02-13T22:10:55-08:00
2516,3,0,"Duke,Duke",18,2026-02-13T22:10:55-08:00
2517,3,0,"Assassin,Captain,Assassin,Captain",6,2026-02-13T22:10:55-08:00
2518,3,1,"Assassin,Assassin",6,2026-02-13T22:10:55-08:00
2519,3,1,"Assassin,Assassin",6,2026-02-13T22:10:55-08:00
2521,3,1,"Assassin,Assassin",6,2026-02-13T22:10:55-08:00
2520,3,1,Ambassador,13,2026-02-13T22:10:55-08:00
2523,3,1,"Assassin,Assassin",6,2026-02-13T22:10:55-08:00
2526,3,2,"Duke,Captain,Captain",4,2026-02-13T22:10:55-08:00
2525,3,2,Captain,15,2026-02-13T22:10:55-08:00
2527,3,2,Captain,15,2026-02-13T22:10:55-08:00
2528,3,2,"Ambassador,Assassin",6,2026-02-13T22:10:55-08:00
2529,3,0,"Assassin,Ambassador,Ambassador",6,2026-02-13T22:10:55-08:00
2524,3,2,"Assassin,Assassin",29,2026-02-13T22:10:55-08:00
2532,3,1,"Captain,Assassin,Ambassador,Ambassador",8,2026-02-13T22:10:55-08:00
2531,3,0,Duke,12,2026-02-13T22:10:55-08:00
2535,3,1,Contessa,10,2026-02-13T22:10:55-08:00
2522,3,0,Contessa,16,2026-02-13T22:10:55-08:00
2536,3,1,"Captain,Assassin,Duke,Contessa",7,2026-02-13T22:10:55-08:00
2537,3,2,"Duke,Captain",10,2026-02-13T22:10:55-08:00
2538,3,1,Captain,13,2026-02-13T22:10:55-08:00
2539,3,0,Ambassador,11,2026-02-13T22:10:55-08:00
2541,3,0,Ambassador,11,2026-02-13T22:10:55-08:00
2540,3,1,"Ambassador,Contessa",17,2026-02-13T22:10:55-08:00
2542,3,2,"Assassin,Ambassador,Ambassador",8,2026-02-13T22:10:55-08:00
2534,3,2,"Ambassador,Duke,Captain",10,2026-02-13T22:10:55-08:00
2533,3,2,"Duke,Captain",10,2026-02-13T22:10:55-08:00
2530,3,0,Duke,12,2026-02-13T22:10:55-08:00
2549,3,2,"Duke,Captain,Assassin",3,2026-02-13T22:10:55-08:00
2545,3,1,"Duke,Ambassador",3,2026-02-13T22:10:55-08:00
2550,3,2,"Duke,Captain",20,2026-02-13T22:10:55-08:00
2551,3,0,"Assassin,Ambassador,Ambassador",8,2026-02-13T22:10:55-08:00
2552,3,0,"Assassin,Ambassador,Ambassador",8,2026-02-13T22:10:55-08:00
2553,3,0,"Duke,Captain,Duke",15,2026-02-13T22:10:55-08:00
2554,3,1,"Captain,Captain",9,2026-02-13T22:10:55-08:00
2555,3,1,"Captain,Captain",9,2026-02-13T22:10:55-08:00
2557,3,2,"Ambassador,Captain,Contessa",3,2026-02-13T22:10:55-08:00
2558,3,2,"Ambassador,Captain,Contessa",3,2026-02-13T22:10:55-08:00
2556,3,2,"Duke,Captain,Captain",11,2026-02-13T22:10:55-08:00
2559,3,2,"Duke,Contessa",5,2026-02-13T22:10:55-08:00
2560,3,2,"Duke,Contessa",5,2026-02-13T22:10:55-08:00
2561,3,1,"Captain,Captain",13,2026-02-13T22:10:55-08:00
2563,3,0,"Ambassador,Captain,Contessa,Assassin",9,2026-02-13T22:10:55-08:00
2562,3,0,"Ambassador,Captain,Contessa,Assassin",9,2026-02-13T22:10:55-08:00
2564,3,1,"Assassin,Captain",10,2026-02-13T22:10:55-08:00
2565,3,1,"Duke,Captain,Assassin,Ambassador",6,2026-02-13T22:10:55-08:00
2566,3,0,"Contessa,Assassin",12,2026-02-13T22:10:55-08:00
2567,3,1,"Duke,Captain,Assassin,Ambassador",6,2026-02-13T22:10:55-08:00
2568,3,2,"Assassin,Duke",13,2026-02-13T22:10:55-08:00
2569,3,0,"Ambassador,Ambassador",17,2026-02-13T22:10:55-08:00
2571,3,2,"Duke,Contessa,Captain",6,2026-02-13T22:10:55-08:00
2572,3,0,Captain,12,2026-02-13T22:10:55-08:00
2543,3,1,"Duke,Ambassador",12,2026-02-13T22:10:55-08:00
2547,3,2,Captain,13,2026-02-13T22:10:55-08:00
2573,3,0,Captain,12,2026-02-13T22:10:55-08:00
2575,3,2,Ambassador,6,2026-02-13T22:10:55-08:00
2576,3,0,"Duke,Assassin,Contessa,Duke",5,2026-02-13T22:10:55-08:00
2577,3,0,"Duke,Captain,Contessa,Assassin",10,2026-02-13T22:10:55-08:00
2574,3,2,"Ambassador,Assassin",27,2026-02-13T22:10:55-08:00
2578,3,0,"Duke,Captain,Contessa,Assassin",10,2026-02-13T22:10:55-08:00
2579,3,2,"Duke,Assassin,Duke,Ambassador",11,2026-02-13T22:10:55-08:00
2580,3,2,"Contessa,Captain",11,2026-02-13T22:10:55-08:00
2544,3,0,"Ambassador,Assassin,Assassin",9,2026-02-13T22:10:55-08:00
2581,3,2,"Ambassador,Assassin",26,2026-02-13T22:10:55-08:00
2583,3,1,"Contessa,Duke",10,2026-02-13T22:10:55-08:00
2582,3,2,"Duke,Assassin,Duke,Ambassador",11,2026-02-13T22:10:55-08:00
2548,3,2,"Assassin,Ambassador,Ambassador",8,2026-02-13T22:10:55-08:00
2546,3,0,"Ambassador,Assassin,Assassin",9,2026-02-13T22:10:55-08:00
2588,3,0,Contessa,9,2026-02-13T22:10:55-08:00
2589,3,1,"Contessa,Duke",10,2026-02-13T22:10:55-08:00
2590,3,1,"Contessa,Duke",10,2026-02-13T22:10:55-08:00
2587,3,0,"Duke,Captain,Captain,Ambassador",6,2026-02-13T22:10:55-08:00
2585,3,2,"Ambassador,Assassin",26,2026-02-13T22:10:55-08:00
2586,3,0,Contessa,9,2026-02-13T22:10:55-08:00
2591,3,2,"Ambassador,Assassin",9,2026-02-13T22:10:55-08:00
2592,3,0,"Ambassador,Assassin,Captain",5,2026-02-13T22:10:55-08:00
2593,3,0,"Ambassador,Assassin,Captain",5,2026-02-13T22:10:55-08:00
2594,3,2,"Duke,Assassin,Assassin",4,2026-02-13T22:10:55-08:00
2595,3,2,"Assassin,Contessa",10,2026-02-13T22:10:55-08:00
2597,3,2,"Duke,Assassin,Assassin",4,2026-02-13T22:10:55-08:00
2599,3,1,Ambassador,5,2026-02-13T22:10:55-08:00
2598,3,1,Ambassador,5,2026-02-13T22:10:55-08:00
2596,3,0,"Duke,Contessa",16,2026-02-13T22:10:55-08:00
2600,3,0,"Captain,Ambassador,Assassin",9,2026-02-13T22:10:55-08:00
2570,3,2,"Assassin,Duke",13,2026-02-13T22:10:55-08:00
2601,3,1,"Duke,Contessa",13,2026-02-13T22:10:55-08:00
2604,3,2,"Captain,Contessa",3,2026-02-13T22:10:55-08:00
2602,3,0,Contessa,23,2026-02-13T22:10:55-08:00
2603,3,1,"Duke,Contessa",13,2026-02-13T22:10:55-08:00
2584,3,0,"Ambassador,Assassin",6,2026-02-13T22:10:55-08:00
2605,3,0,"Contessa,Captain",21,2026-02-13T22:10:55-08:00
2610,3,2,"Ambassador,Ambassador,Duke",4,2026-02-13T22:10:55-08:00
2612,3,1,"Ambassador,Duke,Ambassador",6,2026-02-13T22:10:55-08:00
2615,3,0,"Contessa,Ambassador,Assassin",8,2026-02-13T22:10:55-08:00
2616,3,0,"Ambassador,Duke,Duke",8,2026-02-13T22:10:55-08:00
2617,3,1,Duke,22,2026-02-13T22:10:55-08:00
2618,3,1,"Captain,Assassin,Ambassador",16,2026-02-13T22:10:55-08:00
2619,3,0,"Ambassador,Duke,Contessa",8,2026-02-13T22:10:55-08:00
2614,3,2,"Duke,Captain",9,2026-02-13T22:10:55-08:00
2611,3,0,"Contessa,Captain",21,2026-02-13T22:10:55-08:00
2620,3,0,"Ambassador,Captain",7,2026-02-13T22:10:55-08:00
2606,3,2,"Captain,Captain,Ambassador",13,2026-02-13T22:10:55-08:00
2621,3,0,"Ambassador,Captain",7,2026-02-13T22:10:55-08:00
2623,3,0,Captain,5,2026-02-13T22:10:55-08:00
2624,3,0,"Ambassador,Ambassador,Duke,Ambassador,Captain",3,2026-02-13T22:10:55-08:00
2622,3,1,Duke,22,2026-02-13T22:10:55-08:00
2625,3,2,"Captain,Captain,Assassin",11,2026-02-13T22:10:55-08:00
2626,3,1,"Duke,Contessa,Assassin",8,2026-02-13T22:10:55-08:00
2628,3,0,Captain,5,2026-02-13T22:10:55-08:00
2627,3,2,"Captain,Captain,Assassin",11,2026-02-13T22:10:55-08:00
2629,3,0,"Duke,Assassin,Assassin,Contessa",3,2026-02-13T22:10:55-08:00
2632,3,2,"Duke,Assassin,Assassin",7,2026-02-13T22:10:55-08:00
2630,3,0,Contessa,14,2026-02-13T22:10:55-08:00
2631,3,1,"Duke,Contessa,Assassin",8,2026-02-13T22:10:55-08:00
2633,3,1,"Assassin,Duke",10,2026-02-13T22:10:55-08:00
2634,3,1,Ambassador,44,2026-02-13T22:10:55-08:00
2635,3,1,"Duke,Contessa,Ambassador,Duke",15,2026-02-13T22:10:55-08:00
2637,3,0,"Assassin,Duke,Captain,Ambassador",8,2026-02-13T22:10:55-08:00
2607,3,2,"Ambassador,Ambassador,Duke",4,2026-02-13T22:10:55-08:00
2636,3,1,Ambassador,44,2026-02-13T22:10:55-08:00
2613,3,1,"Duke,Contessa,Ambassador",3,2026-02-13T22:10:55-08:00
2638,3,1,Assassin,11,2026-02-13T22:10:55-08:00
2639,3,1,"Ambassador,Captain",16,2026-02-13T22:10:55-08:00
2641,3,0,"Assassin,Duke,Captain,Ambassador",8,2026-02-13T22:10:55-08:00
2640,3,1,Ambassador,22,2026-02-13T22:10:55-08:00
2646,3,1,"Captain,Captain,Assassin",3,2026-02-13T22:10:55-08:00
2642,3,1,"Captain,Contessa,Captain",21,2026-02-13T22:10:55-08:00
2643,3,1,Ambassador,22,2026-02-13T22:10:55-08:00
2647,3,1,"Assassin,Assassin,Duke",5,2026-02-13T22:10:55-08:00
2644,3,1,"Assassin,Assassin,Ambassador",31,2026-02-13T22:10:55-08:00
2645,3,1,Ambassador,22,2026-02-13T22:10:55-08:00
2650,3,1,"Assassin,Assassin,Duke",5,2026-02-13T22:10:55-08:00
2651,3,1,"Duke,Duke,Assassin",8,2026-02-13T22:10:55-08:00
2652,3,1,"Ambassador,Captain,Assassin",4,2026-02-13T22:10:55-08:00
2649,3,2,Assassin,14,2026-02-13T22:10:55-08:00
2648,3,1,"Captain,Contessa,Captain",21,2026-02-13T22:10:55-08:00
2654,3,1,"Duke,Duke,Assassin",8,2026-02-13T22:10:55-08:00
2656,3,1,"Contessa,Ambassador",5,2026-02-13T22:10:55-08:00
2653,3,2,Assassin,14,2026-02-13T22:10:55-08:00
2655,3,1,"Assassin,Duke,Captain",14,2026-02-13T22:10:55-08:00
2657,3,1,"Assassin,Duke,Duke,Assassin,Duke",10,2026-02-13T22:10:55-08:00
2609,3,0,"Duke,Ambassador",11,2026-02-13T22:10:55-08:00
2660,3,2,"Duke,Assassin,Assassin",4,2026-02-13T22:10:55-08:00
2658,3,1,"Duke,Duke,Assassin",8,2026-02-13T22:10:55-08:00
2659,3,1,"Assassin,Duke,Duke,Assassin,Duke",10,2026-02-13T22:10:55-08:00
2661,3,1,"Assassin,Duke,Duke,Assassin,Duke",10,2026-02-13T22:10:55-08:00
2663,3,0,Captain,30,2026-02-13T22:10:55-08:00
2662,3,0,Captain,30,2026-02-13T22:10:55-08:00
2664,3,2,"Duke,Assassin,Assassin",4,2026-02-13T22:10:55-08:00
2665,3,2,"Ambassador,Ambassador,Ambassador,Duke",7,2026-02-13T22:10:55-08:00
2667,3,0,"Duke,Captain",8,2026-02-13T22:10:55-08:00
2608,3,0,"Contessa,Captain",21,2026-02-13T22:10:55-08:00
2668,3,2,"Ambassador,Ambassador,Ambassador,Duke",7,2026-02-13T22:10:55-08:00
2666,3,1,Assassin,30,2026-02-13T22:10:55-08:00
2669,3,2,"Duke,Contessa",14,2026-02-13T22:10:55-08:00
2670,3,1,"Duke,Ambassador",16,2026-02-13T22:10:55-08:00
2672,3,1,"Duke,Ambassador",16,2026-02-13T22:10:55-08:00
2673,3,1,"Duke,Ambassador",16,2026-02-13T22:10:55-08:00
2674,3,1,"Duke,Ambassador",16,2026-02-13T22:10:55-08:00
2671,3,1,"Captain,Contessa",10,2026-02-13T22:10:55-08:00
2676,3,1,"Contessa,Ambassador",8,2026-02-13T22:10:55-08:00
2675,3,1,"Duke,Ambassador",16,2026-02-13T22:10:55-08:00
2677,3,0,Captain,22,2026-02-13T22:10:55-08:00
2678,3,1,"Assassin,Duke,Captain",15,2026-02-13T22:10:55-08:00
2679,3,1,"Assassin,Duke,Captain",15,2026-02-13T22:10:55-08:00
2681,3,1,"Contessa,Ambassador",8,2026-02-13T22:10:55-08:00
2680,3,1,"Assassin,Duke,Captain",15,2026-02-13T22:10:55-08:00
2683,3,1,Duke,9,2026-02-13T22:10:55-08:00
2685,3,2,"Captain,Contessa,Ambassador",4,2026-02-13T22:10:55-08:00
2682,3,1,"Ambassador,Captain,Contessa",22,2026-02-13T22:10:55-08:00
2686,3,2,"Captain,Contessa,Ambassador",4,2026-02-13T22:10:55-08:00
2684,3,2,"Ambassador,Assassin,Ambassador",18,2026-02-13T22:10:55-08:00
2687,3,1,"Ambassador,Captain,Contessa",22,2026-02-13T22:10:55-08:00
2688,3,2,"Ambassador,Assassin,Ambassador",18,2026-02-13T22:10:55-08:00
2689,3,2,"Ambassador,Assassin,Ambassador",18,2026-02-13T22:10:55-08:00
2693,3,1,Captain,15,2026-02-13T22:10:55-08:00
2694,3,1,"Assassin,Assassin",14,2026-02-13T22:10:55-08:00
2695,3,0,"Ambassador,Ambassador",16,2026-02-13T22:10:55-08:00
2696,3,0,"Duke,Duke",15,2026-02-13T22:10:55-08:00
2691,3,2,"Ambassador,Assassin,Ambassador",18,2026-02-13T22:10:55-08:00
2698,3,1,"Duke,Duke,Duke,Captain,Duke",5,2026-02-13T22:10:55-08:00
2697,3,0,"Duke,Duke",15,2026-02-13T22:10:55-08:00
2690,3,0,"Assassin,Assassin",6,2026-02-13T22:10:55-08:00
2699,3,0,"Duke,Captain,Assassin,Duke",10,2026-02-13T22:10:55-08:00
2700,3,1,"Assassin,Assassin",14,2026-02-13T22:10:55-08:00
2702,3,1,"Duke,Duke,Duke,Captain,Duke",5,2026-02-13T22:10:55-08:00
2701,3,1,"Duke,Assassin,Assassin,Ambassador",11,2026-02-13T22:10:55-08:00
2704,3,0,"Duke,Captain,Assassin,Duke",10,2026-02-13T22:10:55-08:00
2706,3,0,"Ambassador,Duke,Duke",8,2026-02-13T22:10:55-08:00
2705,3,2,"Assassin,Contessa",9,2026-02-13T22:10:55-08:00
2703,3,2,Captain,36,2026-02-13T22:10:55-08:00
2709,3,2,"Ambassador,Duke,Contessa",4,2026-02-13T22:10:55-08:00
2707,3,2,Duke,26,2026-02-13T22:10:55-08:00
2710,3,2,"Ambassador,Duke,Contessa",4,2026-02-13T22:10:55-08:00
2708,3,2,Duke,26,2026-02-13T22:10:55-08:00
2711,3,2,"Captain,Captain,Ambassador",7,2026-02-13T22:10:55-08:00
2692,3,2,"Captain,Duke",2,2026-02-13T22:10:55-08:00
2712,3,1,"Ambassador,Ambassador,Ambassador",12,2026-02-13T22:10:55-08:00
2713,3,1,"Ambassador,Duke,Duke",11,2026-02-13T22:10:55-08:00
2714,3,0,Captain,8,2026-02-13T22:10:55-08:00
2716,3,1,"Ambassador,Duke,Duke",11,2026-02-13T22:10:55-08:00
2717,3,2,"Ambassador,Contessa",7,2026-02-13T22:10:55-08:00
2715,3,1,"Ambassador,Ambassador,Ambassador",12,2026-02-13T22:10:55-08:00
2718,3,2,"Ambassador,Contessa",7,2026-02-13T22:10:55-08:00
2719,3,2,"Ambassador,Contessa",7,2026-02-13T22:10:55-08:00
2720,3,1,"Captain,Ambassador",5,2026-02-13T22:10:55-08:00
2721,3,2,"Ambassador,Ambassador,Ambassador",8,2026-02-13T22:10:55-08:00
2722,3,2,"Ambassador,Ambassador,Ambassador",8,2026-02-13T22:10:55-08:00
2723,3,0,"Captain,Ambassador",6,2026-02-13T22:10:55-08:00
2724,3,1,"Duke,Duke,Captain,Contessa",9,2026-02-13T22:10:55-08:00
2725,3,2,"Duke,Duke",10,2026-02-13T22:10:55-08:00
2726,3,2,"Duke,Duke",10,2026-02-13T22:10:55-08:00
2727,3,0,"Captain,Ambassador",6,2026-02-13T22:10:55-08:00
2728,3,0,"Duke,Assassin,Duke,Ambassador",7,2026-02-13T22:10:55-08:00
2729,3,0,"Duke,Assassin,Duke,Ambassador",7,2026-02-13T22:10:55-08:00
2731,3,2,"Contessa,Ambassador",15,2026-02-13T22:10:55-08:00
2732,3,2,"Ambassador,Assassin",26,2026-02-13T22:10:55-08:00
2730,3,0,"Duke,Captain,Captain",12,2026-02-13T22:10:55-08:00
2734,3,2,"Ambassador,Ambassador,Ambassador,Contessa",11,2026-02-13T22:10:55-08:00
2735,3,2,"Ambassador,Ambassador,Ambassador,Contessa",11,2026-02-13T22:10:55-08:00
2733,3,2,"Ambassador,Assassin",26,2026-02-13T22:10:55-08:00
2737,3,1,"Assassin,Duke,Assassin",7,2026-02-13T22:10:55-08:00
2736,3,2,"Ambassador,Ambassador,Ambassador,Contessa",11,2026-02-13T22:10:55-08:00
2740,3,1,"Ambassador,Duke",7,2026-02-13T22:10:55-08:00
2739,3,1,"Ambassador,Duke",7,2026-02-13T22:10:55-08:00
2743,3,0,"Duke,Assassin,Ambassador,Captain",8,2026-02-13T22:10:55-08:00
2745,3,1,"Duke,Ambassador",4,2026-02-13T22:10:55-08:00
2747,3,1,"Duke,Ambassador",4,2026-02-13T22:10:55-08:00
2744,3,2,Captain,18,2026-02-13T22:10:55-08:00
2746,3,2,"Duke,Assassin",23,2026-02-13T22:10:55-08:00
2748,3,2,Assassin,8,2026-02-13T22:10:55-08:00
2751,3,2,"Ambassador,Duke",4,2026-02-13T22:10:55-08:00
2750,3,1,"Ambassador,Ambassador",12,2026-02-13T22:10:55-08:00
2749,3,2,"Duke,Assassin",23,2026-02-13T22:10:55-08:00
2752,3,2,"Ambassador,Duke",4,2026-02-13T22:10:55-08:00
2753,3,2,"Contessa,Ambassador,Ambassador",6,2026-02-13T22:10:55-08:00
2754,3,2,"Assassin,Duke,Duke",5,2026-02-13T22:10:55-08:00
2755,3,2,"Assassin,Duke,Duke",5,2026-02-13T22:10:55-08:00
2757,3,2,"Contessa,Assassin,Contessa",7,2026-02-13T22:10:55-08:00
2756,3,1,"Duke,Contessa",14,2026-02-13T22:10:55-08:00
2758,3,1,"Contessa,Captain,Duke,Assassin",7,2026-02-13T22:10:55-08:00
2738,3,1,"Ambassador,Duke",7,2026-02-13T22:10:55-08:00
2742,3,0,"Duke,Captain,Assassin,Ambassador",12,2026-02-13T22:10:55-08:00
2759,3,1,"Contessa,Captain,Duke,Assassin",7,2026-02-13T22:10:55-08:00
2741,3,2,"Contessa,Contessa",14,2026-02-13T22:10:55-08:00
2766,3,1,"Captain,Duke,Captain",4,2026-02-13T22:10:55-08:00
2767,3,0,"Duke,Assassin",12,2026-02-13T22:10:55-08:00
2764,3,2,"Duke,Ambassador,Captain",5,2026-02-13T22:10:55-08:00
2765,3,0,"Contessa,Captain,Contessa",12,2026-02-13T22:10:55-08:00
2762,3,0,"Duke,Assassin",12,2026-02-13T22:10:55-08:00
2768,3,2,"Duke,Ambassador,Captain",5,2026-02-13T22:10:55-08:00
2769,3,1,"Captain,Duke,Captain",4,2026-02-13T22:10:55-08:00
2770,3,1,"Captain,Ambassador,Ambassador",8,2026-02-13T22:10:55-08:00
2771,3,0,"Contessa,Assassin,Captain,Captain,Duke",6,2026-02-13T22:10:55-08:00
2772,3,1,"Captain,Ambassador,Ambassador",8,2026-02-13T22:10:55-08:00
2773,3,2,"Captain,Captain,Contessa,Duke",8,2026-02-13T22:10:55-08:00
2774,3,0,"Ambassador,Ambassador,Ambassador",4,2026-02-13T22:10:55-08:00
2775,3,1,"Duke,Ambassador",13,2026-02-13T22:10:55-08:00
2776,3,1,"Captain,Ambassador,Ambassador",8,2026-02-13T22:10:55-08:00
2779,3,0,"Captain,Duke,Captain",7,2026-02-13T22:10:55-08:00
2777,3,1,"Duke,Ambassador",13,2026-02-13T22:10:55-08:00
2778,3,2,"Captain,Duke",21,2026-02-13T22:10:55-08:00
2780,3,1,"Assassin,Ambassador",6,2026-02-13T22:10:55-08:00
2781,3,1,"Duke,Ambassador",13,2026-02-13T22:10:55-08:00
2783,3,2,"Duke,Assassin,Assassin",7,2026-02-13T22:10:55-08:00
2782,3,1,"Duke,Ambassador",13,2026-02-13T22:10:55-08:00
2763,3,0,"Duke,Assassin",12,2026-02-13T22:10:55-08:00
2761,3,2,"Contessa,Assassin,Contessa",7,2026-02-13T22:10:55-08:00
2785,3,2,"Duke,Assassin,Assassin",7,2026-02-13T22:10:55-08:00
2760,3,0,"Contessa,Captain,Contessa",12,2026-02-13T22:10:55-08:00
2790,3,0,"Contessa,Duke,Ambassador,Captain",7,2026-02-13T22:10:55-08:00
2788,3,2,"Duke,Assassin,Assassin",7,2026-02-13T22:10:55-08:00
2789,3,2,Contessa,22,2026-02-13T22:10:55-08:00
2791,3,2,"Captain,Duke,Duke",5,2026-02-13T22:10:55-08:00
2793,3,1,"Contessa,Assassin,Assassin,Captain",7,2026-02-13T22:10:55-08:00
2794,3,2,"Captain,Duke,Duke",5,2026-02-13T22:10:55-08:00
2795,3,0,"Ambassador,Duke,Duke",6,2026-02-13T22:10:55-08:00
2792,3,1,"Assassin,Duke,Duke",18,2026-02-13T22:10:55-08:00
2796,3,0,"Ambassador,Duke,Duke",6,2026-02-13T22:10:55-08:00
2797,3,0,"Ambassador,Duke,Duke",6,2026-02-13T22:10:55-08:00
2798,3,1,"Assassin,Duke,Duke",18,2026-02-13T22:10:55-08:00
2801,3,2,Assassin,14,2026-02-13T22:10:55-08:00
2799,3,2,"Assassin,Assassin",13,2026-02-13T22:10:55-08:00
2800,3,1,"Contessa,Contessa",23,2026-02-13T22:10:55-08:00
2802,3,2,Assassin,14,2026-02-13T22:10:55-08:00
2804,3,0,Contessa,11,2026-02-13T22:10:55-08:00
2805,3,2,"Contessa,Captain,Captain",4,2026-02-13T22:10:55-08:00
2803,3,2,"Assassin,Assassin",13,2026-02-13T22:10:55-08:00
2786,3,1,"Assassin,Ambassador",6,2026-02-13T22:10:55-08:00
2787,3,0,"Contessa,Duke,Ambassador,Captain",7,2026-02-13T22:10:55-08:00
2784,3,2,"Captain,Duke,Ambassador,Captain",7,2026-02-13T22:10:55-08:00
2810,3,0,"Ambassador,Assassin,Contessa,Contessa",3,2026-02-13T22:10:55-08:00
2809,3,0,Captain,12,2026-02-13T22:10:55-08:00
2811,3,1,"Ambassador,Duke,Duke",6,2026-02-13T22:10:55-08:00
2813,3,1,"Assassin,Contessa,Contessa",7,2026-02-13T22:10:55-08:00
2812,3,2,"Captain,Captain,Captain,Assassin,Captain",7,2026-02-13T22:10:55-08:00
2815,3,0,"Assassin,Duke",5,2026-02-13T22:10:55-08:00
2814,3,1,Contessa,16,2026-02-13T22:10:55-08:00
2816,3,2,"Captain,Captain,Captain,Assassin,Captain",7,2026-02-13T22:10:55-08:00
2817,3,1,"Captain,Ambassador,Duke",5,2026-02-13T22:10:55-08:00
2818,3,2,"Ambassador,Ambassador",9,2026-02-13T22:10:55-08:00
2806,3,0,"Ambassador,Captain",9,2026-02-13T22:10:55-08:00
2820,3,1,"Assassin,Contessa,Contessa",7,2026-02-13T22:10:55-08:00
2819,3,2,"Ambassador,Ambassador",9,2026-02-13T22:10:55-08:00
2822,3,2,"Duke,Captain,Ambassador",14,2026-02-13T22:10:55-08:00
2821,3,0,"Contessa,Captain,Assassin,Duke",19,2026-02-13T22:10:55-08:00
2807,3,0,Captain,12,2026-02-13T22:10:55-08:00
2826,3,1,"Duke,Duke,Assassin",13,2026-02-13T22:10:55-08:00
2823,3,1,Captain,48,2026-02-13T22:10:55-08:00
2827,3,0,"Ambassador,Ambassador,Contessa,Assassin",15,2026-02-13T22:10:55-08:00
2830,3,0,"Ambassador,Ambassador,Contessa,Assassin",15,2026-02-13T22:10:55-08:00
2824,3,2,"Assassin,Captain",5,2026-02-13T22:10:55-08:00
2831,3,1,"Captain,Ambassador",7,2026-02-13T22:10:55-08:00
2833,3,2,"Duke,Duke,Assassin,Ambassador",3,2026-02-13T22:10:55-08:00
2832,3,1,Contessa,23,2026-02-13T22:10:55-08:00
2825,3,2,Contessa,15,2026-02-13T22:10:55-08:00
2835,3,0,"Assassin,Captain",6,2026-02-13T22:10:55-08:00
2834,3,1,"Captain,Ambassador",7,2026-02-13T22:10:55-08:00
2836,3,0,"Assassin,Captain",6,2026-02-13T22:10:55-08:00
2839,3,1,Captain,13,2026-02-13T22:10:55-08:00
2838,3,1,"Ambassador,Duke,Assassin",7,2026-02-13T22:10:55-08:00
2837,3,1,Captain,13,2026-02-13T22:10:55-08:00
2840,3,2,"Contessa,Ambassador,Ambassador",17,2026-02-13T22:10:55-08:00
2841,3,0,Contessa,15,2026-02-13T22:10:55-08:00
2843,3,1,"Duke,Assassin,Assassin",5,2026-02-13T22:10:55-08:00
2846,3,1,"Captain,Contessa,Duke,Captain",6,2026-02-13T22:10:55-08:00
2844,3,1,"Captain,Captain",19,2026-02-13T22:10:55-08:00
2842,3,0,"Duke,Duke,Contessa",27,2026-02-13T22:10:55-08:00
2845,3,0,"Duke,Duke,Contessa",27,2026-02-13T22:10:55-08:00
2848,3,1,"Assassin,Duke,Contessa",5,2026-02-13T22:10:55-08:00
2847,3,0,"Duke,Duke,Contessa",27,2026-02-13T22:10:55-08:00
2849,3,0,"Assassin,Contessa",8,2026-02-13T22:10:55-08:00
2850,3,0,"Contessa,Duke,Captain",16,2026-02-13T22:10:55-08:00
2852,3,0,"Assassin,Contessa",8,2026-02-13T22:10:55-08:00
2851,3,1,Ambassador,17,2026-02-13T22:10:55-08:00
2856,3,2,Duke,14,2026-02-13T22:10:55-08:00
2854,3,0,"Duke,Assassin",9,2026-02-13T22:10:55-08:00
2855,3,2,Duke,14,2026-02-13T22:10:55-08:00
2853,3,1,Ambassador,17,2026-02-13T22:10:55-08:00
2828,3,2,"Duke,Captain,Ambassador",14,2026-02-13T22:10:55-08:00
2858,3,1,"Assassin,Ambassador",4,2026-02-13T22:10:55-08:00
2860,3,2,"Captain,Captain",6,2026-02-13T22:10:55-08:00
2859,3,0,"Contessa,Duke",22,2026-02-13T22:10:55-08:00
2857,3,2,Assassin,14,2026-02-13T22:10:55-08:00
2862,3,0,Captain,7,2026-02-13T22:10:55-08:00
2861,3,0,"Duke,Assassin",9,2026-02-13T22:10:55-08:00
2863,3,1,"Duke,Ambassador,Ambassador",13,2026-02-13T22:10:55-08:00
2829,3,0,"Ambassador,Ambassador",7,2026-02-13T22:10:55-08:00
2808,3,1,Assassin,7,2026-02-13T22:10:55-08:00
2866,3,1,"Ambassador,Duke,Captain",10,2026-02-13T22:10:55-08:00
2864,3,0,"Captain,Captain,Ambassador",21,2026-02-13T22:10:55-08:00
2865,3,0,"Ambassador,Captain,Contessa",18,2026-02-13T22:10:55-08:00
2870,3,1,Contessa,8,2026-02-13T22:10:55-08:00
2868,3,2,"Ambassador,Duke,Assassin,Duke",4,2026-02-13T22:10:55-08:00
2869,3,0,"Duke,Assassin,Captain,Captain",8,2026-02-13T22:10:55-08:00
2867,3,1,"Ambassador,Duke,Captain",10,2026-02-13T22:10:55-08:00
2871,3,2,"Assassin,Assassin",8,2026-02-13T22:10:55-08:00
2872,3,2,"Duke,Assassin,Contessa",4,2026-02-13T22:10:55-08:00
2873,3,0,"Captain,Ambassador",8,2026-02-13T22:10:55-08:00
2874,3,2,"Captain,Duke,Contessa",14,2026-02-13T22:10:55-08:00
2877,3,0,"Contessa,Assassin,Duke",3,2026-02-13T22:10:55-08:00
2876,3,1,Contessa,8,2026-02-13T22:10:55-08:00
2875,3,0,"Ambassador,Ambassador,Ambassador,Duke,Contessa",3,2026-02-13T22:10:55-08:00
2879,3,2,"Ambassador,Ambassador",4,2026-02-13T22:10:55-08:00
2878,3,0,Duke,12,2026-02-13T22:10:55-08:00
2880,3,2,"Ambassador,Captain",7,2026-02-13T22:10:55-08:00
2881,3,0,"Duke,Assassin,Duke,Duke",6,2026-02-13T22:10:55-08:00
2882,3,2,"Ambassador,Captain",7,2026-02-13T22:10:55-08:00
2883,3,0,"Captain,Assassin,Assassin",5,2026-02-13T22:10:55-08:00
2885,3,2,"Ambassador,Captain",7,2026-02-13T22:10:55-08:00
2887,3,2,"Contessa,Captain",14,2026-02-13T22:10:55-08:00
2886,3,1,"Assassin,Captain",19,2026-02-13T22:10:55-08:00
2888,3,1,"Assassin,Captain",19,2026-02-13T22:10:55-08:00
2889,3,2,"Contessa,Captain",14,2026-02-13T22:10:55-08:00
2890,3,1,"Assassin,Captain",19,2026-02-13T22:10:55-08:00
2892,3,2,Contessa,20,2026-02-13T22:10:55-08:00
2891,3,2,Contessa,20,2026-02-13T22:10:55-08:00
2894,3,2,Ambassador,4,2026-02-13T22:10:55-08:00
2893,3,2,"Duke,Ambassador",2,2026-02-13T22:10:55-08:00
2884,3,1,"Contessa,Ambassador",12,2026-02-13T22:10:55-08:00
2897,3,2,Ambassador,4,2026-02-13T22:10:55-08:00
2896,3,2,"Captain,Captain,Assassin,Contessa",14,2026-02-13T22:10:55-08:00
2895,3,0,"Assassin,Ambassador,Assassin",17,2026-02-13T22:10:55-08:00
2898,3,1,"Duke,Duke,Assassin,Contessa,Captain",6,2026-02-13T22:10:55-08:00
2899,3,0,"Duke,Assassin,Assassin",8,2026-02-13T22:10:55-08:00
2901,3,2,Ambassador,4,2026-02-13T22:10:55-08:00
2900,3,2,"Captain,Captain,Assassin,Contessa",14,2026-02-13T22:10:55-08:00
2902,3,1,"Captain,Assassin,Contessa,Contessa",9,2026-02-13T22:10:55-08:00
2904,3,0,"Duke,Assassin,Assassin",8,2026-02-13T22:10:55-08:00
2903,3,0,"Duke,Captain,Captain",15,2026-02-13T22:10:55-08:00
2905,3,0,"Contessa,Ambassador,Duke,Assassin",9,2026-02-13T22:10:55-08:00
2907,3,0,"Contessa,Ambassador,Duke,Assassin",9,2026-02-13T22:10:55-08:00
2908,3,1,"Assassin,Captain,Captain",17,2026-02-13T22:10:55-08:00
2906,3,1,"Ambassador,Contessa,Duke,Contessa",31,2026-02-13T22:10:55-08:00
2909,3,1,"Ambassador,Contessa",13,2026-02-13T22:10:55-08:00
2912,3,2,"Ambassador,Duke,Duke,Assassin",4,2026-02-13T22:10:55-08:00
2911,3,2,Assassin,10,2026-02-13T22:10:55-08:00
2910,3,1,"Assassin,Captain,Captain",17,2026-02-13T22:10:55-08:00
2913,3,1,"Ambassador,Contessa",13,2026-02-13T22:10:55-08:00
2914,3,0,"Assassin,Duke",9,2026-02-13T22:10:55-08:00
2919,3,1,"Captain,Captain,Duke",4,2026-02-13T22:10:55-08:00
2918,3,0,"Duke,Duke,Assassin",14,2026-02-13T22:10:55-08:00
2920,3,0,"Ambassador,Ambassador,Ambassador,Duke",5,2026-02-13T22:10:55-08:00
2921,3,0,"Ambassador,Ambassador,Ambassador,Duke",5,2026-02-13T22:10:55-08:00
2916,3,0,"Ambassador,Ambassador,Ambassador,Duke",5,2026-02-13T22:10:55-08:00
2917,3,0,"Ambassador,Ambassador,Ambassador,Duke",5,2026-02-13T22:10:55-08:00
2922,3,1,Ambassador,13,2026-02-13T22:10:55-08:00
2923,3,0,"Ambassador,Duke",12,2026-02-13T22:10:55-08:00
2924,3,1,"Captain,Captain,Duke",4,2026-02-13T22:10:55-08:00
2925,3,1,"Captain,Captain,Duke",4,2026-02-13T22:10:55-08:00
2926,3,1,"Captain,Captain,Duke",4,2026-02-13T22:10:55-08:00
2927,3,1,Duke,12,2026-02-13T22:10:55-08:00
2928,3,1,Duke,12,2026-02-13T22:10:55-08:00
2931,3,1,"Ambassador,Assassin",6,2026-02-13T22:10:55-08:00
2929,3,1,Duke,12,2026-02-13T22:10:55-08:00
2932,3,1,"Ambassador,Assassin",6,2026-02-13T22:10:55-08:00
2930,3,0,"Duke,Contessa",15,2026-02-13T22:10:55-08:00
2933,3,1,"Ambassador,Assassin",6,2026-02-13T22:10:55-08:00
2915,3,0,"Ambassador,Ambassador,Ambassador,Duke",5,2026-02-13T22:10:55-08:00
2934,3,1,Contessa,20,2026-02-13T22:10:55-08:00
2935,3,1,Contessa,20,2026-02-13T22:10:55-08:00
2939,3,2,"Duke,Duke",6,2026-02-13T22:10:55-08:00
2940,3,2,"Captain,Contessa,Contessa",24,2026-02-13T22:10:55-08:00
2941,3,0,"Ambassador,Ambassador,Ambassador,Duke",7,2026-02-13T22:10:55-08:00
2942,3,0,"Ambassador,Ambassador,Ambassador,Duke",7,2026-02-13T22:10:55-08:00
2938,3,2,"Assassin,Captain,Captain,Assassin",12,2026-02-13T22:10:55-08:00
2943,3,0,"Ambassador,Ambassador,Ambassador,Duke",7,2026-02-13T22:10:55-08:00
2937,3,1,Contessa,20,2026-02-13T22:10:55-08:00
2944,3,2,"Captain,Captain",14,2026-02-13T22:10:55-08:00
2945,3,1,"Ambassador,Captain,Duke,Captain",4,2026-02-13T22:10:55-08:00
2946,3,2,Captain,9,2026-02-13T22:10:55-08:00
2947,3,2,Captain,9,2026-02-13T22:10:55-08:00
2948,3,2,"Captain,Captain",14,2026-02-13T22:10:55-08:00
2951,3,2,"Ambassador,Duke,Duke",4,2026-02-13T22:10:55-08:00
2950,3,2,Captain,9,2026-02-13T22:10:55-08:00
2949,3,0,"Ambassador,Ambassador,Ambassador",15,2026-02-13T22:10:55-08:00
2952,3,2,Captain,9,2026-02-13T22:10:55-08:00
2955,3,2,"Ambassador,Duke,Duke",4,2026-02-13T22:10:55-08:00
2954,3,0,"Assassin,Contessa",31,2026-02-13T22:10:55-08:00
2953,3,0,"Assassin,Contessa",31,2026-02-13T22:10:55-08:00
2956,3,1,"Captain,Ambassador,Ambassador,Contessa",16,2026-02-13T22:10:55-08:00
2936,3,0,"Duke,Contessa",15,2026-02-13T22:10:55-08:00
2964,3,0,"Assassin,Ambassador",15,2026-02-13T22:10:55-08:00
2959,3,0,"Assassin,Contessa",31,2026-02-13T22:10:55-08:00
2957,3,2,"Contessa,Captain,Ambassador",11,2026-02-13T22:10:55-08:00
2958,3,0,"Assassin,Contessa,Ambassador",9,2026-02-13T22:10:55-08:00
2965,3,1,"Duke,Captain,Contessa",18,2026-02-13T22:10:55-08:00
2967,3,2,"Assassin,Contessa",7,2026-02-13T22:10:55-08:00
2961,3,1,"Duke,Captain,Contessa",18,2026-02-13T22:10:55-08:00
2966,3,1,"Duke,Captain,Contessa",18,2026-02-13T22:10:55-08:00
2968,3,0,"Ambassador,Assassin",9,2026-02-13T22:10:55-08:00
2969,3,0,"Ambassador,Assassin",9,2026-02-13T22:10:55-08:00
2970,3,2,Ambassador,7,2026-02-13T22:10:55-08:00
2972,3,1,Captain,10,2026-02-13T22:10:55-08:00
2971,3,1,"Ambassador,Ambassador",14,2026-02-13T22:10:55-08:00
2973,3,0,"Captain,Duke",12,2026-02-13T22:10:55-08:00
2975,3,1,"Duke,Duke,Contessa,Ambassador",4,2026-02-13T22:10:55-08:00
2976,3,1,"Ambassador,Ambassador",14,2026-02-13T22:10:55-08:00
2977,3,2,"Assassin,Captain,Duke,Captain",8,2026-02-13T22:10:55-08:00
2978,3,1,"Captain,Contessa",11,2026-02-13T22:10:55-08:00
2974,3,0,"Captain,Duke",12,2026-02-13T22:10:55-08:00
2963,3,0,"Ambassador,Assassin",9,2026-02-13T22:10:55-08:00
2980,3,1,"Captain,Contessa",11,2026-02-13T22:10:55-08:00
2981,3,2,"Captain,Ambassador",8,2026-02-13T22:10:55-08:00
2979,3,2,Assassin,21,2026-02-13T22:10:55-08:00
2982,3,0,Ambassador,12,2026-02-13T22:10:55-08:00
2962,3,2,Assassin,5,2026-02-13T22:10:55-08:00
2984,3,2,"Captain,Ambassador",8,2026-02-13T22:10:55-08:00
2985,3,2,"Ambassador,Duke,Ambassador",17,2026-02-13T22:10:55-08:00
2983,3,0,Ambassador,30,2026-02-13T22:10:55-08:00
2986,3,1,"Contessa,Assassin",13,2026-02-13T22:10:55-08:00
2988,3,1,"Captain,Duke,Contessa",5,2026-02-13T22:10:55-08:00
2987,3,0,Duke,34,2026-02-13T22:10:55-08:00
2991,3,2,"Captain,Assassin",5,2026-02-13T22:10:55-08:00
2990,3,1,"Contessa,Assassin",13,2026-02-13T22:10:55-08:00
2992,3,1,"Ambassador,Ambassador,Duke,Captain",3,2026-02-13T22:10:55-08:00
2989,3,0,Duke,34,2026-02-13T22:10:55-08:00
2993,3,2,"Duke,Captain,Duke",11,2026-02-13T22:10:55-08:00
2994,3,2,"Duke,Captain,Duke",11,2026-02-13T22:10:55-08:00
2995,3,2,"Captain,Assassin",5,2026-02-13T22:10:55-08:00
2996,3,1,"Assassin,Captain",8,2026-02-13T22:10:55-08:00
2998,3,2,"Ambassador,Contessa",8,2026-02-13T22:10:55-08:00
2997,3,0,Contessa,21,2026-02-13T22:10:55-08:00
2999,3,2,"Ambassador,Contessa",8,2026-02-13T22:10:55-08:00
3001,3,0,"Contessa,Assassin",6,2026-02-13T22:10:55-08:00
2960,3,1,"Captain,Ambassador,Ambassador,Contessa",16,2026-02-13T22:10:55-08:00
3000,3,0,Contessa,21,2026-02-13T22:10:55-08:00
3002,3,1,Ambassador,13,2026-02-13T22:10:55-08:00
3003,3,1,Ambassador,13,2026-02-13T22:10:55-08:00
3004,3,2,"Ambassador,Ambassador",11,2026-02-13T22:10:55-08:00
3005,3,2,"Ambassador,Assassin",10,2026-02-13T22:10:55-08:00
3006,3,1,Ambassador,13,2026-02-13T22:10:55-08:00
3007,3,2,Contessa,12,2026-02-13T22:10:55-08:00
3008,3,2,Contessa,12,2026-02-13T22:10:55-08:00
3010,3,0,"Contessa,Captain,Duke",6,2026-02-13T22:10:55-08:00
3009,3,0,"Duke,Assassin",17,2026-02-13T22:10:55-08:00
3011,3,2,Contessa,12,2026-02-13T22:10:55-08:00
3012,3,2,"Ambassador,Ambassador,Assassin",10,2026-02-13T22:10:55-08:00
3013,3,2,"Ambassador,Ambassador,Assassin",10,2026-02-13T22:10:55-08:00
3015,3,2,"Ambassador,Ambassador,Assassin",10,2026-02-13T22:10:55-08:00
3014,3,2,"Ambassador,Ambassador,Assassin",10,2026-02-13T22:10:55-08:00
3016,3,2,"Ambassador,Ambassador,Assassin",10,2026-02-13T22:10:55-08:00
3024,3,0,Ambassador,10,2026-02-13T22:10:55-08:00
3022,3,0,"Contessa,Duke",15,2026-02-13T22:10:55-08:00
3020,3,0,"Contessa,Duke",15,2026-02-13T22:10:55-08:00
3023,3,2,"Assassin,Duke,Duke",16,2026-02-13T22:10:55-08:00
3017,3,2,"Ambassador,Duke,Contessa",3,2026-02-13T22:10:55-08:00
3018,3,0,Ambassador,10,2026-02-13T22:10:55-08:00
3019,3,1,"Contessa,Duke,Duke,Ambassador,Contessa",7,2026-02-13T22:10:55-08:00
3025,3,2,"Assassin,Duke,Duke",16,2026-02-13T22:10:55-08:00
3026,3,0,"Assassin,Ambassador,Contessa",8,2026-02-13T22:10:55-08:00
3027,3,0,"Contessa,Ambassador,Captain,Captain",14,2026-02-13T22:10:55-08:00
3029,3,2,"Duke,Assassin,Captain",10,2026-02-13T22:10:55-08:00
3030,3,0,Captain,10,2026-02-13T22:10:55-08:00
3028,3,0,"Contessa,Ambassador,Captain,Captain",14,2026-02-13T22:10:55-08:00
3032,3,2,"Captain,Ambassador,Contessa",7,2026-02-13T22:10:55-08:00
3035,3,2,"Assassin,Duke,Duke",4,2026-02-13T22:10:55-08:00
3033,3,0,Assassin,13,2026-02-13T22:10:55-08:00
3036,3,1,"Duke,Contessa,Duke",3,2026-02-13T22:10:55-08:00
3037,3,2,"Assassin,Duke,Duke",4,2026-02-13T22:10:55-08:00
3034,3,0,"Ambassador,Ambassador,Ambassador",25,2026-02-13T22:10:55-08:00
3031,3,0,"Contessa,Ambassador,Captain,Captain",14,2026-02-13T22:10:55-08:00
3038,3,0,Ambassador,12,2026-02-13T22:10:55-08:00
3041,3,2,Assassin,7,2026-02-13T22:10:55-08:00
3039,3,1,"Assassin,Captain",25,2026-02-13T22:10:55-08:00
3021,3,1,"Duke,Ambassador,Ambassador,Duke,Ambassador",16,2026-02-13T22:10:55-08:00
3040,3,1,"Ambassador,Duke,Captain,Captain,Duke",7,2026-02-13T22:10:55-08:00
3045,3,0,"Assassin,Duke,Ambassador",9,2026-02-13T22:10:55-08:00
3043,3,0,"Assassin,Duke,Ambassador",9,2026-02-13T22:10:55-08:00
3050,3,0,"Duke,Assassin,Contessa",42,2026-02-13T22:10:55-08:00
3049,3,0,"Duke,Assassin,Contessa",42,2026-02-13T22:10:55-08:00
3052,3,2,Contessa,8,2026-02-13T22:10:55-08:00
3053,3,0,"Captain,Assassin",9,2026-02-13T22:10:55-08:00
3054,3,0,"Captain,Assassin",9,2026-02-13T22:10:55-08:00
3055,3,2,"Captain,Assassin",5,2026-02-13T22:10:55-08:00
3056,3,2,"Captain,Assassin",5,2026-02-13T22:10:55-08:00
3057,3,1,Assassin,13,2026-02-13T22:10:55-08:00
3058,3,1,Assassin,13,2026-02-13T22:10:55-08:00
3059,3,1,Captain,5,2026-02-13T22:10:55-08:00
3047,3,2,"Ambassador,Captain,Duke",4,2026-02-13T22:10:55-08:00
3060,3,1,Captain,5,2026-02-13T22:10:55-08:00
3062,3,2,Contessa,10,2026-02-13T22:10:55-08:00
3061,3,0,"Ambassador,Duke",15,2026-02-13T22:10:55-08:00
3063,3,1,"Ambassador,Captain,Contessa",6,2026-02-13T22:10:55-08:00
3064,3,2,"Assassin,Contessa",9,2026-02-13T22:10:55-08:00
3065,3,2,Contessa,10,2026-02-13T22:10:55-08:00
3066,3,2,Contessa,10,2026-02-13T22:10:55-08:00
3044,3,1,"Assassin,Captain",25,2026-02-13T22:10:55-08:00
3067,3,0,Contessa,18,2026-02-13T22:10:55-08:00
3051,3,1,Captain,10,2026-02-13T22:10:55-08:00
3046,3,2,Contessa,8,2026-02-13T22:10:55-08:00
3072,3,1,"Captain,Ambassador,Duke,Assassin",16,2026-02-13T22:10:55-08:00
3048,3,1,Captain,10,2026-02-13T22:10:55-08:00
3073,3,2,"Ambassador,Captain,Assassin,Ambassador",15,2026-02-13T22:10:55-08:00
3074,3,1,"Duke,Contessa",12,2026-02-13T22:10:55-08:00
3076,3,1,"Assassin,Captain,Contessa,Captain",4,2026-02-13T22:10:55-08:00
3075,3,1,"Contessa,Captain,Contessa,Assassin",13,2026-02-13T22:10:55-08:00
3077,3,2,"Ambassador,Captain,Assassin,Ambassador",15,2026-02-13T22:10:55-08:00
3078,3,1,"Ambassador,Duke",14,2026-02-13T22:10:55-08:00
3079,3,1,"Ambassador,Duke",14,2026-02-13T22:10:55-08:00
3080,3,1,"Assassin,Captain,Contessa,Captain",4,2026-02-13T22:10:55-08:00
3081,3,0,"Ambassador,Duke,Captain",8,2026-02-13T22:10:55-08:00
3082,3,0,"Ambassador,Duke,Captain",8,2026-02-13T22:10:55-08:00
3083,3,2,"Assassin,Captain,Assassin,Duke",11,2026-02-13T22:10:55-08:00
3084,3,2,"Assassin,Captain,Contessa",11,2026-02-13T22:10:55-08:00
3085,3,2,"Assassin,Captain,Contessa",11,2026-02-13T22:10:55-08:00
3086,3,1,"Duke,Duke",18,2026-02-13T22:10:55-08:00
3087,3,1,"Captain,Assassin,Captain",7,2026-02-13T22:10:55-08:00
3089,3,1,"Ambassador,Ambassador,Ambassador,Ambassador",10,2026-02-13T22:10:55-08:00
3088,3,1,"Captain,Assassin,Captain",7,2026-02-13T22:10:55-08:00
3090,3,1,"Captain,Ambassador",7,2026-02-13T22:10:55-08:00
3091,3,1,"Captain,Assassin,Captain",7,2026-02-13T22:10:55-08:00
3093,3,0,"Captain,Ambassador,Duke",14,2026-02-13T22:10:55-08:00
3092,3,2,Duke,15,2026-02-13T22:10:55-08:00
3094,3,1,"Captain,Ambassador",7,2026-02-13T22:10:55-08:00
3095,3,1,"Contessa,Assassin,Contessa",6,2026-02-13T22:10:55-08:00
3097,3,0,"Captain,Ambassador,Duke",14,2026-02-13T22:10:55-08:00
3096,3,1,"Contessa,Assassin,Contessa",6,2026-02-13T22:10:55-08:00
3098,3,2,"Duke,Duke",14,2026-02-13T22:10:55-08:00
3099,3,1,"Contessa,Assassin,Contessa",6,2026-02-13T22:10:55-08:00
3101,3,0,"Captain,Duke,Assassin",4,2026-02-13T22:10:55-08:00
3100,3,0,"Duke,Captain,Duke,Assassin",9,2026-02-13T22:10:55-08:00
3069,3,1,"Contessa,Ambassador,Assassin,Assassin",7,2026-02-13T22:10:55-08:00
3103,3,1,"Ambassador,Assassin,Captain",7,2026-02-13T22:10:55-08:00
3102,3,2,"Duke,Duke",14,2026-02-13T22:10:55-08:00
3106,3,2,"Duke,Captain,Assassin",13,2026-02-13T22:10:55-08:00
3070,3,0,"Contessa,Captain,Assassin",11,2026-02-13T22:10:55-08:00
3105,3,2,"Captain,Contessa,Duke,Captain",6,2026-02-13T22:10:55-08:00
3108,3,0,"Duke,Duke,Contessa,Captain,Contessa",15,2026-02-13T22:10:55-08:00
3109,3,0,"Duke,Captain,Ambassador",3,2026-02-13T22:10:55-08:00
3110,3,2,"Contessa,Ambassador,Duke",11,2026-02-13T22:10:55-08:00
3107,3,1,"Ambassador,Assassin,Captain",7,2026-02-13T22:10:55-08:00
3071,3,1,Duke,5,2026-02-13T22:10:55-08:00
3111,3,1,Contessa,10,2026-02-13T22:10:55-08:00
3112,3,2,"Contessa,Ambassador,Duke",11,2026-02-13T22:10:55-08:00
3116,3,2,Duke,7,2026-02-13T22:10:55-08:00
3115,3,0,"Captain,Assassin",5,2026-02-13T22:10:55-08:00
3113,3,0,"Duke,Duke,Contessa,Captain,Contessa",15,2026-02-13T22:10:55-08:00
3114,3,0,"Duke,Duke",15,2026-02-13T22:10:55-08:00
3117,3,0,"Duke,Duke",15,2026-02-13T22:10:55-08:00
3119,3,2,"Ambassador,Duke,Assassin",5,2026-02-13T22:10:55-08:00
3118,3,1,"Assassin,Assassin,Assassin,Contessa",28,2026-02-13T22:10:55-08:00
3121,3,2,"Ambassador,Duke,Assassin",5,2026-02-13T22:10:55-08:00
3120,3,1,"Assassin,Duke",6,2026-02-13T22:10:55-08:00
3122,3,1,"Assassin,Duke",6,2026-02-13T22:10:55-08:00
3124,3,1,Ambassador,16,2026-02-13T22:10:55-08:00
3123,3,0,"Duke,Captain",12,2026-02-13T22:10:55-08:00
3125,3,0,"Duke,Captain",12,2026-02-13T22:10:55-08:00
3068,3,2,"Assassin,Contessa",9,2026-02-13T22:10:55-08:00
3126,3,1,"Ambassador,Duke",11,2026-02-13T22:10:55-08:00
3127,3,2,"Duke,Ambassador,Duke",12,2026-02-13T22:10:55-08:00
3128,3,2,"Duke,Assassin",13,2026-02-13T22:10:55-08:00
3129,3,2,"Contessa,Ambassador",13,2026-02-13T22:10:55-08:00
3132,3,0,Assassin,13,2026-02-13T22:10:55-08:00
3130,3,1,Ambassador,16,2026-02-13T22:10:55-08:00
3131,3,1,Ambassador,16,2026-02-13T22:10:55-08:00
3133,3,0,"Captain,Assassin,Duke",11,2026-02-13T22:10:55-08:00
3134,3,2,Captain,10,2026-02-13T22:10:55-08:00
3135,3,1,"Assassin,Duke,Captain,Duke",14,2026-02-13T22:10:55-08:00
3137,3,2,Captain,10,2026-02-13T22:10:55-08:00
3138,3,2,"Ambassador,Duke,Captain",6,2026-02-13T22:10:55-08:00
3136,3,2,Captain,10,2026-02-13T22:10:55-08:00
3140,3,2,Contessa,20,2026-02-13T22:10:55-08:00
3139,3,1,"Assassin,Duke,Captain,Duke",14,2026-02-13T22:10:55-08:00
3141,3,2,"Ambassador,Ambassador",15,2026-02-13T22:10:55-08:00
3104,3,1,"Ambassador,Assassin,Captain",7,2026-02-13T22:10:55-08:00
3142,3,2,Contessa,20,2026-02-13T22:10:55-08:00
3042,3,0,"Assassin,Duke,Ambassador",9,2026-02-13T22:10:55-08:00
3148,3,1,"Duke,Captain",7,2026-02-13T22:10:55-08:00
3147,3,2,Contessa,20,2026-02-13T22:10:55-08:00
3144,3,0,"Duke,Ambassador",15,2026-02-13T22:10:55-08:00
3149,3,1,"Duke,Captain",7,2026-02-13T22:10:55-08:00
3145,3,2,"Captain,Captain,Ambassador",8,2026-02-13T22:10:55-08:00
3150,3,1,"Duke,Captain",7,2026-02-13T22:10:55-08:00
3151,3,0,Ambassador,7,2026-02-13T22:10:55-08:00
3152,3,1,Ambassador,12,2026-02-13T22:10:55-08:00
3153,3,1,"Captain,Duke,Ambassador",7,2026-02-13T22:10:55-08:00
3155,3,1,Captain,5,2026-02-13T22:10:55-08:00
3154,3,2,"Duke,Contessa",12,2026-02-13T22:10:55-08:00
3156,3,1,"Ambassador,Assassin,Duke,Contessa",4,2026-02-13T22:10:55-08:00
3157,3,0,"Contessa,Ambassador,Duke,Ambassador,Captain",6,2026-02-13T22:10:55-08:00
3158,3,1,Captain,5,2026-02-13T22:10:55-08:00
3160,3,0,"Contessa,Ambassador,Duke,Ambassador,Captain",6,2026-02-13T22:10:55-08:00
3161,3,1,"Assassin,Duke,Duke",8,2026-02-13T22:10:55-08:00
3162,3,1,"Assassin,Duke,Duke",8,2026-02-13T22:10:55-08:00
3159,3,1,Assassin,22,2026-02-13T22:10:55-08:00
3163,3,2,"Duke,Captain,Ambassador,Contessa",8,2026-02-13T22:10:55-08:00
3164,3,0,Duke,15,2026-02-13T22:10:55-08:00
3143,3,0,Assassin,20,2026-02-13T22:10:55-08:00
3146,3,2,"Duke,Contessa,Ambassador,Ambassador",8,2026-02-13T22:10:55-08:00
3169,3,0,"Assassin,Assassin",8,2026-02-13T22:10:55-08:00
3170,3,0,"Assassin,Duke",5,2026-02-13T22:10:55-08:00
3171,3,2,"Ambassador,Ambassador,Ambassador,Duke",12,2026-02-13T22:10:55-08:00
3166,3,2,"Contessa,Assassin",10,2026-02-13T22:10:55-08:00
3172,3,2,Duke,10,2026-02-13T22:10:55-08:00
3167,3,2,"Contessa,Assassin",10,2026-02-13T22:10:55-08:00
3173,3,2,Duke,10,2026-02-13T22:10:55-08:00
3174,3,2,"Duke,Ambassador",10,2026-02-13T22:10:55-08:00
3176,3,2,"Assassin,Duke,Assassin",5,2026-02-13T22:10:55-08:00
3177,3,1,"Contessa,Captain,Assassin,Ambassador",21,2026-02-13T22:10:55-08:00
3179,3,1,"Duke,Captain",8,2026-02-13T22:10:55-08:00
3178,3,0,"Duke,Duke,Ambassador,Duke",8,2026-02-13T22:10:55-08:00
3175,3,2,Ambassador,32,2026-02-13T22:10:55-08:00
3180,3,2,"Ambassador,Ambassador",10,2026-02-13T22:10:55-08:00
3181,3,2,"Duke,Captain,Contessa,Duke,Ambassador",7,2026-02-13T22:10:55-08:00
3182,3,1,"Contessa,Ambassador,Ambassador,Assassin",14,2026-02-13T22:10:55-08:00
3184,3,1,"Captain,Contessa",4,2026-02-13T22:10:55-08:00
3183,3,1,"Contessa,Ambassador,Ambassador,Assassin",14,2026-02-13T22:10:55-08:00
3186,3,2,"Duke,Captain,Contessa,Duke,Ambassador",7,2026-02-13T22:10:55-08:00
3185,3,2,"Duke,Captain,Contessa,Duke,Ambassador",7,2026-02-13T22:10:55-08:00
3165,3,0,Duke,14,2026-02-13T22:10:55-08:00
3168,3,0,"Assassin,Duke",5,2026-02-13T22:10:55-08:00
3191,3,2,"Duke,Ambassador,Ambassador",5,2026-02-13T22:10:55-08:00
3192,3,2,"Captain,Duke,Contessa",3,2026-02-13T22:10:55-08:00
3193,3,2,Assassin,20,2026-02-13T22:10:55-08:00
3194,3,2,Assassin,20,2026-02-13T22:10:55-08:00
3188,3,2,"Captain,Duke,Contessa",3,2026-02-13T22:10:55-08:00
3189,3,2,Assassin,20,2026-02-13T22:10:55-08:00
3196,3,0,"Duke,Ambassador",12,2026-02-13T22:10:55-08:00
3195,3,0,"Ambassador,Contessa,Captain",10,2026-02-13T22:10:55-08:00
3201,3,2,"Duke,Assassin,Duke",15,2026-02-13T22:10:55-08:00
3202,3,2,"Duke,Assassin,Duke",15,2026-02-13T22:10:55-08:00
3187,3,2,"Duke,Ambassador,Ambassador",5,2026-02-13T22:10:55-08:00
3190,3,2,Assassin,20,2026-02-13T22:10:55-08:00
3204,3,0,Assassin,17,2026-02-13T22:10:55-08:00
3203,3,0,Assassin,17,2026-02-13T22:10:55-08:00
3206,3,2,"Ambassador,Captain,Captain,Captain,Ambassador",3,2026-02-13T22:10:55-08:00
3205,3,2,Assassin,13,2026-02-13T22:10:55-08:00
3199,3,0,Assassin,17,2026-02-13T22:10:55-08:00
3198,3,0,"Contessa,Contessa",17,2026-02-13T22:10:55-08:00
3200,3,1,"Captain,Duke,Assassin",8,2026-02-13T22:10:55-08:00
3207,3,1,"Captain,Duke,Assassin",8,2026-02-13T22:10:55-08:00
3208,3,2,Assassin,13,2026-02-13T22:10:55-08:00
3197,3,0,"Contessa,Contessa",17,2026-02-13T22:10:55-08:00
3213,3,0,"Duke,Captain",13,2026-02-13T22:10:55-08:00
3212,3,2,Ambassador,15,2026-02-13T22:10:55-08:00
3215,3,2,"Ambassador,Captain",7,2026-02-13T22:10:55-08:00
3214,3,2,Ambassador,15,2026-02-13T22:10:55-08:00
3217,3,0,"Captain,Duke,Contessa,Assassin",6,2026-02-13T22:10:55-08:00
3216,3,0,"Captain,Captain",10,2026-02-13T22:10:55-08:00
3219,3,0,"Duke,Captain",13,2026-02-13T22:10:55-08:00
3220,3,0,"Duke,Captain",13,2026-02-13T22:10:55-08:00
3221,3,2,"Captain,Contessa",10,2026-02-13T22:10:55-08:00
3222,3,0,"Captain,Contessa",12,2026-02-13T22:10:55-08:00
3223,3,0,"Captain,Duke,Contessa,Assassin",6,2026-02-13T22:10:55-08:00
3224,3,0,"Captain,Duke,Contessa,Assassin",6,2026-02-13T22:10:55-08:00
3225,3,1,Captain,20,2026-02-13T22:10:55-08:00
3226,3,1,Assassin,13,2026-02-13T22:10:55-08:00
3227,3,2,"Captain,Contessa",10,2026-02-13T22:10:55-08:00
3228,3,2,"Captain,Contessa",10,2026-02-13T22:10:55-08:00
3229,3,0,Contessa,14,2026-02-13T22:10:55-08:00
3210,3,2,"Ambassador,Captain",7,2026-02-13T22:10:55-08:00
3233,3,2,"Assassin,Duke,Duke",5,2026-02-13T22:10:55-08:00
3209,3,2,Ambassador,15,2026-02-13T22:10:55-08:00
3211,3,2,"Duke,Assassin",11,2026-02-13T22:10:55-08:00
3234,3,2,"Assassin,Duke,Duke",5,2026-02-13T22:10:55-08:00
3235,3,0,Ambassador,3,2026-02-13T22:10:55-08:00
3236,3,2,"Ambassador,Contessa",9,2026-02-13T22:10:55-08:00
3237,3,2,"Ambassador,Contessa",9,2026-02-13T22:10:55-08:00
3238,3,0,"Ambassador,Contessa,Assassin",23,2026-02-13T22:10:55-08:00
3239,3,0,"Assassin,Captain",18,2026-02-13T22:10:55-08:00
3240,3,0,"Contessa,Assassin",24,2026-02-13T22:10:55-08:00
3241,3,0,"Contessa,Assassin",24,2026-02-13T22:10:55-08:00
3242,3,2,"Contessa,Duke",11,2026-02-13T22:10:55-08:00
3243,3,0,Contessa,17,2026-02-13T22:10:55-08:00
3244,3,1,"Duke,Contessa",10,2026-02-13T22:10:55-08:00
3245,3,1,"Duke,Contessa",10,2026-02-13T22:10:55-08:00
3246,3,0,"Duke,Captain,Captain,Ambassador",9,2026-02-13T22:10:55-08:00
3247,3,2,"Captain,Assassin",10,2026-02-13T22:10:55-08:00
3248,3,2,"Captain,Contessa",7,2026-02-13T22:10:55-08:00
3249,3,2,"Captain,Contessa",7,2026-02-13T22:10:55-08:00
3230,3,2,"Duke,Duke",19,2026-02-13T22:10:55-08:00
3250,3,0,"Duke,Duke,Assassin,Captain",28,2026-02-13T22:10:55-08:00
3231,3,1,Captain,20,2026-02-13T22:10:55-08:00
3232,3,1,Captain,20,2026-02-13T22:10:55-08:00
3255,3,1,"Captain,Assassin",19,2026-02-13T22:10:55-08:00
3253,3,2,"Assassin,Captain",4,2026-02-13T22:10:55-08:00
3218,3,0,"Duke,Captain",13,2026-02-13T22:10:55-08:00
3257,3,2,"Duke,Contessa,Captain",9,2026-02-13T22:10:55-08:00
3256,3,2,"Duke,Contessa,Captain",9,2026-02-13T22:10:55-08:00
3252,3,0,"Duke,Duke,Assassin,Captain",28,2026-02-13T22:10:55-08:00
3258,3,1,"Duke,Duke,Contessa,Assassin",10,2026-02-13T22:10:55-08:00
3259,3,1,"Duke,Duke,Contessa,Assassin",10,2026-02-13T22:10:55-08:00
3263,3,0,"Captain,Contessa",11,2026-02-13T22:10:55-08:00
3262,3,1,"Contessa,Assassin",8,2026-02-13T22:10:55-08:00
3264,3,2,"Ambassador,Ambassador",7,2026-02-13T22:10:55-08:00
3260,3,0,Duke,14,2026-02-13T22:10:55-08:00
3261,3,1,"Captain,Assassin",19,2026-02-13T22:10:55-08:00
3265,3,2,"Ambassador,Ambassador",7,2026-02-13T22:10:55-08:00
3267,3,1,"Contessa,Contessa",9,2026-02-13T22:10:55-08:00
3268,3,2,"Ambassador,Ambassador",11,2026-02-13T22:10:55-08:00
3269,3,0,"Contessa,Assassin,Duke",3,2026-02-13T22:10:55-08:00
3266,3,2,"Ambassador,Ambassador",7,2026-02-13T22:10:55-08:00
3270,3,2,"Ambassador,Ambassador",7,2026-02-13T22:10:55-08:00
3271,3,2,Ambassador,7,2026-02-13T22:10:55-08:00
3251,3,2,"Assassin,Captain",4,2026-02-13T22:10:55-08:00
3272,3,1,"Duke,Contessa",8,2026-02-13T22:10:55-08:00
3254,3,2,"Duke,Contessa,Captain",9,2026-02-13T22:10:55-08:00
3280,3,2,"Duke,Ambassador,Assassin,Captain",6,2026-02-13T22:10:55-08:00
3278,3,0,"Contessa,Captain",9,2026-02-13T22:10:55-08:00
3279,3,0,"Contessa,Ambassador",5,2026-02-13T22:10:55-08:00
3273,3,2,"Captain,Duke",9,2026-02-13T22:10:55-08:00
3274,3,2,"Ambassador,Ambassador",11,2026-02-13T22:10:55-08:00
3276,3,0,"Contessa,Ambassador",5,2026-02-13T22:10:55-08:00
3281,3,2,Contessa,13,2026-02-13T22:10:55-08:00
3287,3,0,"Assassin,Duke,Captain",4,2026-02-13T22:10:55-08:00
3282,3,1,Captain,16,2026-02-13T22:10:55-08:00
3285,3,0,"Contessa,Captain",9,2026-02-13T22:10:55-08:00
3289,3,2,"Ambassador,Duke,Assassin,Captain",5,2026-02-13T22:10:55-08:00
3288,3,1,"Assassin,Duke",12,2026-02-13T22:10:55-08:00
3290,3,0,"Assassin,Duke,Captain",4,2026-02-13T22:10:55-08:00
3291,3,1,"Captain,Assassin,Ambassador",4,2026-02-13T22:10:55-08:00
3283,3,2,Contessa,13,2026-02-13T22:10:55-08:00
3292,3,2,Captain,13,2026-02-13T22:10:55-08:00
3293,3,0,"Contessa,Contessa,Captain",11,2026-02-13T22:10:55-08:00
3294,3,1,"Captain,Ambassador,Assassin",25,2026-02-13T22:10:55-08:00
3275,3,0,Assassin,6,2026-02-13T22:10:55-08:00
3295,3,2,"Ambassador,Duke,Assassin,Captain",5,2026-02-13T22:10:55-08:00
3296,3,1,"Assassin,Duke,Duke",11,2026-02-13T22:10:55-08:00
3298,3,2,"Duke,Captain,Ambassador",13,2026-02-13T22:10:55-08:00
3297,3,1,"Duke,Captain,Assassin,Duke",6,2026-02-13T22:10:55-08:00
3302,3,2,"Captain,Ambassador",10,2026-02-13T22:10:55-08:00
3299,3,1,"Captain,Ambassador,Assassin",25,2026-02-13T22:10:55-08:00
3300,3,1,"Captain,Ambassador,Assassin",25,2026-02-13T22:10:55-08:00
3286,3,0,"Assassin,Duke,Captain",4,2026-02-13T22:10:55-08:00
3301,3,0,"Captain,Assassin",14,2026-02-13T22:10:55-08:00
3304,3,1,"Duke,Contessa,Assassin",9,2026-02-13T22:10:55-08:00
3303,3,1,"Assassin,Ambassador",26,2026-02-13T22:10:55-08:00
3307,3,1,"Duke,Contessa,Assassin",9,2026-02-13T22:10:55-08:00
3306,3,2,Contessa,16,2026-02-13T22:10:55-08:00
3305,3,2,Contessa,16,2026-02-13T22:10:55-08:00
3308,3,1,"Duke,Contessa,Assassin",9,2026-02-13T22:10:55-08:00
3309,3,2,"Contessa,Assassin",11,2026-02-13T22:10:55-08:00
3310,3,2,"Captain,Duke,Contessa",5,2026-02-13T22:10:55-08:00
3277,3,2,"Duke,Contessa",22,2026-02-13T22:10:55-08:00
3315,3,0,"Ambassador,Captain",6,2026-02-13T22:10:55-08:00
3312,3,2,"Contessa,Captain",16,2026-02-13T22:10:55-08:00
3284,3,0,"Assassin,Duke,Captain",4,2026-02-13T22:10:55-08:00
3311,3,0,"Contessa,Assassin,Contessa",21,2026-02-13T22:10:55-08:00
3313,3,0,"Contessa,Assassin,Contessa",21,2026-02-13T22:10:55-08:00
3314,3,0,"Assassin,Contessa,Ambassador",17,2026-02-13T22:10:55-08:00
3322,3,1,"Assassin,Duke,Contessa",5,2026-02-13T22:10:55-08:00
3320,3,1,"Ambassador,Contessa",14,2026-02-13T22:10:55-08:00
3318,3,2,"Duke,Contessa,Assassin",10,2026-02-13T22:10:55-08:00
3319,3,1,"Captain,Assassin",26,2026-02-13T22:10:55-08:00
3324,3,1,"Ambassador,Contessa",14,2026-02-13T22:10:55-08:00
3317,3,0,"Ambassador,Captain",6,2026-02-13T22:10:55-08:00
3316,3,2,"Contessa,Assassin",11,2026-02-13T22:10:55-08:00
3325,3,2,Duke,5,2026-02-13T22:10:55-08:00
3326,3,1,"Duke,Contessa,Captain",18,2026-02-13T22:10:55-08:00
3327,3,0,Contessa,6,2026-02-13T22:10:55-08:00
3328,3,1,"Ambassador,Ambassador",10,2026-02-13T22:10:55-08:00
3330,3,1,"Ambassador,Ambassador",10,2026-02-13T22:10:55-08:00
3329,3,0,"Ambassador,Captain,Duke,Contessa,Ambassador",14,2026-02-13T22:10:55-08:00
3323,3,1,"Ambassador,Contessa",14,2026-02-13T22:10:55-08:00
3332,3,1,"Duke,Assassin",9,2026-02-13T22:10:55-08:00
3335,3,1,"Captain,Duke,Captain,Ambassador",4,2026-02-13T22:10:55-08:00
3333,3,0,"Ambassador,Captain,Duke,Contessa,Ambassador",14,2026-02-13T22:10:55-08:00
3334,3,1,"Contessa,Captain,Ambassador",13,2026-02-13T22:10:55-08:00
3336,3,2,"Duke,Duke,Contessa",12,2026-02-13T22:10:55-08:00
3331,3,2,"Ambassador,Ambassador,Contessa",23,2026-02-13T22:10:55-08:00
3338,3,1,"Assassin,Ambassador",10,2026-02-13T22:10:55-08:00
3337,3,1,"Duke,Contessa",17,2026-02-13T22:10:55-08:00
3339,3,1,"Duke,Assassin",9,2026-02-13T22:10:55-08:00
3321,3,2,"Duke,Contessa,Assassin",10,2026-02-13T22:10:55-08:00
3346,3,1,"Ambassador,Ambassador,Ambassador",6,2026-02-13T22:10:55-08:00
3345,3,1,"Ambassador,Duke,Contessa",6,2026-02-13T22:10:55-08:00
3343,3,1,"Ambassador,Duke,Contessa",6,2026-02-13T22:10:55-08:00
3342,3,1,"Ambassador,Duke,Contessa",6,2026-02-13T22:10:55-08:00
3347,3,1,"Ambassador,Duke,Contessa",16,2026-02-13T22:10:55-08:00
3344,3,1,"Ambassador,Duke,Contessa",16,2026-02-13T22:10:55-08:00
3348,3,1,"Ambassador,Duke,Contessa",6,2026-02-13T22:10:55-08:00
3349,3,1,"Captain,Assassin,Assassin,Ambassador",4,2026-02-13T22:10:55-08:00
3350,3,1,Contessa,15,2026-02-13T22:10:55-08:00
3351,3,0,"Contessa,Assassin,Contessa",8,2026-02-13T22:10:55-08:00
3352,3,1,"Assassin,Contessa",18,2026-02-13T22:10:55-08:00
3353,3,2,"Contessa,Ambassador",4,2026-02-13T22:10:55-08:00
3354,3,1,"Ambassador,Contessa",4,2026-02-13T22:10:55-08:00
3356,3,2,"Captain,Contessa",12,2026-02-13T22:10:55-08:00
3355,3,1,Duke,6,2026-02-13T22:10:55-08:00
3357,3,2,"Ambassador,Duke",7,2026-02-13T22:10:55-08:00
3358,3,0,"Duke,Assassin,Assassin",9,2026-02-13T22:10:55-08:00
3359,3,1,"Captain,Ambassador",5,2026-02-13T22:10:55-08:00
3361,3,1,"Captain,Ambassador",5,2026-02-13T22:10:55-08:00
3360,3,2,"Contessa,Ambassador",4,2026-02-13T22:10:55-08:00
3340,3,2,"Duke,Duke,Contessa",12,2026-02-13T22:10:55-08:00
3341,3,1,Duke,10,2026-02-13T22:10:55-08:00
3362,3,1,"Assassin,Contessa,Contessa",19,2026-02-13T22:10:55-08:00
3363,3,1,"Duke,Captain",13,2026-02-13T22:10:55-08:00
3364,3,2,"Duke,Contessa",17,2026-02-13T22:10:55-08:00
3365,3,1,"Assassin,Contessa,Contessa",19,2026-02-13T22:10:55-08:00
3367,3,1,"Duke,Captain",13,2026-02-13T22:10:55-08:00
3366,3,2,"Duke,Duke,Captain",8,2026-02-13T22:10:55-08:00
3369,3,0,"Assassin,Duke,Duke",5,2026-02-13T22:10:55-08:00
3368,3,1,"Assassin,Contessa,Ambassador",20,2026-02-13T22:10:55-08:00
3370,3,0,"Duke,Captain",13,2026-02-13T22:10:55-08:00
3372,3,0,"Duke,Captain",13,2026-02-13T22:10:55-08:00
3371,3,1,"Assassin,Contessa,Ambassador",20,2026-02-13T22:10:55-08:00
3374,3,2,"Captain,Duke,Contessa",8,2026-02-13T22:10:55-08:00
3373,3,0,"Duke,Captain",13,2026-02-13T22:10:55-08:00
3375,3,1,"Contessa,Assassin",10,2026-02-13T22:10:55-08:00
3376,3,2,"Captain,Duke,Contessa",8,2026-02-13T22:10:55-08:00
3377,3,2,"Ambassador,Ambassador",17,2026-02-13T22:10:55-08:00
3378,3,1,"Contessa,Assassin",10,2026-02-13T22:10:55-08:00
3379,3,2,"Assassin,Captain",13,2026-02-13T22:10:55-08:00
3380,3,2,"Contessa,Captain,Captain",4,2026-02-13T22:10:55-08:00
3381,3,0,"Ambassador,Ambassador",10,2026-02-13T22:10:55-08:00
3384,3,1,Assassin,7,2026-02-13T22:10:55-08:00
3386,3,2,"Ambassador,Ambassador",10,2026-02-13T22:10:55-08:00
3382,3,2,"Ambassador,Ambassador",10,2026-02-13T22:10:55-08:00
3383,3,1,"Duke,Duke",7,2026-02-13T22:10:55-08:00
3385,3,2,"Ambassador,Ambassador",10,2026-02-13T22:10:55-08:00
3387,3,1,"Duke,Duke",7,2026-02-13T22:10:55-08:00
3389,3,1,Assassin,7,2026-02-13T22:10:55-08:00
3390,3,2,"Contessa,Captain,Duke",3,2026-02-13T22:10:55-08:00
3388,3,0,"Contessa,Ambassador,Duke,Ambassador",11,2026-02-13T22:10:55-08:00
3391,3,0,"Duke,Ambassador",5,2026-02-13T22:10:55-08:00
3392,3,0,"Contessa,Ambassador,Duke,Ambassador",11,2026-02-13T22:10:55-08:00
3393,3,2,"Contessa,Assassin",6,2026-02-13T22:10:55-08:00
3394,3,2,"Contessa,Captain,Duke",3,2026-02-13T22:10:55-08:00
3396,3,0,"Contessa,Duke",5,2026-02-13T22:10:55-08:00
3395,3,1,"Ambassador,Assassin",6,2026-02-13T22:10:55-08:00
3398,3,1,"Ambassador,Assassin",6,2026-02-13T22:10:55-08:00
3397,3,1,"Contessa,Duke,Duke",15,2026-02-13T22:10:55-08:00
3400,3,1,"Assassin,Ambassador,Ambassador",10,2026-02-13T22:10:55-08:00
3401,3,2,"Contessa,Assassin",9,2026-02-13T22:10:55-08:00
3399,3,2,Contessa,15,2026-02-13T22:10:55-08:00
3405,3,2,"Contessa,Assassin",9,2026-02-13T22:10:55-08:00
3402,3,2,"Contessa,Assassin",9,2026-02-13T22:10:55-08:00
3403,3,1,"Captain,Duke,Duke,Contessa",13,2026-02-13T22:10:55-08:00
3404,3,0,"Duke,Ambassador,Captain",5,2026-02-13T22:10:55-08:00
3408,3,2,Contessa,14,2026-02-13T22:10:55-08:00
3407,3,1,"Assassin,Captain",10,2026-02-13T22:10:55-08:00
3406,3,0,"Ambassador,Ambassador,Ambassador,Duke",14,2026-02-13T22:10:55-08:00
3409,3,1,"Ambassador,Duke,Duke,Duke,Captain",7,2026-02-13T22:10:55-08:00
3410,3,0,"Duke,Ambassador,Captain",5,2026-02-13T22:10:55-08:00
3411,3,0,"Ambassador,Ambassador,Ambassador",12,2026-02-13T22:10:55-08:00
3412,3,0,"Duke,Ambassador,Contessa",20,2026-02-13T22:10:55-08:00
3414,3,0,"Ambassador,Ambassador,Ambassador",12,2026-02-13T22:10:55-08:00
3415,3,0,"Ambassador,Ambassador,Ambassador",12,2026-02-13T22:10:55-08:00
3413,3,2,"Duke,Ambassador,Contessa",16,2026-02-13T22:10:55-08:00
3416,3,0,"Duke,Ambassador,Contessa",20,2026-02-13T22:10:55-08:00
3418,3,1,"Assassin,Ambassador",10,2026-02-13T22:10:55-08:00
3417,3,1,Captain,13,2026-02-13T22:10:55-08:00
3420,3,1,"Assassin,Ambassador",10,2026-02-13T22:10:55-08:00
3421,3,1,"Assassin,Ambassador",10,2026-02-13T22:10:55-08:00
3419,3,1,"Assassin,Ambassador",10,2026-02-13T22:10:55-08:00
3422,3,1,"Assassin,Ambassador",10,2026-02-13T22:10:55-08:00
3429,3,0,Assassin,6,2026-02-13T22:10:55-08:00
3424,3,2,"Contessa,Assassin,Ambassador",9,2026-02-13T22:10:55-08:00
3428,3,2,"Contessa,Assassin,Ambassador",9,2026-02-13T22:10:55-08:00
3431,3,0,"Duke,Assassin",7,2026-02-13T22:10:55-08:00
3432,3,2,"Duke,Duke,Assassin,Assassin",8,2026-02-13T22:10:55-08:00
3423,3,0,"Captain,Contessa,Contessa",9,2026-02-13T22:10:55-08:00
3427,3,2,Ambassador,17,2026-02-13T22:10:55-08:00
3433,3,2,Assassin,8,2026-02-13T22:10:55-08:00
3434,3,2,Duke,6,2026-02-13T22:10:55-08:00
3435,3,0,Contessa,11,2026-02-13T22:10:55-08:00
3436,3,0,Contessa,11,2026-02-13T22:10:55-08:00
3438,3,1,Duke,7,2026-02-13T22:10:55-08:00
3439,3,0,"Assassin,Duke,Ambassador,Duke",3,2026-02-13T22:10:55-08:00
3437,3,0,Contessa,11,2026-02-13T22:10:55-08:00
3444,3,1,"Ambassador,Assassin",6,2026-02-13T22:10:55-08:00
3442,3,0,"Duke,Assassin,Ambassador",6,2026-02-13T22:10:55-08:00
3440,3,2,Ambassador,26,2026-02-13T22:10:55-08:00
3441,3,2,Ambassador,26,2026-02-13T22:10:55-08:00
3443,3,2,Ambassador,26,2026-02-13T22:10:55-08:00
3446,3,1,"Ambassador,Assassin",6,2026-02-13T22:10:55-08:00
3445,3,1,Captain,10,2026-02-13T22:10:55-08:00
3447,3,1,"Assassin,Ambassador",13,2026-02-13T22:10:55-08:00
3430,3,2,Ambassador,17,2026-02-13T22:10:55-08:00
3449,3,2,"Contessa,Ambassador",12,2026-02-13T22:10:55-08:00
3450,3,2,"Contessa,Ambassador",12,2026-02-13T22:10:55-08:00
3451,3,1,"Ambassador,Duke,Duke",14,2026-02-13T22:10:55-08:00
3452,3,0,"Ambassador,Ambassador",14,2026-02-13T22:10:55-08:00
3453,3,2,"Assassin,Duke,Ambassador,Duke",5,2026-02-13T22:10:55-08:00
3456,3,0,"Duke,Assassin,Ambassador",6,2026-02-13T22:10:55-08:00
3455,3,2,"Duke,Duke",15,2026-02-13T22:10:55-08:00
3454,3,2,"Duke,Duke",15,2026-02-13T22:10:55-08:00
3457,3,1,"Captain,Ambassador",5,2026-02-13T22:10:55-08:00
3458,3,2,"Ambassador,Assassin",17,2026-02-13T22:10:55-08:00
3459,3,1,"Captain,Ambassador",5,2026-02-13T22:10:55-08:00
3460,3,1,"Duke,Captain,Captain,Contessa,Duke",7,2026-02-13T22:10:55-08:00
3461,3,0,"Duke,Captain,Assassin,Assassin",4,2026-02-13T22:10:55-08:00
3426,3,1,"Ambassador,Duke,Contessa",5,2026-02-13T22:10:55-08:00
3448,3,1,"Assassin,Ambassador",13,2026-02-13T22:10:55-08:00
3462,3,0,"Duke,Captain,Assassin,Assassin",4,2026-02-13T22:10:55-08:00
3463,3,2,"Assassin,Duke,Ambassador",7,2026-02-13T22:10:55-08:00
3465,3,2,"Captain,Captain",10,2026-02-13T22:10:55-08:00
3464,3,0,"Contessa,Duke",17,2026-02-13T22:10:55-08:00
3467,3,2,"Assassin,Duke,Ambassador",7,2026-02-13T22:10:55-08:00
3466,3,0,"Ambassador,Ambassador",23,2026-02-13T22:10:55-08:00
3468,3,1,Assassin,19,2026-02-13T22:10:55-08:00
3470,3,0,Duke,13,2026-02-13T22:10:55-08:00
3472,3,0,Captain,4,2026-02-13T22:10:55-08:00
3469,3,2,"Contessa,Assassin",29,2026-02-13T22:10:55-08:00
3471,3,0,Duke,13,2026-02-13T22:10:55-08:00
3474,3,0,Captain,4,2026-02-13T22:10:55-08:00
3473,3,2,"Duke,Ambassador,Assassin,Captain",14,2026-02-13T22:10:55-08:00
3476,3,2,"Captain,Assassin",5,2026-02-13T22:10:55-08:00
3475,3,1,"Duke,Assassin,Contessa,Ambassador",16,2026-02-13T22:10:55-08:00
3477,3,2,"Duke,Ambassador,Assassin,Captain",14,2026-02-13T22:10:55-08:00
3478,3,2,"Captain,Ambassador",9,2026-02-13T22:10:55-08:00
3479,3,2,"Ambassador,Ambassador",10,2026-02-13T22:10:55-08:00
3481,3,2,Ambassador,7,2026-02-13T22:10:55-08:00
3482,3,2,"Captain,Assassin",5,2026-02-13T22:10:55-08:00
3480,3,1,"Contessa,Ambassador,Assassin",21,2026-02-13T22:10:55-08:00
3425,3,1,"Ambassador,Duke,Contessa",5,2026-02-13T22:10:55-08:00
3483,3,1,"Contessa,Ambassador,Assassin",21,2026-02-13T22:10:55-08:00
3484,3,1,"Assassin,Ambassador",4,2026-02-13T22:10:55-08:00
3486,3,0,"Duke,Ambassador,Contessa",5,2026-02-13T22:10:55-08:00
3487,3,0,"Duke,Ambassador,Contessa",5,2026-02-13T22:10:55-08:00
3485,3,0,Duke,17,2026-02-13T22:10:55-08:00
3488,3,0,"Duke,Ambassador,Contessa",5,2026-02-13T22:10:55-08:00
3492,3,2,"Assassin,Duke",4,2026-02-13T22:10:55-08:00
3493,3,0,"Assassin,Ambassador",9,2026-02-13T22:10:55-08:00
3489,3,0,Duke,28,2026-02-13T22:10:55-08:00
3491,3,0,Duke,28,2026-02-13T22:10:55-08:00
3490,3,0,Duke,28,2026-02-13T22:10:55-08:00
3495,3,0,"Captain,Ambassador",13,2026-02-13T22:10:55-08:00
3497,3,2,"Contessa,Duke",16,2026-02-13T22:10:55-08:00
3494,3,2,"Contessa,Duke",16,2026-02-13T22:10:55-08:00
3496,3,2,"Assassin,Captain,Contessa,Assassin",14,2026-02-13T22:10:55-08:00
3499,3,2,"Assassin,Captain,Contessa,Assassin",14,2026-02-13T22:10:55-08:00
3501,3,0,"Ambassador,Ambassador,Contessa,Duke",17,2026-02-13T22:10:55-08:00
3498,3,0,"Captain,Duke",11,2026-02-13T22:10:55-08:00
3500,3,2,Duke,32,2026-02-13T22:10:55-08:00
3503,3,2,Duke,32,2026-02-13T22:10:55-08:00
3505,3,0,"Ambassador,Ambassador",18,2026-02-13T22:10:55-08:00
3507,3,1,"Ambassador,Assassin,Captain",8,2026-02-13T22:10:55-08:00
3511,3,1,"Assassin,Contessa",14,2026-02-13T22:10:55-08:00
3508,3,0,"Contessa,Duke,Assassin",12,2026-02-13T22:10:55-08:00
3512,3,1,Ambassador,11,2026-02-13T22:10:55-08:00
3504,3,0,"Duke,Duke",15,2026-02-13T22:10:55-08:00
3513,3,1,Ambassador,11,2026-02-13T22:10:55-08:00
3506,3,2,Captain,6,2026-02-13T22:10:55-08:00
3515,3,2,"Duke,Contessa,Ambassador,Contessa,Assassin",3,2026-02-13T22:10:55-08:00
3514,3,1,Ambassador,11,2026-02-13T22:10:55-08:00
3516,3,2,"Duke,Ambassador,Duke",5,2026-02-13T22:10:55-08:00
3517,3,1,Assassin,11,2026-02-13T22:10:55-08:00
3518,3,0,Contessa,6,2026-02-13T22:10:55-08:00
3519,3,0,"Assassin,Captain,Ambassador",6,2026-02-13T22:10:55-08:00
3502,3,2,"Assassin,Captain,Contessa,Assassin",14,2026-02-13T22:10:55-08:00
3520,3,0,"Captain,Captain,Ambassador",15,2026-02-13T22:10:55-08:00
3521,3,1,Assassin,11,2026-02-13T22:10:55-08:00
3523,3,0,"Assassin,Captain,Ambassador",6,2026-02-13T22:10:55-08:00
3524,3,2,"Captain,Captain,Contessa",8,2026-02-13T22:10:55-08:00
3522,3,2,Contessa,14,2026-02-13T22:10:55-08:00
3526,3,2,"Captain,Captain,Contessa",8,2026-02-13T22:10:55-08:00
3525,3,0,"Captain,Captain,Ambassador",15,2026-02-13T22:10:55-08:00
3527,3,1,"Duke,Captain,Ambassador",6,2026-02-13T22:10:55-08:00
3528,3,2,"Captain,Captain,Contessa",8,2026-02-13T22:10:55-08:00
3529,3,1,Ambassador,20,2026-02-13T22:10:55-08:00
3530,3,1,Ambassador,20,2026-02-13T22:10:55-08:00
3509,3,0,"Contessa,Duke,Assassin",12,2026-02-13T22:10:55-08:00
3531,3,1,Ambassador,20,2026-02-13T22:10:55-08:00
3533,3,2,"Contessa,Duke",11,2026-02-13T22:10:55-08:00
3535,3,0,"Ambassador,Duke,Captain,Contessa",9,2026-02-13T22:10:55-08:00
3534,3,0,Ambassador,5,2026-02-13T22:10:55-08:00
3537,3,0,"Ambassador,Duke,Captain,Contessa",9,2026-02-13T22:10:55-08:00
3536,3,1,"Ambassador,Duke,Captain,Ambassador",10,2026-02-13T22:10:55-08:00
3538,3,1,"Ambassador,Duke,Captain,Ambassador",10,2026-02-13T22:10:55-08:00
3510,3,0,"Ambassador,Ambassador",18,2026-02-13T22:10:55-08:00
3540,3,0,"Assassin,Ambassador,Contessa",7,2026-02-13T22:10:55-08:00
3539,3,1,"Duke,Duke,Captain",20,2026-02-13T22:10:55-08:00
3543,3,1,Assassin,9,2026-02-13T22:10:55-08:00
3541,3,1,"Duke,Duke,Captain",20,2026-02-13T22:10:55-08:00
3544,3,1,"Ambassador,Assassin",7,2026-02-13T22:10:55-08:00
3542,3,2,Contessa,30,2026-02-13T22:10:55-08:00
3545,3,0,"Assassin,Ambassador,Contessa",7,2026-02-13T22:10:55-08:00
3547,3,1,Duke,6,2026-02-13T22:10:55-08:00
3548,3,0,"Contessa,Ambassador,Duke,Ambassador,Contessa",6,2026-02-13T22:10:55-08:00
3549,3,1,Duke,6,2026-02-13T22:10:55-08:00
3550,3,0,"Contessa,Ambassador,Duke,Ambassador,Contessa",6,2026-02-13T22:10:55-08:00
3546,3,0,Assassin,16,2026-02-13T22:10:55-08:00
3551,3,0,"Captain,Duke",5,2026-02-13T22:10:55-08:00
3552,3,0,"Contessa,Ambassador,Duke,Ambassador,Contessa",6,2026-02-13T22:10:55-08:00
3553,3,0,"Ambassador,Assassin",6,2026-02-13T22:10:55-08:00
3554,3,1,"Assassin,Ambassador",10,2026-02-13T22:10:55-08:00
3556,3,1,"Assassin,Ambassador",10,2026-02-13T22:10:55-08:00
3557,3,0,Assassin,7,2026-02-13T22:10:55-08:00
3558,3,0,"Contessa,Contessa",4,2026-02-13T22:10:55-08:00
3559,3,2,Contessa,7,2026-02-13T22:10:55-08:00
3555,3,0,"Ambassador,Assassin",6,2026-02-13T22:10:55-08:00
3560,3,0,Ambassador,12,2026-02-13T22:10:55-08:00
3561,3,2,"Ambassador,Ambassador,Duke",3,2026-02-13T22:10:55-08:00
3562,3,0,"Contessa,Contessa",4,2026-02-13T22:10:55-08:00
3563,3,0,"Captain,Duke",5,2026-02-13T22:10:55-08:00
3564,3,1,"Captain,Assassin,Contessa",7,2026-02-13T22:10:55-08:00
3565,3,2,"Ambassador,Ambassador,Duke",3,2026-02-13T22:10:55-08:00
3567,3,1,"Captain,Assassin,Contessa",7,2026-02-13T22:10:55-08:00
3569,3,0,"Ambassador,Ambassador",10,2026-02-13T22:10:55-08:00
3566,3,0,"Ambassador,Duke,Ambassador",21,2026-02-13T22:10:55-08:00
3568,3,0,"Contessa,Captain,Assassin",22,2026-02-13T22:10:55-08:00
3570,3,1,"Ambassador,Duke",16,2026-02-13T22:10:55-08:00
3571,3,0,"Duke,Ambassador,Assassin",18,2026-02-13T22:10:55-08:00
3573,3,2,"Ambassador,Captain,Duke,Contessa",8,2026-02-13T22:10:55-08:00
3572,3,0,"Contessa,Captain,Assassin",22,2026-02-13T22:10:55-08:00
3575,3,2,"Ambassador,Captain,Duke,Contessa",8,2026-02-13T22:10:55-08:00
3577,3,1,"Duke,Captain",12,2026-02-13T22:10:55-08:00
3574,3,2,"Ambassador,Captain,Duke,Contessa",8,2026-02-13T22:10:55-08:00
3578,3,0,"Contessa,Ambassador,Duke,Contessa",9,2026-02-13T22:10:55-08:00
3579,3,1,"Duke,Captain",12,2026-02-13T22:10:55-08:00
3580,3,1,"Assassin,Captain",10,2026-02-13T22:10:55-08:00
3532,3,2,"Ambassador,Captain,Contessa",11,2026-02-13T22:10:55-08:00
3582,3,1,"Assassin,Duke,Duke,Assassin",15,2026-02-13T22:10:55-08:00
3581,3,1,"Duke,Captain",12,2026-02-13T22:10:55-08:00
3583,3,0,"Ambassador,Assassin,Assassin",6,2026-02-13T22:10:55-08:00
3584,3,2,"Duke,Assassin,Contessa",15,2026-02-13T22:10:55-08:00
3585,3,2,"Duke,Duke",7,2026-02-13T22:10:55-08:00
3586,3,1,Ambassador,20,2026-02-13T22:10:55-08:00
3587,3,1,Ambassador,20,2026-02-13T22:10:55-08:00
3590,3,2,"Assassin,Duke,Contessa",6,2026-02-13T22:10:55-08:00
3588,3,0,"Duke,Captain,Contessa",13,2026-02-13T22:10:55-08:00
3589,3,2,"Duke,Assassin,Contessa",15,2026-02-13T22:10:55-08:00
3592,3,1,"Assassin,Duke",8,2026-02-13T22:10:55-08:00
3591,3,1,"Captain,Contessa",16,2026-02-13T22:10:55-08:00
3593,3,0,"Duke,Captain,Contessa",13,2026-02-13T22:10:55-08:00
3594,3,0,"Duke,Captain,Contessa",13,2026-02-13T22:10:55-08:00
3576,3,1,"Assassin,Captain",10,2026-02-13T22:10:55-08:00
3599,3,0,"Captain,Assassin,Duke,Captain",6,2026-02-13T22:10:55-08:00
3600,3,0,Contessa,15,2026-02-13T22:10:55-08:00
3601,3,0,Contessa,15,2026-02-13T22:10:55-08:00
3603,3,0,"Captain,Duke,Assassin",5,2026-02-13T22:10:55-08:00
3596,3,0,Captain,16,2026-02-13T22:10:55-08:00
3604,3,1,"Ambassador,Assassin",2,2026-02-13T22:10:55-08:00
3598,3,0,"Contessa,Contessa",14,2026-02-13T22:10:55-08:00
3597,3,0,Captain,16,2026-02-13T22:10:55-08:00
3602,3,1,Duke,34,2026-02-13T22:10:55-08:00
3605,3,1,"Ambassador,Assassin",2,2026-02-13T22:10:55-08:00
3606,3,0,Captain,13,2026-02-13T22:10:55-08:00
3607,3,0,"Captain,Duke,Assassin",5,2026-02-13T22:10:55-08:00
3609,3,0,Captain,13,2026-02-13T22:10:55-08:00
3611,3,0,"Ambassador,Ambassador,Assassin,Assassin",9,2026-02-13T22:10:55-08:00
3608,3,2,"Contessa,Assassin,Contessa",13,2026-02-13T22:10:55-08:00
3610,3,0,Duke,16,2026-02-13T22:10:55-08:00
3612,3,0,Duke,16,2026-02-13T22:10:55-08:00
3613,3,0,"Contessa,Captain",6,2026-02-13T22:10:55-08:00
3614,3,2,"Duke,Captain,Duke,Ambassador",10,2026-02-13T22:10:55-08:00
3615,3,2,"Captain,Assassin,Ambassador",8,2026-02-13T22:10:55-08:00
3616,3,0,"Ambassador,Duke",5,2026-02-13T22:10:55-08:00
3618,3,2,"Captain,Assassin,Ambassador",8,2026-02-13T22:10:55-08:00
3617,3,2,"Captain,Assassin,Ambassador",8,2026-02-13T22:10:55-08:00
3620,3,1,"Ambassador,Contessa,Captain",15,2026-02-13T22:10:55-08:00
3621,3,0,"Duke,Assassin",8,2026-02-13T22:10:55-08:00
3623,3,0,"Duke,Captain,Ambassador",9,2026-02-13T22:10:55-08:00
3622,3,0,"Duke,Captain,Duke,Contessa,Ambassador",8,2026-02-13T22:10:55-08:00
3624,3,0,"Duke,Duke,Duke,Captain",17,2026-02-13T22:10:55-08:00
3625,3,1,"Ambassador,Contessa,Captain",15,2026-02-13T22:10:55-08:00
3627,3,0,Contessa,10,2026-02-13T22:10:55-08:00
3628,3,0,"Contessa,Ambassador",9,2026-02-13T22:10:55-08:00
3629,3,0,"Contessa,Ambassador",9,2026-02-13T22:10:55-08:00
3619,3,2,"Captain,Assassin,Ambassador",8,2026-02-13T22:10:55-08:00
3630,3,0,"Assassin,Duke,Duke,Captain",6,2026-02-13T22:10:55-08:00
3631,3,0,"Contessa,Ambassador",9,2026-02-13T22:10:55-08:00
3626,3,0,"Contessa,Ambassador",9,2026-02-13T22:10:55-08:00
3633,3,0,Assassin,8,2026-02-13T22:10:55-08:00
3632,3,2,"Duke,Assassin,Contessa",13,2026-02-13T22:10:55-08:00
3595,3,0,Contessa,15,2026-02-13T22:10:55-08:00
3638,3,1,"Captain,Captain",4,2026-02-13T22:10:55-08:00
3639,3,2,Duke,7,2026-02-13T22:10:55-08:00
3637,3,1,"Assassin,Captain,Duke",11,2026-02-13T22:10:55-08:00
3640,3,0,"Ambassador,Ambassador,Ambassador",15,2026-02-13T22:10:55-08:00
3641,3,0,"Captain,Duke",12,2026-02-13T22:10:55-08:00
3636,3,2,"Ambassador,Ambassador",6,2026-02-13T22:10:55-08:00
3635,3,2,"Duke,Assassin,Contessa",13,2026-02-13T22:10:55-08:00
3642,3,0,"Assassin,Assassin,Duke",5,2026-02-13T22:10:55-08:00
3644,3,1,Assassin,4,2026-02-13T22:10:55-08:00
3643,3,0,Assassin,11,2026-02-13T22:10:55-08:00
3646,3,2,"Ambassador,Assassin",4,2026-02-13T22:10:55-08:00
3645,3,0,Assassin,11,2026-02-13T22:10:55-08:00
3650,3,2,"Ambassador,Assassin",4,2026-02-13T22:10:55-08:00
3647,3,0,Assassin,11,2026-02-13T22:10:55-08:00
3648,3,0,Assassin,11,2026-02-13T22:10:55-08:00
3652,3,0,"Assassin,Captain,Ambassador",3,2026-02-13T22:10:55-08:00
3649,3,0,Duke,33,2026-02-13T22:10:55-08:00
3651,3,0,Duke,33,2026-02-13T22:10:55-08:00
3634,3,0,Assassin,8,2026-02-13T22:10:55-08:00
3653,3,0,Duke,33,2026-02-13T22:10:55-08:00
3659,3,1,"Duke,Duke",6,2026-02-13T22:10:55-08:00
3657,3,2,Duke,26,2026-02-13T22:10:55-08:00
3655,3,2,"Captain,Captain,Ambassador",5,2026-02-13T22:10:55-08:00
3661,3,1,"Duke,Duke",6,2026-02-13T22:10:55-08:00
3658,3,1,"Ambassador,Ambassador",23,2026-02-13T22:10:55-08:00
3664,3,1,"Duke,Duke",6,2026-02-13T22:10:55-08:00
3663,3,2,"Duke,Assassin",27,2026-02-13T22:10:55-08:00
3665,3,1,"Assassin,Contessa,Duke,Ambassador,Duke",10,2026-02-13T22:10:55-08:00
3666,3,2,"Captain,Contessa",13,2026-02-13T22:10:55-08:00
3667,3,1,Assassin,10,2026-02-13T22:10:55-08:00
3668,3,1,"Assassin,Duke,Ambassador",15,2026-02-13T22:10:55-08:00
3670,3,1,"Captain,Duke,Ambassador",1,2026-02-13T22:10:55-08:00
3669,3,2,"Captain,Ambassador,Captain",8,2026-02-13T22:10:55-08:00
3662,3,1,Assassin,10,2026-02-13T22:10:55-08:00
3672,3,0,Assassin,11,2026-02-13T22:10:55-08:00
3674,3,1,"Captain,Duke,Ambassador",1,2026-02-13T22:10:55-08:00
3673,3,2,"Assassin,Ambassador,Assassin",4,2026-02-13T22:10:55-08:00
3675,3,2,"Assassin,Ambassador,Assassin",4,2026-02-13T22:10:55-08:00
3676,3,2,"Ambassador,Contessa,Captain",9,2026-02-13T22:10:55-08:00
3677,3,2,"Assassin,Ambassador,Assassin",4,2026-02-13T22:10:55-08:00
3678,3,1,"Duke,Captain,Captain",3,2026-02-13T22:10:55-08:00
3679,3,1,"Assassin,Duke,Ambassador",6,2026-02-13T22:10:55-08:00
3682,3,1,"Assassin,Duke,Duke,Assassin",7,2026-02-13T22:10:55-08:00
3680,3,1,"Assassin,Duke,Duke,Captain",13,2026-02-13T22:10:55-08:00
3681,3,1,"Ambassador,Contessa,Contessa",18,2026-02-13T22:10:55-08:00
3683,3,0,"Captain,Duke,Assassin",4,2026-02-13T22:10:55-08:00
3685,3,0,"Captain,Duke,Assassin",4,2026-02-13T22:10:55-08:00
3684,3,1,"Assassin,Ambassador,Ambassador",16,2026-02-13T22:10:55-08:00
3686,3,2,"Contessa,Assassin",5,2026-02-13T22:10:55-08:00
3687,3,2,"Contessa,Assassin",5,2026-02-13T22:10:55-08:00
3688,3,1,"Assassin,Ambassador,Ambassador",16,2026-02-13T22:10:55-08:00
3689,3,1,"Contessa,Duke,Assassin,Ambassador,Ambassador",13,2026-02-13T22:10:55-08:00
3691,3,1,"Contessa,Duke,Assassin,Ambassador,Ambassador",13,2026-02-13T22:10:55-08:00
3690,3,1,"Contessa,Duke,Assassin,Ambassador,Ambassador",13,2026-02-13T22:10:55-08:00
3692,3,1,"Ambassador,Duke",7,2026-02-13T22:10:55-08:00
3693,3,0,"Captain,Captain",16,2026-02-13T22:10:55-08:00
3694,3,0,Contessa,5,2026-02-13T22:10:55-08:00
3695,3,1,"Assassin,Ambassador,Contessa",7,2026-02-13T22:10:55-08:00
3654,3,0,Duke,33,2026-02-13T22:10:55-08:00
3696,3,0,Contessa,5,2026-02-13T22:10:55-08:00
3671,3,2,Captain,4,2026-02-13T22:10:55-08:00
3701,3,1,Duke,8,2026-02-13T22:10:55-08:00
3698,3,0,"Captain,Contessa",15,2026-02-13T22:10:55-08:00
3702,3,2,"Assassin,Ambassador",9,2026-02-13T22:10:55-08:00
3699,3,2,"Contessa,Ambassador",24,2026-02-13T22:10:55-08:00
3704,3,2,Assassin,12,2026-02-13T22:10:55-08:00
3703,3,1,"Assassin,Ambassador",9,2026-02-13T22:10:55-08:00
3707,3,0,"Ambassador,Ambassador,Ambassador,Ambassador",9,2026-02-13T22:10:55-08:00
3705,3,2,"Contessa,Ambassador",24,2026-02-13T22:10:55-08:00
3706,3,0,"Ambassador,Ambassador,Ambassador,Ambassador",9,2026-02-13T22:10:55-08:00
3708,3,1,"Captain,Ambassador",13,2026-02-13T22:10:55-08:00
3709,3,0,"Ambassador,Ambassador,Duke",12,2026-02-13T22:10:55-08:00
3710,3,1,"Ambassador,Ambassador",12,2026-02-13T22:10:55-08:00
3712,3,1,"Assassin,Ambassador",7,2026-02-13T22:10:55-08:00
3711,3,0,"Assassin,Duke",15,2026-02-13T22:10:55-08:00
3713,3,0,"Duke,Captain",8,2026-02-13T22:10:55-08:00
3715,3,0,"Duke,Captain",8,2026-02-13T22:10:55-08:00
3714,3,0,"Ambassador,Ambassador,Duke",12,2026-02-13T22:10:55-08:00
3717,3,1,Duke,11,2026-02-13T22:10:55-08:00
3716,3,1,Duke,11,2026-02-13T22:10:55-08:00
3719,3,2,"Duke,Contessa,Assassin",10,2026-02-13T22:10:55-08:00
3718,3,1,"Captain,Contessa,Duke,Duke,Assassin",5,2026-02-13T22:10:55-08:00
3720,3,1,"Captain,Assassin,Duke",3,2026-02-13T22:10:55-08:00
3721,3,2,Captain,14,2026-02-13T22:10:55-08:00
3722,3,2,Captain,14,2026-02-13T22:10:55-08:00
3724,3,2,"Duke,Contessa,Assassin",10,2026-02-13T22:10:55-08:00
3660,3,1,"Duke,Duke",6,2026-02-13T22:10:55-08:00
3725,3,1,"Contessa,Duke,Ambassador",7,2026-02-13T22:10:55-08:00
3726,3,1,"Contessa,Duke,Ambassador",7,2026-02-13T22:10:55-08:00
3728,3,1,"Assassin,Duke,Ambassador",7,2026-02-13T22:10:55-08:00
3727,3,2,Captain,14,2026-02-13T22:10:55-08:00
3730,3,1,Ambassador,22,2026-02-13T22:10:55-08:00
3729,3,1,Ambassador,22,2026-02-13T22:10:55-08:00
3733,3,1,"Duke,Contessa",9,2026-02-13T22:10:55-08:00
3732,3,1,"Assassin,Duke,Ambassador",7,2026-02-13T22:10:55-08:00
3731,3,1,Ambassador,22,2026-02-13T22:10:55-08:00
3723,3,1,"Ambassador,Contessa",12,2026-02-13T22:10:55-08:00
3734,3,0,"Duke,Duke,Captain,Assassin,Assassin",14,2026-02-13T22:10:55-08:00
3656,3,0,"Duke,Captain,Captain",12,2026-02-13T22:10:55-08:00
3735,3,0,"Duke,Duke,Captain,Assassin,Assassin",14,2026-02-13T22:10:55-08:00
3697,3,1,Duke,8,2026-02-13T22:10:55-08:00
3700,3,2,"Assassin,Ambassador",9,2026-02-13T22:10:55-08:00
3742,3,0,"Duke,Captain",5,2026-02-13T22:10:55-08:00
3741,3,0,"Assassin,Contessa",15,2026-02-13T22:10:55-08:00
3739,3,1,"Ambassador,Ambassador,Ambassador,Captain",8,2026-02-13T22:10:55-08:00
3738,3,2,"Duke,Assassin",13,2026-02-13T22:10:55-08:00
3737,3,0,"Duke,Assassin,Contessa",9,2026-02-13T22:10:55-08:00
3740,3,0,"Duke,Assassin,Contessa",9,2026-02-13T22:10:55-08:00
3743,3,2,"Duke,Duke",6,2026-02-13T22:10:55-08:00
3747,3,2,"Ambassador,Contessa",13,2026-02-13T22:10:55-08:00
3736,3,1,"Ambassador,Ambassador",11,2026-02-13T22:10:55-08:00
3744,3,1,Contessa,19,2026-02-13T22:10:55-08:00
3749,3,1,"Duke,Ambassador,Duke,Ambassador",12,2026-02-13T22:10:55-08:00
3750,3,0,"Captain,Duke,Contessa",8,2026-02-13T22:10:55-08:00
3751,3,0,"Duke,Assassin",9,2026-02-13T22:10:55-08:00
3745,3,1,"Duke,Ambassador,Duke,Ambassador",12,2026-02-13T22:10:55-08:00
3752,3,0,"Captain,Duke,Contessa",8,2026-02-13T22:10:55-08:00
3753,3,2,"Duke,Captain,Assassin,Captain",5,2026-02-13T22:10:55-08:00
3754,3,0,"Assassin,Ambassador",8,2026-02-13T22:10:55-08:00
3755,3,0,"Duke,Assassin",9,2026-02-13T22:10:55-08:00
3756,3,1,"Assassin,Captain,Duke",7,2026-02-13T22:10:55-08:00
3757,3,1,"Assassin,Captain,Duke",7,2026-02-13T22:10:55-08:00
3759,3,1,"Captain,Assassin,Captain,Duke",10,2026-02-13T22:10:55-08:00
3761,3,0,"Assassin,Duke",5,2026-02-13T22:10:55-08:00
3758,3,1,Duke,28,2026-02-13T22:10:55-08:00
3762,3,0,"Assassin,Captain,Duke",9,2026-02-13T22:10:55-08:00
3760,3,0,"Assassin,Ambassador,Assassin",18,2026-02-13T22:10:55-08:00
3763,3,0,"Assassin,Captain,Duke",9,2026-02-13T22:10:55-08:00
3764,3,0,"Captain,Contessa",14,2026-02-13T22:10:55-08:00
3768,3,0,Contessa,7,2026-02-13T22:10:55-08:00
3766,3,1,"Captain,Assassin,Captain,Duke",10,2026-02-13T22:10:55-08:00
3769,3,1,"Captain,Captain,Captain",8,2026-02-13T22:10:55-08:00
3748,3,0,"Captain,Duke,Contessa",8,2026-02-13T22:10:55-08:00
3765,3,1,"Duke,Assassin,Contessa",31,2026-02-13T22:10:55-08:00
3770,3,0,"Captain,Assassin,Assassin,Ambassador",10,2026-02-13T22:10:55-08:00
3771,3,0,"Duke,Ambassador,Duke,Assassin",5,2026-02-13T22:10:55-08:00
3772,3,0,"Duke,Ambassador,Duke,Assassin",5,2026-02-13T22:10:55-08:00
3773,3,1,"Duke,Duke,Contessa",7,2026-02-13T22:10:55-08:00
3774,3,1,"Duke,Duke,Contessa",7,2026-02-13T22:10:55-08:00
3775,3,0,"Captain,Assassin,Assassin,Ambassador",10,2026-02-13T22:10:55-08:00
3776,3,2,"Assassin,Ambassador",7,2026-02-13T22:10:55-08:00
3778,3,1,"Duke,Duke,Contessa",7,2026-02-13T22:10:55-08:00
3777,3,1,"Duke,Duke,Contessa",7,2026-02-13T22:10:55-08:00
3767,3,1,"Captain,Ambassador,Assassin",20,2026-02-13T22:10:55-08:00
3781,3,2,"Assassin,Ambassador",7,2026-02-13T22:10:55-08:00
3779,3,1,"Contessa,Ambassador",17,2026-02-13T22:10:55-08:00
3780,3,1,"Contessa,Ambassador",17,2026-02-13T22:10:55-08:00
3782,3,1,"Assassin,Captain,Contessa",16,2026-02-13T22:10:55-08:00
3783,3,2,"Assassin,Ambassador",7,2026-02-13T22:10:55-08:00
3784,3,1,Duke,11,2026-02-13T22:10:55-08:00
3785,3,0,"Captain,Ambassador,Captain,Ambassador",24,2026-02-13T22:10:55-08:00
3789,3,1,Contessa,6,2026-02-13T22:10:55-08:00
3790,3,1,"Ambassador,Ambassador,Ambassador,Ambassador",10,2026-02-13T22:10:55-08:00
3786,3,0,"Contessa,Contessa,Captain",10,2026-02-13T22:10:55-08:00
3787,3,1,"Duke,Assassin,Assassin",25,2026-02-13T22:10:55-08:00
3788,3,1,"Duke,Assassin,Assassin",25,2026-02-13T22:10:55-08:00
3794,3,1,"Duke,Duke,Contessa,Captain",3,2026-02-13T22:10:55-08:00
3793,3,2,Duke,7,2026-02-13T22:10:55-08:00
3792,3,1,"Assassin,Captain,Captain",11,2026-02-13T22:10:55-08:00
3791,3,1,"Duke,Assassin,Assassin",25,2026-02-13T22:10:55-08:00
3795,3,0,"Ambassador,Duke,Contessa",3,2026-02-13T22:10:55-08:00
3796,3,1,"Duke,Contessa,Assassin",10,2026-02-13T22:10:55-08:00
3797,3,1,"Duke,Contessa,Assassin",10,2026-02-13T22:10:55-08:00
3799,3,1,"Ambassador,Captain",8,2026-02-13T22:10:55-08:00
3800,3,1,"Ambassador,Captain",8,2026-02-13T22:10:55-08:00
3802,3,1,"Ambassador,Assassin,Captain",11,2026-02-13T22:10:55-08:00
3801,3,1,"Assassin,Captain,Ambassador",7,2026-02-13T22:10:55-08:00
3746,3,0,"Duke,Captain",5,2026-02-13T22:10:55-08:00
3803,3,2,"Assassin,Contessa,Contessa",17,2026-02-13T22:10:55-08:00
3798,3,1,"Assassin,Captain,Captain",11,2026-02-13T22:10:55-08:00
3804,3,2,"Assassin,Contessa,Contessa",17,2026-02-13T22:10:55-08:00
3812,3,1,Ambassador,9,2026-02-13T22:10:55-08:00
3808,3,1,Captain,5,2026-02-13T22:10:55-08:00
3810,3,0,"Ambassador,Captain,Assassin",6,2026-02-13T22:10:55-08:00
3806,3,2,"Duke,Duke,Captain",22,2026-02-13T22:10:55-08:00
3811,3,1,Ambassador,9,2026-02-13T22:10:55-08:00
3809,3,1,Captain,5,2026-02-13T22:10:55-08:00
3813,3,0,Ambassador,9,2026-02-13T22:10:55-08:00
3814,3,1,Ambassador,9,2026-02-13T22:10:55-08:00
3805,3,2,"Duke,Duke,Captain",22,2026-02-13T22:10:55-08:00
3815,3,1,"Ambassador,Duke,Duke,Ambassador,Duke",6,2026-02-13T22:10:55-08:00
3817,3,1,"Captain,Contessa,Captain,Contessa",5,2026-02-13T22:10:55-08:00
3816,3,1,"Captain,Contessa,Captain,Contessa",5,2026-02-13T22:10:55-08:00
3818,3,0,"Duke,Contessa,Ambassador",14,2026-02-13T22:10:55-08:00
3819,3,1,"Duke,Captain,Duke",12,2026-02-13T22:10:55-08:00
3820,3,1,"Captain,Contessa,Captain,Contessa",5,2026-02-13T22:10:55-08:00
3821,3,0,"Assassin,Duke",4,2026-02-13T22:10:55-08:00
3823,3,0,"Assassin,Duke",4,2026-02-13T22:10:55-08:00
3822,3,2,Duke,9,2026-02-13T22:10:55-08:00
3824,3,1,"Ambassador,Contessa,Assassin",6,2026-02-13T22:10:55-08:00
3826,3,1,"Ambassador,Contessa,Assassin",6,2026-02-13T22:10:55-08:00
3825,3,2,Ambassador,12,2026-02-13T22:10:55-08:00
3828,3,1,"Duke,Captain,Captain,Assassin",10,2026-02-13T22:10:55-08:00
3827,3,1,"Ambassador,Duke,Assassin",14,2026-02-13T22:10:55-08:00
3829,3,1,"Duke,Captain,Captain",4,2026-02-13T22:10:55-08:00
3833,3,1,"Duke,Captain,Captain",4,2026-02-13T22:10:55-08:00
3832,3,1,"Assassin,Captain",13,2026-02-13T22:10:55-08:00
3835,3,2,"Captain,Assassin",8,2026-02-13T22:10:55-08:00
3807,3,1,"Duke,Contessa,Captain",25,2026-02-13T22:10:55-08:00
3834,3,1,"Ambassador,Duke",15,2026-02-13T22:10:55-08:00
3836,3,1,"Ambassador,Duke",15,2026-02-13T22:10:55-08:00
3830,3,1,"Assassin,Captain",13,2026-02-13T22:10:55-08:00
3837,3,2,"Captain,Assassin",4,2026-02-13T22:10:55-08:00
3840,3,1,"Contessa,Duke,Captain",10,2026-02-13T22:10:55-08:00
3838,3,0,Ambassador,20,2026-02-13T22:10:55-08:00
3839,3,1,"Ambassador,Duke",15,2026-02-13T22:10:55-08:00
3841,3,1,Contessa,11,2026-02-13T22:10:55-08:00
3842,3,2,"Ambassador,Duke",7,2026-02-13T22:10:55-08:00
3843,3,1,"Ambassador,Duke,Captain",7,2026-02-13T22:10:55-08:00
3844,3,0,"Contessa,Ambassador",21,2026-02-13T22:10:55-08:00
3847,3,1,"Ambassador,Duke,Captain",7,2026-02-13T22:10:55-08:00
3848,3,1,"Duke,Assassin,Ambassador",6,2026-02-13T22:10:55-08:00
3846,3,0,"Contessa,Captain,Assassin",21,2026-02-13T22:10:55-08:00
3831,3,1,"Duke,Captain,Captain",4,2026-02-13T22:10:55-08:00
3845,3,0,"Contessa,Ambassador",21,2026-02-13T22:10:55-08:00
3849,3,2,"Assassin,Captain,Contessa",20,2026-02-13T22:10:55-08:00
3851,3,0,"Duke,Ambassador",9,2026-02-13T22:10:55-08:00
3853,3,1,"Duke,Duke",16,2026-02-13T22:10:55-08:00
3852,3,2,"Assassin,Captain,Contessa",20,2026-02-13T22:10:55-08:00
3854,3,2,Duke,11,2026-02-13T22:10:55-08:00
3855,3,2,Duke,11,2026-02-13T22:10:55-08:00
3856,3,2,"Captain,Captain,Ambassador",4,2026-02-13T22:10:55-08:00
3857,3,0,"Captain,Contessa",24,2026-02-13T22:10:55-08:00
3858,3,1,"Assassin,Assassin",15,2026-02-13T22:10:55-08:00
3859,3,2,Contessa,8,2026-02-13T22:10:55-08:00
3862,3,2,"Duke,Duke,Assassin,Ambassador",4,2026-02-13T22:10:55-08:00
3861,3,2,"Duke,Duke,Assassin,Ambassador",4,2026-02-13T22:10:55-08:00
3860,3,0,"Captain,Contessa",24,2026-02-13T22:10:55-08:00
3864,3,1,"Duke,Assassin,Ambassador",7,2026-02-13T22:10:55-08:00
3865,3,2,Contessa,8,2026-02-13T22:10:55-08:00
3863,3,1,Captain,24,2026-02-13T22:10:55-08:00
3868,3,0,"Assassin,Contessa,Duke",9,2026-02-13T22:10:55-08:00
3866,3,1,"Duke,Assassin,Duke",18,2026-02-13T22:10:55-08:00
3867,3,2,"Contessa,Ambassador,Ambassador",11,2026-02-13T22:10:55-08:00
3869,3,1,"Contessa,Duke,Captain",14,2026-02-13T22:10:55-08:00
3870,3,2,"Duke,Contessa,Captain",4,2026-02-13T22:10:55-08:00
3871,3,0,"Assassin,Contessa,Duke",9,2026-02-13T22:10:55-08:00
3872,3,0,"Assassin,Contessa,Duke",9,2026-02-13T22:10:55-08:00
3873,3,0,"Captain,Ambassador",5,2026-02-13T22:10:55-08:00
3874,3,0,"Ambassador,Ambassador,Ambassador",9,2026-02-13T22:10:55-08:00
3875,3,2,"Contessa,Captain",10,2026-02-13T22:10:55-08:00
3876,3,2,"Contessa,Captain",10,2026-02-13T22:10:55-08:00
3877,3,2,"Contessa,Captain",15,2026-02-13T22:10:55-08:00
3878,3,1,"Assassin,Assassin",9,2026-02-13T22:10:55-08:00
3880,3,2,"Duke,Assassin,Assassin",5,2026-02-13T22:10:55-08:00
3879,3,1,"Assassin,Assassin",9,2026-02-13T22:10:55-08:00
3882,3,1,"Captain,Duke,Duke",1,2026-02-13T22:10:55-08:00
3881,3,2,"Duke,Ambassador",4,2026-02-13T22:10:55-08:00
3883,3,1,"Captain,Duke,Duke",1,2026-02-13T22:10:55-08:00
3850,3,2,"Captain,Captain,Ambassador",4,2026-02-13T22:10:55-08:00
3885,3,2,"Duke,Assassin,Duke",23,2026-02-13T22:10:55-08:00
3884,3,0,"Duke,Ambassador,Duke",19,2026-02-13T22:10:55-08:00
3886,3,0,Contessa,5,2026-02-13T22:10:55-08:00
3890,3,2,Ambassador,4,2026-02-13T22:10:55-08:00
3887,3,2,"Duke,Ambassador",4,2026-02-13T22:10:55-08:00
3888,3,1,"Contessa,Ambassador",9,2026-02-13T22:10:55-08:00
3891,3,2,Ambassador,4,2026-02-13T22:10:55-08:00
3889,3,0,"Duke,Ambassador,Duke",19,2026-02-13T22:10:55-08:00
3893,3,0,"Contessa,Duke",11,2026-02-13T22:10:55-08:00
3894,3,2,Ambassador,4,2026-02-13T22:10:55-08:00
3892,3,1,"Duke,Duke",10,2026-02-13T22:10:55-08:00
3895,3,0,"Contessa,Duke",11,2026-02-13T22:10:55-08:00
3896,3,2,"Assassin,Captain,Contessa,Duke",8,2026-02-13T22:10:55-08:00
3898,3,1,"Ambassador,Assassin,Contessa,Captain,Ambassador",11,2026-02-13T22:10:55-08:00
3899,3,2,"Assassin,Captain,Contessa,Duke",8,2026-02-13T22:10:55-08:00
3900,3,1,"Assassin,Duke,Captain,Contessa,Captain",5,2026-02-13T22:10:55-08:00
3902,3,1,Captain,12,2026-02-13T22:10:55-08:00
3901,3,2,"Assassin,Captain,Contessa",14,2026-02-13T22:10:55-08:00
3903,3,0,Contessa,15,2026-02-13T22:10:55-08:00
3904,3,2,Contessa,12,2026-02-13T22:10:55-08:00
3906,3,2,"Duke,Captain,Captain",7,2026-02-13T22:10:55-08:00
3905,3,0,"Duke,Assassin",16,2026-02-13T22:10:55-08:00
3912,3,2,"Captain,Ambassador",7,2026-02-13T22:10:55-08:00
3911,3,1,"Ambassador,Contessa",8,2026-02-13T22:10:55-08:00
3913,3,1,Ambassador,11,2026-02-13T22:10:55-08:00
3910,3,2,"Captain,Ambassador",7,2026-02-13T22:10:55-08:00
3914,3,1,"Duke,Ambassador,Duke,Ambassador,Ambassador",6,2026-02-13T22:10:55-08:00
3915,3,1,"Ambassador,Contessa",8,2026-02-13T22:10:55-08:00
3916,3,1,"Duke,Ambassador,Duke,Ambassador,Ambassador",6,2026-02-13T22:10:55-08:00
3917,3,0,Contessa,8,2026-02-13T22:10:55-08:00
3897,3,0,"Ambassador,Contessa",24,2026-02-13T22:10:55-08:00
3909,3,2,"Duke,Captain,Assassin,Contessa",6,2026-02-13T22:10:55-08:00
3918,3,1,"Duke,Ambassador,Duke,Ambassador,Ambassador",6,2026-02-13T22:10:55-08:00
3921,3,0,"Captain,Assassin,Assassin",5,2026-02-13T22:10:55-08:00
3919,3,0,Contessa,8,2026-02-13T22:10:55-08:00
3920,3,2,"Duke,Contessa",29,2026-02-13T22:10:55-08:00
3922,3,0,"Captain,Assassin",10,2026-02-13T22:10:55-08:00
3926,3,1,"Captain,Ambassador",6,2026-02-13T22:10:55-08:00
3923,3,2,"Captain,Captain,Contessa",2,2026-02-13T22:10:55-08:00
3925,3,0,"Captain,Assassin",10,2026-02-13T22:10:55-08:00
3929,3,2,"Assassin,Captain,Assassin",4,2026-02-13T22:10:55-08:00
3907,3,2,"Duke,Captain,Captain",7,2026-02-13T22:10:55-08:00
3924,3,2,"Assassin,Ambassador",10,2026-02-13T22:10:55-08:00
3932,3,0,"Ambassador,Duke",5,2026-02-13T22:10:55-08:00
3908,3,0,Ambassador,12,2026-02-13T22:10:55-08:00
3928,3,2,"Contessa,Duke",12,2026-02-13T22:10:55-08:00
3935,3,0,Duke,7,2026-02-13T22:10:55-08:00
3936,3,0,"Captain,Duke,Duke,Ambassador",7,2026-02-13T22:10:55-08:00
3927,3,2,"Contessa,Duke",12,2026-02-13T22:10:55-08:00
3939,3,1,Ambassador,9,2026-02-13T22:10:55-08:00
3931,3,0,"Assassin,Ambassador",31,2026-02-13T22:10:55-08:00
3940,3,2,Assassin,6,2026-02-13T22:10:55-08:00
3934,3,1,Duke,6,2026-02-13T22:10:55-08:00
3930,3,2,"Contessa,Duke",12,2026-02-13T22:10:55-08:00
3943,3,1,Ambassador,9,2026-02-13T22:10:55-08:00
3937,3,0,"Captain,Duke,Duke,Ambassador",7,2026-02-13T22:10:55-08:00
3933,3,0,"Assassin,Ambassador",31,2026-02-13T22:10:55-08:00
3946,3,2,Assassin,6,2026-02-13T22:10:55-08:00
3941,3,1,Assassin,14,2026-02-13T22:10:55-08:00
3947,3,2,"Contessa,Assassin,Contessa",8,2026-02-13T22:10:55-08:00
3938,3,2,"Assassin,Ambassador",7,2026-02-13T22:10:55-08:00
3948,3,0,"Duke,Assassin,Ambassador",10,2026-02-13T22:10:55-08:00
3950,3,2,"Contessa,Assassin,Contessa",8,2026-02-13T22:10:55-08:00
3951,3,2,"Assassin,Contessa,Captain,Ambassador",8,2026-02-13T22:10:55-08:00
3949,3,2,"Captain,Duke,Captain",20,2026-02-13T22:10:55-08:00
3952,3,1,"Captain,Ambassador,Duke",1,2026-02-13T22:10:55-08:00
3953,3,2,"Assassin,Captain",5,2026-02-13T22:10:55-08:00
3954,3,2,"Assassin,Contessa,Captain,Ambassador",8,2026-02-13T22:10:55-08:00
3957,3,0,"Duke,Contessa,Ambassador",8,2026-02-13T22:10:55-08:00
3956,3,2,"Duke,Assassin,Ambassador",8,2026-02-13T22:10:55-08:00
3955,3,0,"Contessa,Contessa",19,2026-02-13T22:10:55-08:00
3958,3,1,"Captain,Ambassador,Duke",1,2026-02-13T22:10:55-08:00
3959,3,1,"Ambassador,Assassin",4,2026-02-13T22:10:55-08:00
3944,3,0,"Duke,Assassin,Ambassador",10,2026-02-13T22:10:55-08:00
3961,3,1,"Ambassador,Captain,Contessa",12,2026-02-13T22:10:55-08:00
3945,3,0,"Duke,Assassin,Ambassador",10,2026-02-13T22:10:55-08:00
3960,3,1,"Ambassador,Duke,Ambassador",22,2026-02-13T22:10:55-08:00
3962,3,1,"Assassin,Ambassador,Duke",16,2026-02-13T22:10:55-08:00
3942,3,2,"Duke,Captain,Ambassador,Ambassador,Ambassador",10,2026-02-13T22:10:55-08:00
3963,3,0,"Duke,Contessa,Ambassador",8,2026-02-13T22:10:55-08:00
3965,3,0,"Duke,Ambassador,Assassin",3,2026-02-13T22:10:55-08:00
3967,3,2,"Captain,Captain",5,2026-02-13T22:10:55-08:00
3964,3,1,"Ambassador,Duke,Ambassador",22,2026-02-13T22:10:55-08:00
3968,3,2,"Contessa,Assassin",19,2026-02-13T22:10:55-08:00
3970,3,2,"Ambassador,Assassin,Captain",13,2026-02-13T22:10:55-08:00
3969,3,0,Captain,24,2026-02-13T22:10:55-08:00
3972,3,0,"Duke,Ambassador,Ambassador,Captain",9,2026-02-13T22:10:55-08:00
3973,3,2,Assassin,7,2026-02-13T22:10:55-08:00
3971,3,0,"Assassin,Captain,Contessa,Captain",22,2026-02-13T22:10:55-08:00
3974,3,0,Contessa,12,2026-02-13T22:10:55-08:00
3976,3,2,"Assassin,Contessa,Assassin,Ambassador",6,2026-02-13T22:10:55-08:00
3975,3,2,"Ambassador,Assassin,Captain",13,2026-02-13T22:10:55-08:00
3977,3,2,"Contessa,Captain,Contessa",7,2026-02-13T22:10:55-08:00
3978,3,0,Contessa,12,2026-02-13T22:10:55-08:00
3966,3,1,"Assassin,Contessa,Captain",7,2026-02-13T22:10:55-08:00
3979,3,1,Contessa,13,2026-02-13T22:10:55-08:00
3980,3,0,"Duke,Ambassador,Ambassador",25,2026-02-13T22:10:55-08:00
3988,3,1,"Captain,Captain,Assassin,Ambassador",10,2026-02-13T22:10:55-08:00
3985,3,2,"Captain,Ambassador",9,2026-02-13T22:10:55-08:00
3983,3,2,Duke,10,2026-02-13T22:10:55-08:00
3981,3,1,Captain,7,2026-02-13T22:10:55-08:00
3982,3,0,"Assassin,Contessa",12,2026-02-13T22:10:55-08:00
3987,3,0,"Duke,Captain",9,2026-02-13T22:10:55-08:00
3986,3,0,"Duke,Captain,Contessa",18,2026-02-13T22:10:55-08:00
3989,3,2,"Ambassador,Contessa",10,2026-02-13T22:10:55-08:00
3990,3,2,"Ambassador,Contessa",10,2026-02-13T22:10:55-08:00
3993,3,0,Duke,6,2026-02-13T22:10:55-08:00
3991,3,2,"Assassin,Ambassador",14,2026-02-13T22:10:55-08:00
3994,3,0,"Duke,Assassin",11,2026-02-13T22:10:55-08:00
3992,3,0,"Duke,Captain",9,2026-02-13T22:10:55-08:00
3995,3,2,"Ambassador,Ambassador,Duke,Assassin",6,2026-02-13T22:10:55-08:00
3997,3,0,"Ambassador,Ambassador",12,2026-02-13T22:10:55-08:00
3996,3,0,"Ambassador,Ambassador",12,2026-02-13T22:10:55-08:00
3998,3,0,"Assassin,Ambassador",6,2026-02-13T22:10:55-08:00
3999,3,2,"Assassin,Assassin",9,2026-02-13T22:10:55-08:00
4000,4,2,"Ambassador,Duke,Duke,Contessa",14,2026-02-13T22:10:55-08:00
4001,4,2,"Contessa,Ambassador",14,2026-02-13T22:10:55-08:00
3984,3,1,"Captain,Captain,Assassin,Ambassador",10,2026-02-13T22:10:55-08:00
4003,4,0,"Duke,Ambassador,Assassin,Contessa,Ambassador",13,2026-02-13T22:10:55-08:00
4004,4,0,"Duke,Assassin",22,2026-02-13T22:10:55-08:00
4005,4,2,"Captain,Captain,Captain",21,2026-02-13T22:10:55-08:00
4002,4,2,"Duke,Duke",22,2026-02-13T22:10:55-08:00
4007,4,0,"Assassin,Ambassador",7,2026-02-13T22:10:55-08:00
4009,4,0,"Ambassador,Duke,Assassin",7,2026-02-13T22:10:55-08:00
4011,4,3,"Duke,Captain",22,2026-02-13T22:10:55-08:00
4010,4,0,"Assassin,Ambassador",7,2026-02-13T22:10:55-08:00
4014,4,2,"Ambassador,Ambassador,Assassin",7,2026-02-13T22:10:55-08:00
4008,4,2,"Captain,Captain,Captain",21,2026-02-13T22:10:55-08:00
4015,4,0,"Assassin,Captain,Contessa",16,2026-02-13T22:10:55-08:00
4012,4,0,"Ambassador,Duke,Assassin",7,2026-02-13T22:10:55-08:00
4016,4,2,"Ambassador,Ambassador,Assassin",7,2026-02-13T22:10:55-08:00
4013,4,2,"Captain,Contessa",11,2026-02-13T22:10:55-08:00
4017,4,2,"Ambassador,Ambassador,Assassin",7,2026-02-13T22:10:55-08:00
4019,4,1,"Duke,Ambassador",11,2026-02-13T22:10:55-08:00
4020,4,0,"Ambassador,Assassin",9,2026-02-13T22:10:55-08:00
4021,4,1,"Duke,Captain,Contessa",14,2026-02-13T22:10:55-08:00
4022,4,1,"Duke,Captain,Contessa",14,2026-02-13T22:10:55-08:00
4018,4,0,"Captain,Duke,Duke",37,2026-02-13T22:10:55-08:00
4023,4,1,"Ambassador,Contessa,Assassin,Assassin,Duke,Duke",17,2026-02-13T22:10:55-08:00
4026,4,1,Assassin,11,2026-02-13T22:10:55-08:00
4029,4,3,"Duke,Captain,Captain,Contessa,Ambassador,Assassin",16,2026-02-13T22:10:55-08:00
4024,4,2,Captain,66,2026-02-13T22:10:55-08:00
4028,4,1,"Ambassador,Contessa,Assassin,Assassin,Duke,Duke",17,2026-02-13T22:10:55-08:00
4027,4,1,"Ambassador,Contessa,Assassin,Assassin,Duke,Duke",17,2026-02-13T22:10:55-08:00
4030,4,1,Duke,19,2026-02-13T22:10:55-08:00
4025,4,2,Captain,66,2026-02-13T22:10:55-08:00
4031,4,1,Duke,19,2026-02-13T22:10:55-08:00
4033,4,1,Duke,19,2026-02-13T22:10:55-08:00
4034,4,1,Duke,17,2026-02-13T22:10:55-08:00
4032,4,3,"Duke,Captain,Captain,Contessa,Ambassador,Assassin",16,2026-02-13T22:10:55-08:00
4035,4,1,"Captain,Captain,Assassin",13,2026-02-13T22:10:55-08:00
4036,4,3,"Contessa,Captain,Assassin",14,2026-02-13T22:10:55-08:00
4037,4,1,Duke,19,2026-02-13T22:10:55-08:00
4038,4,0,"Ambassador,Ambassador,Captain",22,2026-02-13T22:10:55-08:00
4039,4,3,"Contessa,Captain,Assassin",14,2026-02-13T22:10:55-08:00
4041,4,1,"Duke,Ambassador",13,2026-02-13T22:10:55-08:00
4040,4,1,"Duke,Ambassador",13,2026-02-13T22:10:55-08:00
4042,4,2,"Assassin,Ambassador,Duke",11,2026-02-13T22:10:55-08:00
4044,4,0,"Ambassador,Ambassador,Captain",22,2026-02-13T22:10:55-08:00
4043,4,3,"Duke,Contessa,Ambassador",22,2026-02-13T22:10:55-08:00
4006,4,0,"Assassin,Ambassador",7,2026-02-13T22:10:55-08:00
4045,4,3,"Captain,Duke,Contessa,Captain",27,2026-02-13T22:10:55-08:00
4047,4,1,Assassin,33,2026-02-13T22:10:55-08:00
4046,4,3,"Duke,Contessa,Ambassador",22,2026-02-13T22:10:55-08:00
4052,4,1,"Assassin,Ambassador,Assassin,Duke",12,2026-02-13T22:10:55-08:00
4050,4,3,"Duke,Contessa,Ambassador",22,2026-02-13T22:10:55-08:00
4051,4,1,Contessa,21,2026-02-13T22:10:55-08:00
4053,4,2,"Duke,Captain",18,2026-02-13T22:10:55-08:00
4054,4,1,Contessa,19,2026-02-13T22:10:55-08:00
4056,4,2,"Duke,Duke,Assassin,Assassin,Ambassador",6,2026-02-13T22:10:55-08:00
4055,4,2,"Duke,Captain",18,2026-02-13T22:10:55-08:00
4057,4,1,"Assassin,Ambassador,Assassin,Duke",12,2026-02-13T22:10:55-08:00
4059,4,3,"Contessa,Contessa",15,2026-02-13T22:10:55-08:00
4058,4,3,"Contessa,Contessa",15,2026-02-13T22:10:55-08:00
4060,4,2,"Duke,Duke,Assassin,Assassin,Ambassador",6,2026-02-13T22:10:55-08:00
4063,4,3,"Ambassador,Ambassador,Duke,Duke",7,2026-02-13T22:10:55-08:00
4061,4,1,"Contessa,Captain,Captain",24,2026-02-13T22:10:55-08:00
4062,4,1,"Contessa,Captain,Captain",24,2026-02-13T22:10:55-08:00
4064,4,2,"Assassin,Contessa,Ambassador,Captain",12,2026-02-13T22:10:55-08:00
4065,4,3,"Captain,Captain",23,2026-02-13T22:10:55-08:00
4066,4,1,"Assassin,Contessa,Assassin",33,2026-02-13T22:10:55-08:00
4048,4,3,"Duke,Contessa,Ambassador",22,2026-02-13T22:10:55-08:00
4049,4,2,Assassin,26,2026-02-13T22:10:55-08:00
4067,4,1,"Assassin,Contessa,Assassin",33,2026-02-13T22:10:55-08:00
4069,4,0,"Duke,Duke",18,2026-02-13T22:10:55-08:00
4068,4,0,"Duke,Duke",18,2026-02-13T22:10:55-08:00
4071,4,0,"Duke,Assassin",20,2026-02-13T22:10:55-08:00
4072,4,0,"Duke,Duke",18,2026-02-13T22:10:55-08:00
4073,4,1,"Captain,Captain,Duke,Duke,Contessa",24,2026-02-13T22:10:55-08:00
4074,4,3,"Duke,Contessa,Captain",19,2026-02-13T22:10:55-08:00
4075,4,1,"Captain,Captain,Duke,Duke,Contessa",24,2026-02-13T22:10:55-08:00
4076,4,0,Duke,11,2026-02-13T22:10:55-08:00
4077,4,2,Assassin,26,2026-02-13T22:10:55-08:00
4079,4,0,Duke,11,2026-02-13T22:10:55-08:00
4078,4,0,"Assassin,Duke,Contessa,Ambassador",14,2026-02-13T22:10:55-08:00
4080,4,2,Assassin,26,2026-02-13T22:10:55-08:00
4081,4,3,"Contessa,Duke",30,2026-02-13T22:10:55-08:00
4082,4,2,Assassin,26,2026-02-13T22:10:55-08:00
4083,4,2,Duke,23,2026-02-13T22:10:55-08:00
4084,4,1,"Ambassador,Assassin",11,2026-02-13T22:10:55-08:00
4085,4,1,"Captain,Ambassador,Ambassador,Contessa,Ambassador,Captain",11,2026-02-13T22:10:55-08:00
4086,4,1,"Contessa,Assassin,Captain",12,2026-02-13T22:10:55-08:00
4088,4,0,"Assassin,Duke,Ambassador,Duke",6,2026-02-13T22:10:55-08:00
4087,4,1,"Ambassador,Assassin",11,2026-02-13T22:10:55-08:00
4070,4,0,Ambassador,20,2026-02-13T22:10:55-08:00
4092,4,1,"Contessa,Assassin,Captain",12,2026-02-13T22:10:55-08:00
4093,4,2,"Duke,Duke,Ambassador,Captain",11,2026-02-13T22:10:55-08:00
4094,4,1,"Duke,Contessa",5,2026-02-13T22:10:55-08:00
4095,4,1,"Duke,Contessa",5,2026-02-13T22:10:55-08:00
4090,4,2,"Captain,Contessa,Ambassador",15,2026-02-13T22:10:55-08:00
4091,4,3,Duke,17,2026-02-13T22:10:55-08:00
4096,4,1,"Duke,Duke,Ambassador,Assassin",13,2026-02-13T22:10:55-08:00
4097,4,3,"Duke,Assassin,Duke",35,2026-02-13T22:10:55-08:00
4098,4,2,"Duke,Assassin,Ambassador",14,2026-02-13T22:10:55-08:00
4100,4,1,"Duke,Duke,Ambassador,Assassin",13,2026-02-13T22:10:55-08:00
4101,4,2,"Duke,Assassin,Ambassador",14,2026-02-13T22:10:55-08:00
4099,4,1,"Duke,Duke,Ambassador,Assassin",13,2026-02-13T22:10:55-08:00
4102,4,3,"Captain,Duke,Assassin,Duke,Captain",9,2026-02-13T22:10:55-08:00
4103,4,3,"Captain,Duke",4,2026-02-13T22:10:55-08:00
4104,4,2,"Duke,Assassin,Ambassador",14,2026-02-13T22:10:55-08:00
4105,4,0,"Ambassador,Captain,Captain,Contessa",5,2026-02-13T22:10:55-08:00
4108,4,1,"Duke,Contessa",27,2026-02-13T22:10:55-08:00
4107,4,1,"Duke,Contessa",27,2026-02-13T22:10:55-08:00
4106,4,3,"Duke,Captain,Captain",24,2026-02-13T22:10:55-08:00
4089,4,1,"Ambassador,Assassin",11,2026-02-13T22:10:55-08:00
4109,4,2,Assassin,33,2026-02-13T22:10:55-08:00
4112,4,0,"Duke,Captain,Duke",6,2026-02-13T22:10:55-08:00
4113,4,0,"Duke,Captain,Duke",6,2026-02-13T22:10:55-08:00
4114,4,0,"Duke,Captain,Duke",6,2026-02-13T22:10:55-08:00
4111,4,0,"Ambassador,Captain,Captain,Contessa",5,2026-02-13T22:10:55-08:00
4110,4,2,"Captain,Duke,Duke",16,2026-02-13T22:10:55-08:00
4115,4,1,"Duke,Captain,Duke",13,2026-02-13T22:10:55-08:00
4116,4,1,Contessa,17,2026-02-13T22:10:55-08:00
4117,4,1,Contessa,17,2026-02-13T22:10:55-08:00
4118,4,1,Contessa,17,2026-02-13T22:10:55-08:00
4119,4,1,Contessa,17,2026-02-13T22:10:55-08:00
4120,4,1,Contessa,17,2026-02-13T22:10:55-08:00
4122,4,1,Contessa,15,2026-02-13T22:10:55-08:00
4123,4,0,"Duke,Assassin,Ambassador,Assassin",23,2026-02-13T22:10:55-08:00
4125,4,0,"Duke,Assassin,Ambassador,Assassin",23,2026-02-13T22:10:55-08:00
4126,4,0,"Duke,Assassin,Ambassador,Assassin",23,2026-02-13T22:10:55-08:00
4124,4,0,"Duke,Assassin,Ambassador,Assassin",23,2026-02-13T22:10:55-08:00
4127,4,0,"Duke,Assassin,Ambassador,Assassin",23,2026-02-13T22:10:55-08:00
4121,4,0,"Duke,Assassin,Ambassador,Assassin",23,2026-02-13T22:10:55-08:00
4134,4,0,"Contessa,Ambassador,Captain",12,2026-02-13T22:10:55-08:00
4132,4,3,"Contessa,Contessa,Assassin,Duke",19,2026-02-13T22:10:55-08:00
4130,4,0,"Contessa,Ambassador,Captain",12,2026-02-13T22:10:55-08:00
4131,4,3,"Contessa,Contessa,Assassin,Duke",19,2026-02-13T22:10:55-08:00
4128,4,0,"Duke,Assassin,Ambassador,Assassin",23,2026-02-13T22:10:55-08:00
4135,4,3,"Assassin,Contessa,Ambassador",11,2026-02-13T22:10:55-08:00
4133,4,2,Assassin,23,2026-02-13T22:10:55-08:00
4138,4,1,Contessa,15,2026-02-13T22:10:55-08:00
4136,4,2,Assassin,23,2026-02-13T22:10:55-08:00
4137,4,3,Duke,19,2026-02-13T22:10:55-08:00
4139,4,3,"Assassin,Contessa,Ambassador",11,2026-02-13T22:10:55-08:00
4140,4,0,"Assassin,Captain,Duke",9,2026-02-13T22:10:55-08:00
4142,4,2,"Duke,Duke,Duke,Captain,Captain",10,2026-02-13T22:10:55-08:00
4141,4,1,Assassin,18,2026-02-13T22:10:55-08:00
4143,4,1,Assassin,18,2026-02-13T22:10:55-08:00
4144,4,3,"Assassin,Contessa",12,2026-02-13T22:10:55-08:00
4146,4,1,"Captain,Ambassador,Duke",11,2026-02-13T22:10:55-08:00
4149,4,3,"Assassin,Assassin",10,2026-02-13T22:10:55-08:00
4148,4,2,Captain,27,2026-02-13T22:10:55-08:00
4152,4,3,"Captain,Duke,Duke",11,2026-02-13T22:10:55-08:00
4151,4,2,Captain,27,2026-02-13T22:10:55-08:00
4129,4,0,"Contessa,Ambassador,Captain",12,2026-02-13T22:10:55-08:00
4153,4,1,"Ambassador,Ambassador",23,2026-02-13T22:10:55-08:00
4154,4,2,"Assassin,Captain,Assassin,Captain",18,2026-02-13T22:10:55-08:00
4155,4,2,"Assassin,Captain,Assassin,Captain",18,2026-02-13T22:10:55-08:00
4147,4,3,"Assassin,Captain",11,2026-02-13T22:10:55-08:00
4158,4,0,"Captain,Assassin,Duke",11,2026-02-13T22:10:55-08:00
4159,4,0,"Contessa,Duke,Captain",19,2026-02-13T22:10:55-08:00
4160,4,0,"Contessa,Duke,Captain",19,2026-02-13T22:10:55-08:00
4156,4,0,"Duke,Duke",39,2026-02-13T22:10:55-08:00
4157,4,0,"Contessa,Duke,Captain",19,2026-02-13T22:10:55-08:00
4161,4,1,Assassin,14,2026-02-13T22:10:55-08:00
4162,4,2,"Assassin,Assassin",13,2026-02-13T22:10:55-08:00
4164,4,1,"Captain,Duke,Ambassador",22,2026-02-13T22:10:55-08:00
4168,4,2,"Duke,Captain,Ambassador,Ambassador",9,2026-02-13T22:10:55-08:00
4167,4,1,"Captain,Duke,Ambassador",22,2026-02-13T22:10:55-08:00
4166,4,1,"Duke,Assassin,Duke",17,2026-02-13T22:10:55-08:00
4165,4,2,"Captain,Captain,Ambassador",58,2026-02-13T22:10:55-08:00
4169,4,1,"Duke,Assassin,Duke",17,2026-02-13T22:10:55-08:00
4170,4,2,"Ambassador,Ambassador,Ambassador,Assassin",10,2026-02-13T22:10:55-08:00
4172,4,3,Assassin,14,2026-02-13T22:10:55-08:00
4145,4,3,"Assassin,Captain",11,2026-02-13T22:10:55-08:00
4163,4,1,"Captain,Duke,Ambassador",22,2026-02-13T22:10:55-08:00
4174,4,2,"Ambassador,Ambassador,Ambassador,Assassin",10,2026-02-13T22:10:55-08:00
4150,4,3,"Captain,Duke,Duke",11,2026-02-13T22:10:55-08:00
4175,4,1,"Duke,Ambassador",45,2026-02-13T22:10:55-08:00
4180,4,1,"Captain,Captain",19,2026-02-13T22:10:55-08:00
4177,4,1,Duke,25,2026-02-13T22:10:55-08:00
4178,4,1,"Duke,Ambassador",45,2026-02-13T22:10:55-08:00
4179,4,1,"Duke,Ambassador",45,2026-02-13T22:10:55-08:00
4181,4,3,Contessa,26,2026-02-13T22:10:55-08:00
4184,4,3,Contessa,26,2026-02-13T22:10:55-08:00
4171,4,1,"Contessa,Duke",16,2026-02-13T22:10:55-08:00
4185,4,3,Contessa,26,2026-02-13T22:10:55-08:00
4182,4,3,"Duke,Duke",22,2026-02-13T22:10:55-08:00
4183,4,1,"Captain,Captain",19,2026-02-13T22:10:55-08:00
4176,4,1,"Duke,Ambassador",45,2026-02-13T22:10:55-08:00
4186,4,0,"Ambassador,Captain,Captain,Captain",11,2026-02-13T22:10:55-08:00
4189,4,0,"Ambassador,Captain,Captain,Captain",11,2026-02-13T22:10:55-08:00
4190,4,3,Ambassador,17,2026-02-13T22:10:55-08:00
4188,4,2,"Captain,Assassin",6,2026-02-13T22:10:55-08:00
4187,4,3,"Duke,Duke",22,2026-02-13T22:10:55-08:00
4191,4,3,Duke,10,2026-02-13T22:10:55-08:00
4192,4,3,Ambassador,17,2026-02-13T22:10:55-08:00
4194,4,3,Ambassador,17,2026-02-13T22:10:55-08:00
4193,4,3,"Duke,Duke,Ambassador",16,2026-02-13T22:10:55-08:00
4195,4,3,Contessa,22,2026-02-13T22:10:55-08:00
4197,4,3,"Assassin,Contessa,Captain",7,2026-02-13T22:10:55-08:00
4198,4,2,"Contessa,Duke,Assassin",19,2026-02-13T22:10:55-08:00
4196,4,2,Assassin,49,2026-02-13T22:10:55-08:00
4200,4,2,"Contessa,Duke,Assassin",19,2026-02-13T22:10:55-08:00
4199,4,0,"Ambassador,Contessa,Assassin",13,2026-02-13T22:10:55-08:00
4202,4,3,Contessa,21,2026-02-13T22:10:55-08:00
4201,4,0,"Ambassador,Contessa,Assassin",13,2026-02-13T22:10:55-08:00
4203,4,1,"Duke,Ambassador,Duke",15,2026-02-13T22:10:55-08:00
4204,4,3,Contessa,21,2026-02-13T22:10:55-08:00
4205,4,2,Captain,32,2026-02-13T22:10:55-08:00
4208,4,2,"Assassin,Captain,Assassin",6,2026-02-13T22:10:55-08:00
4207,4,1,"Duke,Ambassador,Duke",15,2026-02-13T22:10:55-08:00
4206,4,2,Assassin,11,2026-02-13T22:10:55-08:00
4210,4,0,"Ambassador,Contessa",11,2026-02-13T22:10:55-08:00
4209,4,0,"Ambassador,Contessa",11,2026-02-13T22:10:55-08:00
4211,4,0,"Ambassador,Contessa",11,2026-02-13T22:10:55-08:00
4215,4,1,"Contessa,Assassin",13,2026-02-13T22:10:55-08:00
4214,4,0,"Ambassador,Contessa",11,2026-02-13T22:10:55-08:00
4212,4,2,"Ambassador,Ambassador,Ambassador",11,2026-02-13T22:10:55-08:00
4217,4,3,Duke,39,2026-02-13T22:10:55-08:00
4220,4,2,"Ambassador,Ambassador,Assassin,Captain",8,2026-02-13T22:10:55-08:00
4216,4,2,"Ambassador,Ambassador,Assassin,Captain",8,2026-02-13T22:10:55-08:00
4221,4,3,Duke,39,2026-02-13T22:10:55-08:00
4222,4,3,"Assassin,Contessa",23,2026-02-13T22:10:55-08:00
4224,4,3,"Ambassador,Captain",19,2026-02-13T22:10:55-08:00
4223,4,1,"Contessa,Ambassador",10,2026-02-13T22:10:55-08:00
4225,4,3,Contessa,17,2026-02-13T22:10:55-08:00
4226,4,0,"Ambassador,Captain",12,2026-02-13T22:10:55-08:00
4227,4,0,"Ambassador,Captain",12,2026-02-13T22:10:55-08:00
4213,4,2,"Assassin,Captain,Assassin",6,2026-02-13T22:10:55-08:00
4228,4,3,"Ambassador,Captain",19,2026-02-13T22:10:55-08:00
4229,4,1,"Assassin,Ambassador",24,2026-02-13T22:10:55-08:00
4231,4,2,Assassin,62,2026-02-13T22:10:55-08:00
4232,4,1,"Assassin,Ambassador",24,2026-02-13T22:10:55-08:00
4230,4,2,Assassin,62,2026-02-13T22:10:55-08:00
4233,4,2,"Duke,Ambassador",31,2026-02-13T22:10:55-08:00
4235,4,1,"Contessa,Captain,Captain",11,2026-02-13T22:10:55-08:00
4218,4,3,"Duke,Captain,Duke,Assassin",6,2026-02-13T22:10:55-08:00
4234,4,2,Assassin,62,2026-02-13T22:10:55-08:00
4236,4,1,Contessa,11,2026-02-13T22:10:55-08:00
4237,4,1,Duke,24,2026-02-13T22:10:55-08:00
4238,4,1,"Ambassador,Ambassador,Ambassador,Duke",11,2026-02-13T22:10:55-08:00
4239,4,3,"Captain,Assassin,Contessa",7,2026-02-13T22:10:55-08:00
4240,4,3,"Captain,Assassin,Contessa",7,2026-02-13T22:10:55-08:00
4243,4,3,"Duke,Contessa,Contessa",14,2026-02-13T22:10:55-08:00
4241,4,1,Duke,24,2026-02-13T22:10:55-08:00
4244,4,3,Contessa,35,2026-02-13T22:10:55-08:00
4245,4,0,Duke,20,2026-02-13T22:10:55-08:00
4219,4,3,"Duke,Captain,Duke,Assassin",6,2026-02-13T22:10:55-08:00
4242,4,0,"Duke,Duke",27,2026-02-13T22:10:55-08:00
4246,4,3,"Duke,Assassin,Ambassador",9,2026-02-13T22:10:55-08:00
4247,4,1,"Ambassador,Assassin,Ambassador,Assassin",15,2026-02-13T22:10:55-08:00
4249,4,0,"Assassin,Captain,Ambassador",6,2026-02-13T22:10:55-08:00
4250,4,1,"Ambassador,Assassin,Ambassador,Assassin",15,2026-02-13T22:10:55-08:00
4248,4,3,"Duke,Contessa,Contessa",14,2026-02-13T22:10:55-08:00
4254,4,0,"Contessa,Captain,Assassin",9,2026-02-13T22:10:55-08:00
4253,4,2,"Duke,Ambassador,Duke,Captain",17,2026-02-13T22:10:55-08:00
4251,4,2,"Duke,Ambassador,Duke,Captain",17,2026-02-13T22:10:55-08:00
4255,4,0,"Contessa,Captain,Assassin",9,2026-02-13T22:10:55-08:00
4252,4,1,Captain,21,2026-02-13T22:10:55-08:00
4257,4,1,"Contessa,Assassin",21,2026-02-13T22:10:55-08:00
4256,4,1,"Captain,Ambassador,Assassin,Contessa",26,2026-02-13T22:10:55-08:00
4258,4,3,"Duke,Captain,Ambassador",7,2026-02-13T22:10:55-08:00
4260,4,3,"Duke,Captain,Ambassador",7,2026-02-13T22:10:55-08:00
4261,4,2,"Ambassador,Contessa,Assassin,Ambassador,Contessa,Captain",16,2026-02-13T22:10:55-08:00
4259,4,2,Ambassador,21,2026-02-13T22:10:55-08:00
4263,4,3,"Duke,Captain,Ambassador",7,2026-02-13T22:10:55-08:00
4264,4,1,"Duke,Assassin,Assassin",11,2026-02-13T22:10:55-08:00
4262,4,2,Ambassador,21,2026-02-13T22:10:55-08:00
4265,4,0,"Ambassador,Ambassador,Duke,Duke,Duke",18,2026-02-13T22:10:55-08:00
4173,4,2,"Duke,Duke",36,2026-02-13T22:10:55-08:00
4268,4,0,"Ambassador,Ambassador,Duke,Duke,Duke",18,2026-02-13T22:10:55-08:00
4269,4,0,"Contessa,Duke,Duke,Ambassador,Ambassador",28,2026-02-13T22:10:55-08:00
4270,4,0,"Duke,Duke,Duke",12,2026-02-13T22:10:55-08:00
4266,4,0,"Contessa,Duke,Duke,Ambassador,Ambassador",28,2026-02-13T22:10:55-08:00
4267,4,0,"Contessa,Duke,Duke,Ambassador,Ambassador",28,2026-02-13T22:10:55-08:00
4274,4,0,"Assassin,Captain",7,2026-02-13T22:10:55-08:00
4273,4,2,"Duke,Ambassador",30,2026-02-13T22:10:55-08:00
4275,4,2,Contessa,14,2026-02-13T22:10:55-08:00
4276,4,0,"Duke,Duke,Assassin",19,2026-02-13T22:10:55-08:00
4271,4,0,"Ambassador,Ambassador,Duke,Duke,Duke",18,2026-02-13T22:10:55-08:00
4278,4,2,"Captain,Ambassador",43,2026-02-13T22:10:55-08:00
4279,4,0,"Duke,Duke,Assassin",19,2026-02-13T22:10:55-08:00
4281,4,3,"Ambassador,Assassin,Contessa,Captain",11,2026-02-13T22:10:55-08:00
4280,4,1,"Contessa,Contessa,Assassin",24,2026-02-13T22:10:55-08:00
4282,4,2,"Duke,Ambassador,Assassin,Assassin",30,2026-02-13T22:10:55-08:00
4277,4,2,"Captain,Ambassador",43,2026-02-13T22:10:55-08:00
4284,4,1,"Contessa,Contessa,Assassin",24,2026-02-13T22:10:55-08:00
4283,4,2,Ambassador,24,2026-02-13T22:10:55-08:00
4286,4,1,"Contessa,Contessa,Assassin",24,2026-02-13T22:10:55-08:00
4287,4,3,"Captain,Captain",18,2026-02-13T22:10:55-08:00
4285,4,2,"Duke,Ambassador,Assassin,Assassin",30,2026-02-13T22:10:55-08:00
4288,4,0,"Assassin,Duke",8,2026-02-13T22:10:55-08:00
4289,4,1,Captain,11,2026-02-13T22:10:55-08:00
4290,4,1,Captain,11,2026-02-13T22:10:55-08:00
4272,4,0,"Duke,Duke,Duke",12,2026-02-13T22:10:55-08:00
4293,4,1,Duke,15,2026-02-13T22:10:55-08:00
4292,4,1,Captain,11,2026-02-13T22:10:55-08:00
4294,4,0,"Contessa,Ambassador,Captain",24,2026-02-13T22:10:55-08:00
4291,4,1,Captain,11,2026-02-13T22:10:55-08:00
4295,4,2,Assassin,30,2026-02-13T22:10:55-08:00
4299,4,1,"Assassin,Duke,Assassin,Ambassador",29,2026-02-13T22:10:55-08:00
4298,4,2,Assassin,30,2026-02-13T22:10:55-08:00
4300,4,0,"Duke,Captain,Assassin",15,2026-02-13T22:10:55-08:00
4296,4,2,"Ambassador,Contessa",38,2026-02-13T22:10:55-08:00
4297,4,2,Assassin,30,2026-02-13T22:10:55-08:00
4302,4,0,"Contessa,Duke,Duke,Assassin",6,2026-02-13T22:10:55-08:00
4301,4,2,Assassin,30,2026-02-13T22:10:55-08:00
4303,4,2,"Contessa,Captain",12,2026-02-13T22:10:55-08:00
4305,4,1,Assassin,8,2026-02-13T22:10:55-08:00
4307,4,2,"Contessa,Duke",13,2026-02-13T22:10:55-08:00
4304,4,3,"Duke,Captain,Ambassador",38,2026-02-13T22:10:55-08:00
4309,4,1,"Duke,Contessa",20,2026-02-13T22:10:55-08:00
4306,4,3,"Duke,Captain,Ambassador",38,2026-02-13T22:10:55-08:00
4308,4,0,"Duke,Assassin",21,2026-02-13T22:10:55-08:00
4314,4,3,"Contessa,Assassin,Assassin",10,2026-02-13T22:10:55-08:00
4315,4,3,"Duke,Captain",15,2026-02-13T22:10:55-08:00
4310,4,1,"Duke,Contessa",20,2026-02-13T22:10:55-08:00
4311,4,0,"Duke,Ambassador,Captain",28,2026-02-13T22:10:55-08:00
4316,4,3,"Contessa,Assassin,Assassin",10,2026-02-13T22:10:55-08:00
4312,4,3,"Contessa,Assassin,Assassin",10,2026-02-13T22:10:55-08:00
4317,4,0,"Ambassador,Duke,Ambassador",22,2026-02-13T22:10:55-08:00
4318,4,2,"Assassin,Contessa",14,2026-02-13T22:10:55-08:00
4319,4,1,"Duke,Assassin",11,2026-02-13T22:10:55-08:00
4320,4,1,"Duke,Assassin",11,2026-02-13T22:10:55-08:00
4321,4,0,"Ambassador,Duke,Ambassador",22,2026-02-13T22:10:55-08:00
4322,4,0,"Ambassador,Duke,Ambassador",22,2026-02-13T22:10:55-08:00
4323,4,0,"Duke,Contessa,Captain",18,2026-02-13T22:10:55-08:00
4325,4,0,"Duke,Contessa,Captain",18,2026-02-13T22:10:55-08:00
4326,4,1,"Duke,Assassin",15,2026-02-13T22:10:55-08:00
4327,4,1,"Duke,Assassin",15,2026-02-13T22:10:55-08:00
4324,4,0,Captain,56,2026-02-13T22:10:55-08:00
4330,4,3,"Captain,Ambassador",12,2026-02-13T22:10:55-08:00
4331,4,3,"Contessa,Duke",6,2026-02-13T22:10:55-08:00
4328,4,0,Captain,56,2026-02-13T22:10:55-08:00
4332,4,0,"Assassin,Ambassador",18,2026-02-13T22:10:55-08:00
4329,4,0,Captain,56,2026-02-13T22:10:55-08:00
4333,4,0,"Assassin,Ambassador",18,2026-02-13T22:10:55-08:00
4334,4,0,"Assassin,Duke",8,2026-02-13T22:10:55-08:00
4335,4,0,"Assassin,Duke",8,2026-02-13T22:10:55-08:00
4336,4,0,Ambassador,12,2026-02-13T22:10:55-08:00
4338,4,3,"Captain,Duke,Duke,Ambassador",9,2026-02-13T22:10:55-08:00
4337,4,0,Ambassador,12,2026-02-13T22:10:55-08:00
4341,4,3,"Assassin,Contessa",13,2026-02-13T22:10:55-08:00
4339,4,0,"Assassin,Duke",8,2026-02-13T22:10:55-08:00
4340,4,0,Ambassador,12,2026-02-13T22:10:55-08:00
4342,4,3,"Assassin,Contessa",13,2026-02-13T22:10:55-08:00
4343,4,2,Captain,18,2026-02-13T22:10:55-08:00
4344,4,3,"Duke,Captain,Ambassador,Ambassador,Assassin,Duke",7,2026-02-13T22:10:55-08:00
4345,4,3,"Assassin,Contessa",13,2026-02-13T22:10:55-08:00
4346,4,0,"Assassin,Contessa,Duke,Ambassador",11,2026-02-13T22:10:55-08:00
4348,4,3,"Assassin,Contessa",13,2026-02-13T22:10:55-08:00
4347,4,1,Duke,24,2026-02-13T22:10:55-08:00
4349,4,0,"Assassin,Duke,Ambassador",11,2026-02-13T22:10:55-08:00
4313,4,3,"Contessa,Assassin,Assassin",10,2026-02-13T22:10:55-08:00
4351,4,3,"Ambassador,Assassin",10,2026-02-13T22:10:55-08:00
4352,4,3,Captain,10,2026-02-13T22:10:55-08:00
4355,4,0,"Duke,Contessa",17,2026-02-13T22:10:55-08:00
4354,4,3,Contessa,18,2026-02-13T22:10:55-08:00
4357,4,3,Captain,10,2026-02-13T22:10:55-08:00
4358,4,3,"Assassin,Contessa",15,2026-02-13T22:10:55-08:00
4350,4,2,"Ambassador,Captain,Assassin,Duke,Duke",10,2026-02-13T22:10:55-08:00
4359,4,3,"Assassin,Contessa",15,2026-02-13T22:10:55-08:00
4360,4,2,Captain,20,2026-02-13T22:10:55-08:00
4362,4,1,"Duke,Contessa,Ambassador,Ambassador",13,2026-02-13T22:10:55-08:00
4361,4,2,"Contessa,Contessa",28,2026-02-13T22:10:55-08:00
4364,4,2,"Captain,Duke,Ambassador,Assassin",6,2026-02-13T22:10:55-08:00
4365,4,1,"Duke,Contessa,Ambassador,Ambassador",13,2026-02-13T22:10:55-08:00
4363,4,0,"Ambassador,Ambassador,Assassin",18,2026-02-13T22:10:55-08:00
4367,4,1,"Duke,Contessa,Ambassador,Ambassador",13,2026-02-13T22:10:55-08:00
4366,4,0,"Ambassador,Contessa",33,2026-02-13T22:10:55-08:00
4368,4,3,"Captain,Ambassador",7,2026-02-13T22:10:55-08:00
4356,4,3,Captain,10,2026-02-13T22:10:55-08:00
4371,4,0,"Assassin,Duke,Assassin",12,2026-02-13T22:10:55-08:00
4372,4,3,"Captain,Ambassador",7,2026-02-13T22:10:55-08:00
4373,4,0,"Duke,Assassin,Ambassador,Captain",12,2026-02-13T22:10:55-08:00
4374,4,0,"Duke,Assassin,Ambassador,Captain",12,2026-02-13T22:10:55-08:00
4370,4,0,Contessa,12,2026-02-13T22:10:55-08:00
4369,4,0,"Ambassador,Contessa",33,2026-02-13T22:10:55-08:00
4353,4,0,"Duke,Contessa",17,2026-02-13T22:10:55-08:00
4375,4,1,"Assassin,Contessa",13,2026-02-13T22:10:55-08:00
4376,4,3,"Contessa,Ambassador,Ambassador,Captain",18,2026-02-13T22:10:55-08:00
4377,4,3,"Contessa,Ambassador,Ambassador,Captain",18,2026-02-13T22:10:55-08:00
4378,4,3,"Contessa,Ambassador,Ambassador,Captain",18,2026-02-13T22:10:55-08:00
4379,4,2,Assassin,8,2026-02-13T22:10:55-08:00
4381,4,2,Assassin,8,2026-02-13T22:10:55-08:00
4380,4,0,Ambassador,42,2026-02-13T22:10:55-08:00
4383,4,2,Assassin,8,2026-02-13T22:10:55-08:00
4382,4,2,Assassin,8,2026-02-13T22:10:55-08:00
4384,4,3,Ambassador,21,2026-02-13T22:10:55-08:00
4385,4,1,Ambassador,11,2026-02-13T22:10:55-08:00
4387,4,1,Ambassador,11,2026-02-13T22:10:55-08:00
4389,4,2,"Captain,Contessa,Captain,Captain",6,2026-02-13T22:10:55-08:00
4388,4,3,Contessa,24,2026-02-13T22:10:55-08:00
4386,4,3,Assassin,17,2026-02-13T22:10:55-08:00
4390,4,2,"Captain,Captain,Duke,Duke,Captain",34,2026-02-13T22:10:55-08:00
4391,4,1,"Captain,Assassin",19,2026-02-13T22:10:55-08:00
4397,4,1,"Duke,Duke",24,2026-02-13T22:10:55-08:00
4399,4,3,"Ambassador,Captain",14,2026-02-13T22:10:55-08:00
4395,4,3,"Ambassador,Ambassador,Duke,Assassin,Contessa,Contessa",27,2026-02-13T22:10:55-08:00
4398,4,1,"Contessa,Contessa",23,2026-02-13T22:10:55-08:00
4396,4,2,"Assassin,Contessa,Assassin",18,2026-02-13T22:10:55-08:00
4400,4,3,"Ambassador,Captain",14,2026-02-13T22:10:55-08:00
4402,4,3,Duke,9,2026-02-13T22:10:55-08:00
4403,4,3,Duke,9,2026-02-13T22:10:55-08:00
4401,4,1,Duke,43,2026-02-13T22:10:55-08:00
4404,4,3,Duke,9,2026-02-13T22:10:55-08:00
4405,4,3,"Duke,Ambassador,Captain,Captain,Ambassador,Captain",7,2026-02-13T22:10:55-08:00
4406,4,0,"Captain,Ambassador",11,2026-02-13T22:10:55-08:00
4407,4,0,"Captain,Ambassador",11,2026-02-13T22:10:55-08:00
4410,4,0,"Captain,Ambassador",11,2026-02-13T22:10:55-08:00
4408,4,2,"Duke,Contessa",38,2026-02-13T22:10:55-08:00
4411,4,1,"Ambassador,Captain,Captain",10,2026-02-13T22:10:55-08:00
4412,4,1,"Ambassador,Captain,Captain",10,2026-02-13T22:10:55-08:00
4413,4,3,"Assassin,Captain,Contessa",17,2026-02-13T22:10:55-08:00
4414,4,1,"Ambassador,Captain,Captain",10,2026-02-13T22:10:55-08:00
4409,4,0,"Contessa,Duke,Captain",20,2026-02-13T22:10:55-08:00
4392,4,1,"Duke,Duke",24,2026-02-13T22:10:55-08:00
4417,4,2,"Duke,Contessa,Assassin,Ambassador",12,2026-02-13T22:10:55-08:00
4418,4,2,"Assassin,Duke",15,2026-02-13T22:10:55-08:00
4416,4,0,"Assassin,Duke",25,2026-02-13T22:10:55-08:00
4419,4,0,"Assassin,Duke",25,2026-02-13T22:10:55-08:00
4420,4,1,"Duke,Captain,Assassin",13,2026-02-13T22:10:55-08:00
4423,4,0,Duke,23,2026-02-13T22:10:55-08:00
4394,4,1,"Captain,Assassin",19,2026-02-13T22:10:55-08:00
4422,4,3,"Captain,Duke,Assassin,Captain",9,2026-02-13T22:10:55-08:00
4427,4,1,"Duke,Captain,Assassin",13,2026-02-13T22:10:55-08:00
4428,4,1,"Duke,Captain",42,2026-02-13T22:10:55-08:00
4421,4,0,"Ambassador,Ambassador,Ambassador,Ambassador,Duke",12,2026-02-13T22:10:55-08:00
4429,4,1,"Captain,Ambassador,Duke,Ambassador",15,2026-02-13T22:10:55-08:00
4430,4,2,"Ambassador,Ambassador",29,2026-02-13T22:10:55-08:00
4431,4,2,"Ambassador,Ambassador",29,2026-02-13T22:10:55-08:00
4432,4,1,"Duke,Captain",42,2026-02-13T22:10:55-08:00
4434,4,2,"Duke,Ambassador,Contessa,Contessa,Captain",18,2026-02-13T22:10:55-08:00
4433,4,2,"Duke,Ambassador,Contessa,Contessa,Captain",18,2026-02-13T22:10:55-08:00
4393,4,1,"Captain,Assassin",19,2026-02-13T22:10:55-08:00
4436,4,2,"Contessa,Duke,Captain,Duke,Duke",14,2026-02-13T22:10:55-08:00
4435,4,2,Captain,26,2026-02-13T22:10:55-08:00
4437,4,0,"Assassin,Captain,Assassin,Duke",12,2026-02-13T22:10:55-08:00
4438,4,2,"Contessa,Duke,Captain,Duke,Duke",14,2026-02-13T22:10:55-08:00
4424,4,3,"Captain,Duke,Assassin,Captain",9,2026-02-13T22:10:55-08:00
4439,4,0,"Ambassador,Duke,Ambassador",7,2026-02-13T22:10:55-08:00
4440,4,3,"Ambassador,Captain,Captain",16,2026-02-13T22:10:55-08:00
4441,4,3,"Duke,Duke,Assassin,Duke,Ambassador",23,2026-02-13T22:10:55-08:00
4444,4,0,"Assassin,Ambassador",12,2026-02-13T22:10:55-08:00
4443,4,3,"Duke,Duke,Assassin,Duke,Ambassador",23,2026-02-13T22:10:55-08:00
4442,4,2,"Ambassador,Assassin,Contessa",37,2026-02-13T22:10:55-08:00
4445,4,3,"Duke,Duke,Assassin,Duke,Ambassador",23,2026-02-13T22:10:55-08:00
4446,4,3,"Captain,Ambassador",31,2026-02-13T22:10:55-08:00
4425,4,1,"Duke,Captain",42,2026-02-13T22:10:55-08:00
4447,4,3,"Captain,Ambassador",31,2026-02-13T22:10:55-08:00
4448,4,3,"Captain,Ambassador",31,2026-02-13T22:10:55-08:00
4450,4,3,"Captain,Ambassador",31,2026-02-13T22:10:55-08:00
4451,4,3,"Duke,Captain,Contessa",10,2026-02-13T22:10:55-08:00
4449,4,3,"Captain,Ambassador",31,2026-02-13T22:10:55-08:00
4452,4,0,"Ambassador,Ambassador,Ambassador",21,2026-02-13T22:10:55-08:00
4453,4,1,Ambassador,19,2026-02-13T22:10:55-08:00
4455,4,3,"Duke,Captain,Contessa",10,2026-02-13T22:10:55-08:00
4456,4,2,"Captain,Assassin",9,2026-02-13T22:10:55-08:00
4454,4,1,Ambassador,19,2026-02-13T22:10:55-08:00
4426,4,0,"Ambassador,Ambassador,Duke,Duke",16,2026-02-13T22:10:55-08:00
4457,4,2,Contessa,13,2026-02-13T22:10:55-08:00
4415,4,0,"Assassin,Duke",25,2026-02-13T22:10:55-08:00
4458,4,1,"Assassin,Ambassador",29,2026-02-13T22:10:55-08:00
4461,4,2,"Duke,Assassin,Contessa,Captain",20,2026-02-13T22:10:55-08:00
4459,4,0,"Contessa,Assassin",32,2026-02-13T22:10:55-08:00
4460,4,0,"Contessa,Assassin",32,2026-02-13T22:10:55-08:00
4462,4,0,"Contessa,Captain",16,2026-02-13T22:10:55-08:00
4463,4,1,"Assassin,Contessa",20,2026-02-13T22:10:55-08:00
4464,4,0,"Assassin,Assassin,Contessa",8,2026-02-13T22:10:55-08:00
4465,4,0,"Assassin,Captain",12,2026-02-13T22:10:55-08:00
4466,4,1,"Assassin,Contessa",20,2026-02-13T22:10:55-08:00
4468,4,1,"Assassin,Contessa",20,2026-02-13T22:10:55-08:00
4467,4,1,"Assassin,Contessa",20,2026-02-13T22:10:55-08:00
4469,4,2,Contessa,22,2026-02-13T22:10:55-08:00
4470,4,3,"Captain,Assassin",19,2026-02-13T22:10:55-08:00
4473,4,1,"Assassin,Duke,Duke,Captain",9,2026-02-13T22:10:55-08:00
4472,4,2,Contessa,22,2026-02-13T22:10:55-08:00
4471,4,1,"Captain,Duke,Contessa",45,2026-02-13T22:10:55-08:00
4474,4,1,"Captain,Duke,Contessa",45,2026-02-13T22:10:55-08:00
4476,4,0,"Contessa,Assassin,Contessa,Ambassador",10,2026-02-13T22:10:55-08:00
4475,4,0,"Duke,Ambassador,Captain,Contessa",43,2026-02-13T22:10:55-08:00
4481,4,0,"Ambassador,Captain",12,2026-02-13T22:10:55-08:00
4478,4,2,Duke,9,2026-02-13T22:10:55-08:00
4482,4,0,"Ambassador,Captain",12,2026-02-13T22:10:55-08:00
4483,4,1,"Duke,Captain",9,2026-02-13T22:10:55-08:00
4477,4,2,Duke,9,2026-02-13T22:10:55-08:00
4484,4,1,"Duke,Captain",9,2026-02-13T22:10:55-08:00
4485,4,0,Assassin,12,2026-02-13T22:10:55-08:00
4486,4,3,"Assassin,Captain,Contessa",15,2026-02-13T22:10:55-08:00
4489,4,1,"Duke,Captain",9,2026-02-13T22:10:55-08:00
4490,4,2,"Captain,Captain,Captain",10,2026-02-13T22:10:55-08:00
4487,4,0,"Ambassador,Captain,Captain,Contessa",24,2026-02-13T22:10:55-08:00
4488,4,1,"Duke,Ambassador,Contessa,Contessa",20,2026-02-13T22:10:55-08:00
4491,4,3,"Contessa,Assassin",11,2026-02-13T22:10:55-08:00
4492,4,2,"Ambassador,Captain,Duke,Captain",6,2026-02-13T22:10:55-08:00
4493,4,3,"Contessa,Assassin",11,2026-02-13T22:10:55-08:00
4495,4,0,"Captain,Duke,Ambassador,Contessa",12,2026-02-13T22:10:55-08:00
4494,4,1,"Duke,Contessa,Contessa",35,2026-02-13T22:10:55-08:00
4496,4,3,Contessa,31,2026-02-13T22:10:55-08:00
4497,4,1,"Duke,Contessa,Contessa",35,2026-02-13T22:10:55-08:00
4498,4,3,Captain,11,2026-02-13T22:10:55-08:00
4500,4,1,"Captain,Duke,Contessa",12,2026-02-13T22:10:55-08:00
4479,4,0,"Contessa,Assassin,Contessa,Ambassador",10,2026-02-13T22:10:55-08:00
4499,4,1,"Duke,Contessa,Contessa",35,2026-02-13T22:10:55-08:00
4501,4,3,"Ambassador,Ambassador",10,2026-02-13T22:10:55-08:00
4502,4,2,"Assassin,Duke",37,2026-02-13T22:10:55-08:00
4503,4,3,Contessa,31,2026-02-13T22:10:55-08:00
4507,4,3,"Duke,Captain,Ambassador,Ambassador",7,2026-02-13T22:10:55-08:00
4506,4,3,"Duke,Duke,Captain",11,2026-02-13T22:10:55-08:00
4508,4,2,"Duke,Duke,Assassin",12,2026-02-13T22:10:55-08:00
4505,4,2,"Captain,Assassin",30,2026-02-13T22:10:55-08:00
4510,4,0,"Assassin,Contessa,Duke,Assassin",18,2026-02-13T22:10:55-08:00
4512,4,3,Contessa,27,2026-02-13T22:10:55-08:00
4509,4,2,"Captain,Assassin",30,2026-02-13T22:10:55-08:00
4511,4,1,"Captain,Ambassador",21,2026-02-13T22:10:55-08:00
4513,4,0,"Assassin,Contessa,Duke,Assassin",18,2026-02-13T22:10:55-08:00
4514,4,2,"Duke,Contessa",16,2026-02-13T22:10:55-08:00
4515,4,0,"Assassin,Duke,Ambassador",19,2026-02-13T22:10:55-08:00
4517,4,0,"Assassin,Duke,Ambassador",19,2026-02-13T22:10:55-08:00
4516,4,0,"Assassin,Ambassador,Duke",20,2026-02-13T22:10:55-08:00
4480,4,3,"Assassin,Ambassador",23,2026-02-13T22:10:55-08:00
4520,4,0,"Assassin,Captain",21,2026-02-13T22:10:55-08:00
4521,4,0,"Duke,Ambassador,Ambassador,Duke,Duke,Contessa",5,2026-02-13T22:10:55-08:00
4522,4,0,"Duke,Ambassador,Ambassador,Duke,Duke,Contessa",5,2026-02-13T22:10:55-08:00
4523,4,0,"Duke,Duke,Contessa,Assassin",5,2026-02-13T22:10:55-08:00
4519,4,1,"Ambassador,Assassin,Duke",45,2026-02-13T22:10:55-08:00
4504,4,1,"Duke,Ambassador,Duke,Assassin",13,2026-02-13T22:10:55-08:00
4524,4,1,"Duke,Captain,Assassin",11,2026-02-13T22:10:55-08:00
4525,4,2,Contessa,22,2026-02-13T22:10:55-08:00
4526,4,2,Contessa,22,2026-02-13T22:10:55-08:00
4528,4,3,"Duke,Ambassador,Duke",7,2026-02-13T22:10:55-08:00
4527,4,2,"Duke,Duke,Assassin,Captain,Contessa",15,2026-02-13T22:10:55-08:00
4530,4,1,"Assassin,Captain,Duke,Ambassador",13,2026-02-13T22:10:55-08:00
4529,4,3,Captain,12,2026-02-13T22:10:55-08:00
4535,4,3,"Duke,Captain",8,2026-02-13T22:10:55-08:00
4531,4,2,"Duke,Duke,Assassin,Captain,Contessa",15,2026-02-13T22:10:55-08:00
4532,4,2,"Duke,Duke,Assassin,Captain,Contessa",15,2026-02-13T22:10:55-08:00
4533,4,0,"Ambassador,Ambassador",23,2026-02-13T22:10:55-08:00
4534,4,0,"Ambassador,Ambassador",23,2026-02-13T22:10:55-08:00
4536,4,3,"Duke,Captain",8,2026-02-13T22:10:55-08:00
4537,4,0,"Ambassador,Assassin",11,2026-02-13T22:10:55-08:00
4538,4,3,"Duke,Captain",8,2026-02-13T22:10:55-08:00
4541,4,0,"Captain,Captain,Ambassador,Duke,Ambassador",12,2026-02-13T22:10:55-08:00
4540,4,1,"Assassin,Assassin",24,2026-02-13T22:10:55-08:00
4542,4,0,"Captain,Duke",13,2026-02-13T22:10:55-08:00
4543,4,0,"Captain,Captain,Ambassador,Duke,Ambassador",12,2026-02-13T22:10:55-08:00
4539,4,3,"Contessa,Contessa",31,2026-02-13T22:10:55-08:00
4544,4,0,"Captain,Duke",13,2026-02-13T22:10:55-08:00
4545,4,2,"Ambassador,Ambassador,Contessa,Assassin",15,2026-02-13T22:10:55-08:00
4548,4,1,Assassin,11,2026-02-13T22:10:55-08:00
4546,4,3,"Contessa,Ambassador,Ambassador",17,2026-02-13T22:10:55-08:00
4549,4,3,"Duke,Captain",14,2026-02-13T22:10:55-08:00
4552,4,3,"Duke,Captain",14,2026-02-13T22:10:55-08:00
4551,4,0,"Assassin,Duke,Ambassador",8,2026-02-13T22:10:55-08:00
4550,4,2,"Ambassador,Ambassador,Contessa,Assassin",15,2026-02-13T22:10:55-08:00
4554,4,1,"Duke,Captain,Duke,Ambassador",8,2026-02-13T22:10:55-08:00
4553,4,3,Duke,19,2026-02-13T22:10:55-08:00
4518,4,0,"Duke,Ambassador,Ambassador,Duke,Duke,Contessa",5,2026-02-13T22:10:55-08:00
4556,4,0,"Contessa,Duke,Ambassador",16,2026-02-13T22:10:55-08:00
4559,4,3,"Assassin,Captain,Captain,Captain",15,2026-02-13T22:10:55-08:00
4560,4,1,"Ambassador,Assassin",13,2026-02-13T22:10:55-08:00
4558,4,0,"Captain,Contessa",39,2026-02-13T22:10:55-08:00
4561,4,3,"Assassin,Captain,Captain,Captain",15,2026-02-13T22:10:55-08:00
4563,4,2,"Captain,Captain",19,2026-02-13T22:10:55-08:00
4564,4,3,"Assassin,Captain,Captain,Captain",15,2026-02-13T22:10:55-08:00
4562,4,2,"Captain,Captain",19,2026-02-13T22:10:55-08:00
4566,4,3,"Assassin,Captain,Ambassador",22,2026-02-13T22:10:55-08:00
4565,4,3,"Assassin,Captain,Captain,Captain",15,2026-02-13T22:10:55-08:00
4568,4,2,"Captain,Captain",19,2026-02-13T22:10:55-08:00
4571,4,2,"Captain,Captain",14,2026-02-13T22:10:55-08:00
4547,4,2,Assassin,27,2026-02-13T22:10:55-08:00
4570,4,0,"Assassin,Duke",22,2026-02-13T22:10:55-08:00
4572,4,0,"Ambassador,Ambassador,Captain",10,2026-02-13T22:10:55-08:00
4573,4,0,"Ambassador,Ambassador,Captain",10,2026-02-13T22:10:55-08:00
4574,4,0,"Captain,Ambassador",9,2026-02-13T22:10:55-08:00
4575,4,2,"Duke,Assassin,Assassin",10,2026-02-13T22:10:55-08:00
4578,4,2,"Duke,Captain,Contessa,Duke",7,2026-02-13T22:10:55-08:00
4576,4,0,Duke,13,2026-02-13T22:10:55-08:00
4579,4,3,"Contessa,Captain,Duke",17,2026-02-13T22:10:55-08:00
4577,4,0,Duke,13,2026-02-13T22:10:55-08:00
4580,4,1,"Captain,Assassin,Ambassador",11,2026-02-13T22:10:55-08:00
4581,4,1,"Captain,Assassin,Ambassador",11,2026-02-13T22:10:55-08:00
4582,4,3,Ambassador,23,2026-02-13T22:10:55-08:00
4583,4,3,"Contessa,Captain,Duke",17,2026-02-13T22:10:55-08:00
4557,4,3,"Assassin,Duke,Assassin",7,2026-02-13T22:10:55-08:00
4585,4,3,Ambassador,23,2026-02-13T22:10:55-08:00
4584,4,3,Ambassador,23,2026-02-13T22:10:55-08:00
4567,4,0,"Ambassador,Ambassador,Captain",10,2026-02-13T22:10:55-08:00
4569,4,0,"Captain,Ambassador",9,2026-02-13T22:10:55-08:00
4591,4,3,"Duke,Captain,Assassin,Duke",3,2026-02-13T22:10:55-08:00
4555,4,0,"Captain,Contessa",39,2026-02-13T22:10:55-08:00
4592,4,2,"Duke,Captain,Ambassador,Contessa",7,2026-02-13T22:10:55-08:00
4586,4,0,Contessa,44,2026-02-13T22:10:55-08:00
4593,4,2,"Duke,Captain,Ambassador,Contessa",7,2026-02-13T22:10:55-08:00
4594,4,3,"Duke,Captain,Assassin,Duke",3,2026-02-13T22:10:55-08:00
4596,4,3,"Contessa,Contessa,Ambassador",27,2026-02-13T22:10:55-08:00
4595,4,0,"Assassin,Assassin",13,2026-02-13T22:10:55-08:00
4597,4,1,Captain,23,2026-02-13T22:10:55-08:00
4598,4,2,"Ambassador,Duke,Assassin",26,2026-02-13T22:10:55-08:00
4600,4,0,"Duke,Contessa,Assassin",12,2026-02-13T22:10:55-08:00
4599,4,2,"Ambassador,Duke,Assassin",26,2026-02-13T22:10:55-08:00
4601,4,0,"Duke,Contessa,Assassin",12,2026-02-13T22:10:55-08:00
4602,4,3,"Duke,Duke,Contessa,Duke",20,2026-02-13T22:10:55-08:00
4603,4,0,"Assassin,Duke,Duke",11,2026-02-13T22:10:55-08:00
4604,4,3,"Ambassador,Captain",6,2026-02-13T22:10:55-08:00
4605,4,1,"Assassin,Duke,Duke,Ambassador",16,2026-02-13T22:10:55-08:00
4606,4,3,"Duke,Ambassador,Captain",17,2026-02-13T22:10:55-08:00
4607,4,1,"Ambassador,Duke",9,2026-02-13T22:10:55-08:00
4608,4,0,"Assassin,Duke,Duke",11,2026-02-13T22:10:55-08:00
4587,4,0,"Duke,Captain,Duke",12,2026-02-13T22:10:55-08:00
4589,4,1,"Ambassador,Duke,Duke",17,2026-02-13T22:10:55-08:00
4609,4,2,"Ambassador,Captain,Assassin",12,2026-02-13T22:10:55-08:00
4611,4,1,"Assassin,Duke,Duke,Ambassador",16,2026-02-13T22:10:55-08:00
4610,4,0,"Ambassador,Contessa,Contessa,Duke",20,2026-02-13T22:10:55-08:00
4612,4,2,"Ambassador,Duke,Captain",34,2026-02-13T22:10:55-08:00
4613,4,3,"Duke,Contessa,Contessa",25,2026-02-13T22:10:55-08:00
4617,4,2,Duke,14,2026-02-13T22:10:55-08:00
4616,4,2,Duke,14,2026-02-13T22:10:55-08:00
4618,4,2,"Captain,Contessa",11,2026-02-13T22:10:55-08:00
4620,4,3,"Duke,Assassin,Captain",7,2026-02-13T22:10:55-08:00
4615,4,2,"Ambassador,Duke,Captain",34,2026-02-13T22:10:55-08:00
4619,4,3,"Duke,Duke,Ambassador",28,2026-02-13T22:10:55-08:00
4621,4,0,"Assassin,Duke,Duke,Assassin",19,2026-02-13T22:10:55-08:00
4623,4,2,"Captain,Contessa",11,2026-02-13T22:10:55-08:00
4622,4,0,"Assassin,Duke,Duke,Assassin",19,2026-02-13T22:10:55-08:00
4614,4,1,"Ambassador,Duke",9,2026-02-13T22:10:55-08:00
4625,4,2,"Duke,Ambassador",13,2026-02-13T22:10:55-08:00
4624,4,3,"Contessa,Assassin,Duke",7,2026-02-13T22:10:55-08:00
4631,4,3,"Contessa,Ambassador,Ambassador",16,2026-02-13T22:10:55-08:00
4590,4,0,"Duke,Captain,Captain,Captain,Duke",32,2026-02-13T22:10:55-08:00
4588,4,3,"Captain,Contessa,Contessa",38,2026-02-13T22:10:55-08:00
4630,4,1,Ambassador,25,2026-02-13T22:10:55-08:00
4633,4,0,"Duke,Ambassador",28,2026-02-13T22:10:55-08:00
4634,4,2,Captain,26,2026-02-13T22:10:55-08:00
4635,4,1,"Duke,Contessa,Ambassador,Duke,Contessa",17,2026-02-13T22:10:55-08:00
4636,4,1,Ambassador,25,2026-02-13T22:10:55-08:00
4627,4,3,"Ambassador,Ambassador,Captain,Duke",13,2026-02-13T22:10:55-08:00
4628,4,3,"Assassin,Duke",12,2026-02-13T22:10:55-08:00
4639,4,0,"Ambassador,Ambassador,Duke",16,2026-02-13T22:10:55-08:00
4626,4,0,"Assassin,Duke,Duke,Assassin",19,2026-02-13T22:10:55-08:00
4641,4,1,"Duke,Captain,Ambassador",17,2026-02-13T22:10:55-08:00
4629,4,3,"Contessa,Assassin,Duke",7,2026-02-13T22:10:55-08:00
4640,4,2,Duke,27,2026-02-13T22:10:55-08:00
4642,4,3,"Captain,Captain,Contessa,Assassin,Duke",11,2026-02-13T22:10:55-08:00
4644,4,2,"Contessa,Captain,Captain",11,2026-02-13T22:10:55-08:00
4647,4,0,"Contessa,Captain,Duke,Ambassador,Ambassador",12,2026-02-13T22:10:55-08:00
4643,4,1,"Ambassador,Ambassador,Ambassador,Ambassador",29,2026-02-13T22:10:55-08:00
4646,4,1,Contessa,33,2026-02-13T22:10:55-08:00
4645,4,1,"Ambassador,Ambassador,Ambassador,Ambassador",29,2026-02-13T22:10:55-08:00
4648,4,3,"Duke,Assassin,Assassin",14,2026-02-13T22:10:55-08:00
4649,4,0,"Duke,Captain,Contessa",12,2026-02-13T22:10:55-08:00
4650,4,1,Contessa,33,2026-02-13T22:10:55-08:00
4651,4,2,"Contessa,Ambassador,Ambassador",18,2026-02-13T22:10:55-08:00
4652,4,1,Contessa,33,2026-02-13T22:10:55-08:00
4632,4,1,Ambassador,25,2026-02-13T22:10:55-08:00
4653,4,3,"Captain,Assassin,Assassin,Ambassador,Assassin",23,2026-02-13T22:10:55-08:00
4637,4,3,"Captain,Assassin,Captain",32,2026-02-13T22:10:55-08:00
4654,4,3,"Duke,Duke,Assassin,Captain",23,2026-02-13T22:10:55-08:00
4655,4,2,"Contessa,Ambassador,Ambassador",18,2026-02-13T22:10:55-08:00
4656,4,2,"Captain,Captain,Contessa",14,2026-02-13T22:10:55-08:00
4657,4,2,"Captain,Captain,Contessa",14,2026-02-13T22:10:55-08:00
4658,4,3,Assassin,11,2026-02-13T22:10:55-08:00
4638,4,1,"Ambassador,Ambassador,Ambassador,Ambassador",29,2026-02-13T22:10:55-08:00
4659,4,0,"Contessa,Ambassador,Ambassador",21,2026-02-13T22:10:55-08:00
4660,4,3,"Assassin,Duke,Duke",6,2026-02-13T22:10:55-08:00
4661,4,2,"Captain,Assassin,Ambassador",26,2026-02-13T22:10:55-08:00
4662,4,2,"Ambassador,Assassin,Duke",12,2026-02-13T22:10:55-08:00
4663,4,2,"Captain,Duke,Ambassador,Ambassador,Captain,Duke",10,2026-02-13T22:10:55-08:00
4664,4,2,"Ambassador,Assassin,Duke",12,2026-02-13T22:10:55-08:00
4665,4,2,"Captain,Assassin,Ambassador",26,2026-02-13T22:10:55-08:00
4666,4,1,"Contessa,Captain",23,2026-02-13T22:10:55-08:00
4667,4,0,"Captain,Ambassador,Assassin",25,2026-02-13T22:10:55-08:00
4669,4,0,"Captain,Ambassador,Assassin",25,2026-02-13T22:10:55-08:00
4668,4,2,Contessa,22,2026-02-13T22:10:55-08:00
4671,4,0,"Ambassador,Assassin,Contessa",9,2026-02-13T22:10:55-08:00
4670,4,1,"Contessa,Captain",23,2026-02-13T22:10:55-08:00
4672,4,0,"Ambassador,Ambassador,Ambassador,Duke,Assassin",12,2026-02-13T22:10:55-08:00
4673,4,0,"Ambassador,Assassin,Contessa",9,2026-02-13T22:10:55-08:00
4676,4,0,"Ambassador,Assassin,Contessa",9,2026-02-13T22:10:55-08:00
4677,4,2,"Contessa,Captain",11,2026-02-13T22:10:55-08:00
4678,4,0,Assassin,20,2026-02-13T22:10:55-08:00
4680,4,0,"Duke,Duke",8,2026-02-13T22:10:55-08:00
4674,4,0,"Ambassador,Ambassador,Ambassador,Duke,Assassin",12,2026-02-13T22:10:55-08:00
4679,4,2,"Ambassador,Contessa,Duke,Captain",14,2026-02-13T22:10:55-08:00
4675,4,1,"Captain,Captain,Duke",21,2026-02-13T22:10:55-08:00
4681,4,0,"Duke,Duke",8,2026-02-13T22:10:55-08:00
4683,4,2,"Duke,Captain,Duke,Duke",9,2026-02-13T22:10:55-08:00
4682,4,0,"Duke,Assassin",26,2026-02-13T22:10:55-08:00
4685,4,0,"Duke,Duke",8,2026-02-13T22:10:55-08:00
4684,4,1,"Assassin,Captain",24,2026-02-13T22:10:55-08:00
4687,4,3,"Duke,Contessa",10,2026-02-13T22:10:55-08:00
4686,4,1,"Assassin,Captain",24,2026-02-13T22:10:55-08:00
4688,4,3,"Assassin,Duke,Captain",15,2026-02-13T22:10:55-08:00
4689,4,2,"Duke,Captain,Duke,Duke",9,2026-02-13T22:10:55-08:00
4691,4,3,Ambassador,26,2026-02-13T22:10:55-08:00
4693,4,3,Ambassador,26,2026-02-13T22:10:55-08:00
4692,4,1,Assassin,31,2026-02-13T22:10:55-08:00
4695,4,3,Ambassador,26,2026-02-13T22:10:55-08:00
4690,4,1,"Duke,Assassin",21,2026-02-13T22:10:55-08:00
4696,4,0,"Ambassador,Ambassador,Duke",32,2026-02-13T22:10:55-08:00
4697,4,1,"Ambassador,Ambassador,Duke",33,2026-02-13T22:10:55-08:00
4698,4,0,"Contessa,Duke,Assassin",17,2026-02-13T22:10:55-08:00
4699,4,1,"Ambassador,Ambassador,Duke",33,2026-02-13T22:10:55-08:00
4700,4,1,"Ambassador,Duke,Captain",19,2026-02-13T22:10:55-08:00
4701,4,1,"Contessa,Contessa",14,2026-02-13T22:10:55-08:00
4703,4,0,"Duke,Ambassador,Duke",11,2026-02-13T22:10:55-08:00
4704,4,0,"Duke,Ambassador,Duke",11,2026-02-13T22:10:55-08:00
4702,4,1,"Duke,Assassin,Ambassador,Duke",23,2026-02-13T22:10:55-08:00
4707,4,0,Ambassador,11,2026-02-13T22:10:55-08:00
4705,4,2,Contessa,46,2026-02-13T22:10:55-08:00
4706,4,2,Contessa,46,2026-02-13T22:10:55-08:00
4709,4,0,"Captain,Assassin,Ambassador",16,2026-02-13T22:10:55-08:00
4710,4,1,"Duke,Assassin,Duke,Duke",23,2026-02-13T22:10:55-08:00
4711,4,1,"Duke,Assassin,Duke,Duke",23,2026-02-13T22:10:55-08:00
4712,4,1,"Assassin,Ambassador",12,2026-02-13T22:10:55-08:00
4694,4,0,"Ambassador,Ambassador,Duke",32,2026-02-13T22:10:55-08:00
4713,4,0,"Captain,Assassin,Ambassador",16,2026-02-13T22:10:55-08:00
4708,4,1,"Duke,Assassin,Ambassador,Duke",23,2026-02-13T22:10:55-08:00
4714,4,0,"Captain,Assassin,Ambassador",16,2026-02-13T22:10:55-08:00
4715,4,3,"Ambassador,Ambassador,Ambassador,Duke",11,2026-02-13T22:10:55-08:00
4716,4,3,"Ambassador,Ambassador,Ambassador,Duke",11,2026-02-13T22:10:55-08:00
4718,4,1,"Assassin,Ambassador",12,2026-02-13T22:10:55-08:00
4717,4,1,"Captain,Captain",50,2026-02-13T22:10:55-08:00
4723,4,2,"Contessa,Assassin,Ambassador",30,2026-02-13T22:10:55-08:00
4724,4,2,"Contessa,Assassin,Ambassador",30,2026-02-13T22:10:55-08:00
4720,4,3,Contessa,12,2026-02-13T22:10:55-08:00
4721,4,1,"Assassin,Captain,Duke,Contessa",9,2026-02-13T22:10:55-08:00
4722,4,3,"Ambassador,Ambassador,Ambassador,Duke",11,2026-02-13T22:10:55-08:00
4727,4,0,"Duke,Captain,Ambassador,Ambassador,Contessa",8,2026-02-13T22:10:55-08:00
4726,4,0,"Duke,Captain,Ambassador,Ambassador,Contessa",8,2026-02-13T22:10:55-08:00
4725,4,3,"Ambassador,Ambassador,Ambassador,Duke",13,2026-02-13T22:10:55-08:00
4729,4,3,"Ambassador,Duke,Duke",6,2026-02-13T22:10:55-08:00
4728,4,0,Contessa,20,2026-02-13T22:10:55-08:00
4730,4,2,"Contessa,Assassin,Ambassador",30,2026-02-13T22:10:55-08:00
4731,4,0,"Duke,Contessa,Assassin,Captain",7,2026-02-13T22:10:55-08:00
4733,4,0,"Assassin,Contessa,Duke,Contessa,Assassin",8,2026-02-13T22:10:55-08:00
4732,4,1,"Ambassador,Duke,Duke",22,2026-02-13T22:10:55-08:00
4734,4,1,"Ambassador,Duke,Duke",22,2026-02-13T22:10:55-08:00
4735,4,1,"Ambassador,Duke,Duke",22,2026-02-13T22:10:55-08:00
4736,4,0,"Assassin,Contessa,Duke,Contessa,Assassin",8,2026-02-13T22:10:55-08:00
4737,4,1,"Ambassador,Assassin,Contessa",12,2026-02-13T22:10:55-08:00
4740,4,3,Duke,11,2026-02-13T22:10:55-08:00
4719,4,2,"Captain,Duke,Ambassador",11,2026-02-13T22:10:55-08:00
4739,4,1,Ambassador,29,2026-02-13T22:10:55-08:00
4738,4,0,"Captain,Assassin,Contessa",56,2026-02-13T22:10:55-08:00
4743,4,1,"Captain,Captain",18,2026-02-13T22:10:55-08:00
4742,4,1,"Duke,Ambassador,Captain,Contessa",13,2026-02-13T22:10:55-08:00
4744,4,2,"Duke,Assassin,Duke",7,2026-02-13T22:10:55-08:00
4741,4,3,Duke,11,2026-02-13T22:10:55-08:00
4745,4,3,"Contessa,Ambassador",7,2026-02-13T22:10:55-08:00
4746,4,2,"Duke,Assassin,Duke",7,2026-02-13T22:10:55-08:00
4747,4,3,"Contessa,Ambassador",7,2026-02-13T22:10:55-08:00
4749,4,0,"Duke,Captain",7,2026-02-13T22:10:55-08:00
4748,4,3,"Contessa,Ambassador",7,2026-02-13T22:10:55-08:00
4750,4,2,"Duke,Duke,Contessa,Duke",15,2026-02-13T22:10:55-08:00
4751,4,2,"Duke,Duke,Contessa,Duke",15,2026-02-13T22:10:55-08:00
4752,4,1,"Assassin,Duke",18,2026-02-13T22:10:55-08:00
4753,4,2,"Duke,Duke,Contessa,Duke",15,2026-02-13T22:10:55-08:00
4755,4,0,"Ambassador,Duke",15,2026-02-13T22:10:55-08:00
4754,4,1,"Contessa,Assassin,Ambassador,Ambassador,Ambassador,Contessa",28,2026-02-13T22:10:55-08:00
4757,4,0,Ambassador,15,2026-02-13T22:10:55-08:00
4758,4,3,"Assassin,Duke,Assassin",15,2026-02-13T22:10:55-08:00
4756,4,0,Ambassador,15,2026-02-13T22:10:55-08:00
4759,4,0,Ambassador,15,2026-02-13T22:10:55-08:00
4760,4,0,Ambassador,15,2026-02-13T22:10:55-08:00
4761,4,3,"Duke,Contessa,Duke",9,2026-02-13T22:10:55-08:00
4762,4,2,"Captain,Assassin",19,2026-02-13T22:10:55-08:00
4763,4,3,"Captain,Duke,Captain",31,2026-02-13T22:10:55-08:00
4764,4,3,"Duke,Contessa,Duke",9,2026-02-13T22:10:55-08:00
4766,4,1,"Contessa,Captain,Duke",10,2026-02-13T22:10:55-08:00
4767,4,0,"Assassin,Contessa",16,2026-02-13T22:10:55-08:00
4765,4,1,"Contessa,Captain,Duke",10,2026-02-13T22:10:55-08:00
4769,4,0,"Ambassador,Ambassador,Duke",8,2026-02-13T22:10:55-08:00
4768,4,2,"Duke,Assassin",26,2026-02-13T22:10:55-08:00
4770,4,0,"Assassin,Contessa",16,2026-02-13T22:10:55-08:00
4772,4,2,"Assassin,Captain",18,2026-02-13T22:10:55-08:00
4771,4,2,"Duke,Assassin",26,2026-02-13T22:10:55-08:00
4773,4,0,"Assassin,Contessa",16,2026-02-13T22:10:55-08:00
4774,4,1,"Contessa,Assassin",25,2026-02-13T22:10:55-08:00
4777,4,0,"Contessa,Duke,Ambassador",8,2026-02-13T22:10:55-08:00
4778,4,0,"Assassin,Assassin",33,2026-02-13T22:10:55-08:00
4776,4,1,"Contessa,Assassin",25,2026-02-13T22:10:55-08:00
4781,4,3,"Duke,Contessa,Contessa,Duke",11,2026-02-13T22:10:55-08:00
4782,4,2,"Captain,Contessa",8,2026-02-13T22:10:55-08:00
4783,4,0,"Captain,Captain,Assassin,Ambassador,Captain",24,2026-02-13T22:10:55-08:00
4775,4,0,"Assassin,Assassin",33,2026-02-13T22:10:55-08:00
4786,4,0,"Captain,Captain,Contessa,Duke,Ambassador",9,2026-02-13T22:10:55-08:00
4789,4,3,"Assassin,Duke,Duke",11,2026-02-13T22:10:55-08:00
4790,4,0,"Duke,Duke,Duke",32,2026-02-13T22:10:55-08:00
4787,4,0,"Duke,Assassin,Duke,Contessa,Assassin",10,2026-02-13T22:10:55-08:00
4780,4,2,"Assassin,Duke,Captain",9,2026-02-13T22:10:55-08:00
4791,4,3,"Duke,Assassin,Contessa",19,2026-02-13T22:10:55-08:00
4792,4,0,"Captain,Ambassador",8,2026-02-13T22:10:55-08:00
4793,4,1,"Duke,Contessa,Captain",13,2026-02-13T22:10:55-08:00
4794,4,2,Captain,30,2026-02-13T22:10:55-08:00
4795,4,1,"Duke,Assassin,Duke,Captain,Duke",25,2026-02-13T22:10:55-08:00
4796,4,3,"Duke,Duke,Captain,Assassin",26,2026-02-13T22:10:55-08:00
4797,4,0,Contessa,25,2026-02-13T22:10:55-08:00
4800,4,2,"Ambassador,Ambassador,Ambassador,Ambassador",8,2026-02-13T22:10:55-08:00
4799,4,2,"Ambassador,Captain,Assassin,Ambassador",18,2026-02-13T22:10:55-08:00
4798,4,3,"Duke,Duke",46,2026-02-13T22:10:55-08:00
4801,4,2,"Ambassador,Contessa,Contessa",21,2026-02-13T22:10:55-08:00
4803,4,1,"Ambassador,Captain,Duke,Contessa,Captain",10,2026-02-13T22:10:55-08:00
4802,4,2,"Ambassador,Contessa,Contessa",21,2026-02-13T22:10:55-08:00
4804,4,1,"Ambassador,Captain,Duke,Contessa,Captain",10,2026-02-13T22:10:55-08:00
4784,4,0,"Contessa,Duke,Ambassador",8,2026-02-13T22:10:55-08:00
4805,4,2,"Ambassador,Ambassador,Ambassador,Ambassador",13,2026-02-13T22:10:55-08:00
4806,4,1,"Duke,Assassin",37,2026-02-13T22:10:55-08:00
4808,4,3,"Captain,Assassin",27,2026-02-13T22:10:55-08:00
4807,4,2,"Ambassador,Contessa,Contessa",21,2026-02-13T22:10:55-08:00
4779,4,1,"Contessa,Assassin",25,2026-02-13T22:10:55-08:00
4811,4,2,"Ambassador,Ambassador,Ambassador,Ambassador",13,2026-02-13T22:10:55-08:00
4812,4,0,"Assassin,Duke,Captain,Contessa",23,2026-02-13T22:10:55-08:00
4809,4,3,"Ambassador,Contessa,Assassin",31,2026-02-13T22:10:55-08:00
4810,4,1,"Duke,Ambassador,Duke",26,2026-02-13T22:10:55-08:00
4813,4,0,"Assassin,Duke,Captain,Contessa",23,2026-02-13T22:10:55-08:00
4814,4,0,"Assassin,Assassin,Captain,Ambassador",18,2026-02-13T22:10:55-08:00
4816,4,0,"Duke,Duke,Assassin,Duke",16,2026-02-13T22:10:55-08:00
4815,4,0,"Contessa,Captain,Captain",36,2026-02-13T22:10:55-08:00
4817,4,0,"Captain,Contessa,Duke,Ambassador",10,2026-02-13T22:10:55-08:00
4818,4,0,"Captain,Captain,Ambassador,Contessa,Ambassador",8,2026-02-13T22:10:55-08:00
4819,4,3,"Duke,Captain",23,2026-02-13T22:10:55-08:00
4820,4,3,"Contessa,Duke,Ambassador,Duke",12,2026-02-13T22:10:55-08:00
4821,4,2,"Captain,Duke,Ambassador",6,2026-02-13T22:10:55-08:00
4822,4,3,"Contessa,Duke,Ambassador,Duke",12,2026-02-13T22:10:55-08:00
4823,4,3,"Assassin,Captain,Ambassador",7,2026-02-13T22:10:55-08:00
4824,4,1,Contessa,9,2026-02-13T22:10:55-08:00
4788,4,0,"Duke,Duke,Duke",32,2026-02-13T22:10:55-08:00
4825,4,1,Captain,29,2026-02-13T22:10:55-08:00
4826,4,0,"Captain,Contessa,Captain",16,2026-02-13T22:10:55-08:00
4827,4,1,Captain,29,2026-02-13T22:10:55-08:00
4829,4,3,"Assassin,Contessa,Duke",18,2026-02-13T22:10:55-08:00
4828,4,1,Contessa,28,2026-02-13T22:10:55-08:00
4831,4,3,"Assassin,Contessa,Duke",18,2026-02-13T22:10:55-08:00
4830,4,3,Ambassador,46,2026-02-13T22:10:55-08:00
4832,4,1,Contessa,11,2026-02-13T22:10:55-08:00
4833,4,1,"Duke,Captain,Duke",29,2026-02-13T22:10:55-08:00
4834,4,1,Contessa,11,2026-02-13T22:10:55-08:00
4835,4,0,"Duke,Assassin,Duke,Duke,Duke",7,2026-02-13T22:10:55-08:00
4836,4,0,"Duke,Assassin,Duke,Duke,Duke",7,2026-02-13T22:10:55-08:00
4838,4,0,"Duke,Assassin,Duke,Duke,Duke",7,2026-02-13T22:10:55-08:00
4840,4,1,"Contessa,Captain,Captain",6,2026-02-13T22:10:55-08:00
4839,4,1,"Contessa,Captain,Captain",6,2026-02-13T22:10:55-08:00
4837,4,1,"Contessa,Captain",31,2026-02-13T22:10:55-08:00
4843,4,3,"Duke,Contessa,Captain",7,2026-02-13T22:10:55-08:00
4785,4,3,"Duke,Captain",11,2026-02-13T22:10:55-08:00
4841,4,1,"Contessa,Captain",31,2026-02-13T22:10:55-08:00
4842,4,1,"Captain,Duke,Contessa,Captain",17,2026-02-13T22:10:55-08:00
4844,4,1,"Contessa,Captain",31,2026-02-13T22:10:55-08:00
4845,4,0,"Duke,Ambassador",11,2026-02-13T22:10:55-08:00
4847,4,0,"Ambassador,Ambassador,Duke",10,2026-02-13T22:10:55-08:00
4846,4,0,"Captain,Captain",7,2026-02-13T22:10:55-08:00
4848,4,3,"Contessa,Ambassador",14,2026-02-13T22:10:55-08:00
4849,4,0,"Ambassador,Ambassador,Duke",10,2026-02-13T22:10:55-08:00
4851,4,2,"Ambassador,Ambassador,Ambassador,Duke",9,2026-02-13T22:10:55-08:00
4850,4,2,"Ambassador,Captain,Assassin",12,2026-02-13T22:10:55-08:00
4852,4,1,"Ambassador,Ambassador,Duke",8,2026-02-13T22:10:55-08:00
4854,4,3,"Duke,Contessa,Duke,Ambassador",7,2026-02-13T22:10:55-08:00
4856,4,2,"Ambassador,Ambassador,Ambassador,Duke",9,2026-02-13T22:10:55-08:00
4853,4,0,"Contessa,Duke",19,2026-02-13T22:10:55-08:00
4857,4,0,Duke,10,2026-02-13T22:10:55-08:00
4855,4,0,"Assassin,Contessa",21,2026-02-13T22:10:55-08:00
4860,4,0,"Assassin,Ambassador,Ambassador,Captain",10,2026-02-13T22:10:55-08:00
4865,4,2,"Assassin,Duke,Ambassador,Ambassador",14,2026-02-13T22:10:55-08:00
4862,4,0,Duke,10,2026-02-13T22:10:55-08:00
4867,4,0,"Duke,Contessa,Duke,Captain",7,2026-02-13T22:10:55-08:00
4861,4,1,"Duke,Duke,Ambassador",33,2026-02-13T22:10:55-08:00
4866,4,1,Duke,8,2026-02-13T22:10:55-08:00
4868,4,0,"Duke,Contessa,Duke,Captain",7,2026-02-13T22:10:55-08:00
4859,4,1,"Duke,Duke,Ambassador",33,2026-02-13T22:10:55-08:00
4869,4,2,"Duke,Ambassador",9,2026-02-13T22:10:55-08:00
4871,4,0,"Assassin,Duke,Assassin",18,2026-02-13T22:10:55-08:00
4870,4,1,"Duke,Contessa",15,2026-02-13T22:10:55-08:00
4872,4,1,"Duke,Contessa",15,2026-02-13T22:10:55-08:00
4875,4,0,"Captain,Duke",15,2026-02-13T22:10:55-08:00
4874,4,0,"Assassin,Assassin,Contessa,Ambassador,Contessa",20,2026-02-13T22:10:55-08:00
4873,4,2,"Captain,Captain",22,2026-02-13T22:10:55-08:00
4876,4,0,"Assassin,Contessa",12,2026-02-13T22:10:55-08:00
4877,4,2,"Captain,Captain",22,2026-02-13T22:10:55-08:00
4878,4,3,"Ambassador,Duke,Ambassador",12,2026-02-13T22:10:55-08:00
4881,4,3,"Ambassador,Assassin,Assassin",7,2026-02-13T22:10:55-08:00
4880,4,2,Contessa,26,2026-02-13T22:10:55-08:00
4879,4,3,"Captain,Captain,Duke,Captain",33,2026-02-13T22:10:55-08:00
4863,4,0,Duke,10,2026-02-13T22:10:55-08:00
4883,4,2,"Duke,Assassin,Captain,Assassin,Captain",10,2026-02-13T22:10:55-08:00
4882,4,0,"Ambassador,Ambassador,Ambassador",29,2026-02-13T22:10:55-08:00
4884,4,2,"Assassin,Captain",14,2026-02-13T22:10:55-08:00
4864,4,0,"Assassin,Duke,Assassin",18,2026-02-13T22:10:55-08:00
4858,4,1,Assassin,33,2026-02-13T22:10:55-08:00
4886,4,1,"Assassin,Contessa",9,2026-02-13T22:10:55-08:00
4887,4,0,Captain,10,2026-02-13T22:10:55-08:00
4888,4,1,"Assassin,Contessa",9,2026-02-13T22:10:55-08:00
4885,4,2,"Assassin,Captain",14,2026-02-13T22:10:55-08:00
4889,4,3,"Assassin,Contessa",15,2026-02-13T22:10:55-08:00
4890,4,3,Captain,15,2026-02-13T22:10:55-08:00
4892,4,3,"Captain,Duke,Contessa",19,2026-02-13T22:10:55-08:00
4891,4,3,"Duke,Assassin,Ambassador,Assassin",31,2026-02-13T22:10:55-08:00
4896,4,1,"Duke,Captain",11,2026-02-13T22:10:55-08:00
4895,4,2,"Duke,Contessa,Assassin",13,2026-02-13T22:10:55-08:00
4893,4,3,"Duke,Assassin,Ambassador,Assassin",31,2026-02-13T22:10:55-08:00
4894,4,3,"Duke,Assassin,Ambassador,Assassin",31,2026-02-13T22:10:55-08:00
4897,4,3,Contessa,10,2026-02-13T22:10:55-08:00
4898,4,2,"Duke,Contessa,Assassin,Ambassador",22,2026-02-13T22:10:55-08:00
4899,4,2,"Duke,Contessa,Assassin,Ambassador",22,2026-02-13T22:10:55-08:00
4900,4,3,"Duke,Assassin",10,2026-02-13T22:10:55-08:00
4901,4,0,"Ambassador,Ambassador,Ambassador,Duke,Duke",14,2026-02-13T22:10:55-08:00
4902,4,0,"Ambassador,Ambassador,Ambassador,Duke,Duke",14,2026-02-13T22:10:55-08:00
4903,4,0,"Ambassador,Ambassador,Ambassador,Duke,Duke",14,2026-02-13T22:10:55-08:00
4904,4,0,"Duke,Duke",23,2026-02-13T22:10:55-08:00
4905,4,3,Ambassador,37,2026-02-13T22:10:55-08:00
4906,4,3,Ambassador,37,2026-02-13T22:10:55-08:00
4907,4,0,Captain,34,2026-02-13T22:10:55-08:00
4909,4,0,Captain,34,2026-02-13T22:10:55-08:00
4910,4,3,Captain,19,2026-02-13T22:10:55-08:00
4908,4,0,Captain,34,2026-02-13T22:10:55-08:00
4911,4,3,"Assassin,Ambassador",15,2026-02-13T22:10:55-08:00
4912,4,3,"Assassin,Ambassador",15,2026-02-13T22:10:55-08:00
4913,4,2,"Duke,Ambassador,Ambassador,Assassin",10,2026-02-13T22:10:55-08:00
4914,4,3,Captain,19,2026-02-13T22:10:55-08:00
4915,4,2,"Contessa,Duke",13,2026-02-13T22:10:55-08:00
4917,4,0,"Captain,Assassin,Duke",9,2026-02-13T22:10:55-08:00
4916,4,1,"Ambassador,Ambassador",20,2026-02-13T22:10:55-08:00
4918,4,0,"Captain,Assassin,Duke",9,2026-02-13T22:10:55-08:00
4920,4,2,"Duke,Assassin,Duke",7,2026-02-13T22:10:55-08:00
4919,4,3,"Contessa,Captain,Contessa,Duke,Assassin,Duke",23,2026-02-13T22:10:55-08:00
4921,4,3,"Duke,Duke",35,2026-02-13T22:10:55-08:00
4924,4,1,"Ambassador,Captain,Captain",17,2026-02-13T22:10:55-08:00
4923,4,2,"Ambassador,Duke,Captain",14,2026-02-13T22:10:55-08:00
4922,4,3,"Contessa,Captain,Contessa,Duke,Assassin,Duke",23,2026-02-13T22:10:55-08:00
4925,4,1,"Ambassador,Captain,Assassin",13,2026-02-13T22:10:55-08:00
4926,4,0,"Duke,Ambassador",15,2026-02-13T22:10:55-08:00
4929,4,1,"Ambassador,Captain,Assassin",13,2026-02-13T22:10:55-08:00
4927,4,1,"Duke,Assassin,Captain",9,2026-02-13T22:10:55-08:00
4930,4,3,"Duke,Ambassador,Assassin,Duke,Contessa",11,2026-02-13T22:10:55-08:00
4928,4,1,"Duke,Assassin,Captain",9,2026-02-13T22:10:55-08:00
4931,4,2,"Captain,Duke,Assassin",9,2026-02-13T22:10:55-08:00
4935,4,3,"Ambassador,Duke",9,2026-02-13T22:10:55-08:00
4932,4,1,"Duke,Assassin,Captain",41,2026-02-13T22:10:55-08:00
4934,4,3,"Assassin,Ambassador",19,2026-02-13T22:10:55-08:00
4933,4,2,"Captain,Duke,Assassin,Assassin",18,2026-02-13T22:10:55-08:00
4937,4,3,"Duke,Captain,Ambassador,Duke",10,2026-02-13T22:10:55-08:00
4936,4,1,"Duke,Assassin,Captain",41,2026-02-13T22:10:55-08:00
4940,4,3,"Captain,Duke,Duke",12,2026-02-13T22:10:55-08:00
4938,4,3,"Duke,Captain,Ambassador,Duke",10,2026-02-13T22:10:55-08:00
4939,4,0,"Contessa,Assassin,Ambassador",18,2026-02-13T22:10:55-08:00
4942,4,3,"Duke,Contessa,Assassin",15,2026-02-13T22:10:55-08:00
4941,4,3,Contessa,51,2026-02-13T22:10:55-08:00
4945,4,0,Contessa,8,2026-02-13T22:10:55-08:00
4946,4,0,"Contessa,Assassin,Ambassador",18,2026-02-13T22:10:55-08:00
4943,4,0,"Contessa,Assassin,Ambassador",18,2026-02-13T22:10:55-08:00
4947,4,0,"Captain,Ambassador,Duke",8,2026-02-13T22:10:55-08:00
4948,4,0,Contessa,8,2026-02-13T22:10:55-08:00
4949,4,0,Contessa,8,2026-02-13T22:10:55-08:00
4950,4,1,"Ambassador,Contessa",21,2026-02-13T22:10:55-08:00
4951,4,3,"Ambassador,Ambassador",26,2026-02-13T22:10:55-08:00
4954,4,0,"Captain,Captain",12,2026-02-13T22:10:55-08:00
4955,4,0,"Captain,Captain",12,2026-02-13T22:10:55-08:00
4956,4,3,Contessa,6,2026-02-13T22:10:55-08:00
4953,4,3,"Ambassador,Captain,Duke",17,2026-02-13T22:10:55-08:00
4958,4,3,"Ambassador,Captain,Duke",17,2026-02-13T22:10:55-08:00
4959,4,3,"Ambassador,Captain,Duke",17,2026-02-13T22:10:55-08:00
4957,4,3,"Duke,Captain",58,2026-02-13T22:10:55-08:00
4960,4,2,"Ambassador,Duke,Assassin,Captain",38,2026-02-13T22:10:55-08:00
4961,4,2,Ambassador,37,2026-02-13T22:10:55-08:00
4944,4,3,"Duke,Contessa,Assassin",15,2026-02-13T22:10:55-08:00
4965,4,2,"Ambassador,Duke,Assassin,Captain",38,2026-02-13T22:10:55-08:00
4966,4,1,Contessa,29,2026-02-13T22:10:55-08:00
4967,4,0,"Duke,Ambassador,Ambassador,Contessa",8,2026-02-13T22:10:55-08:00
4962,4,3,"Assassin,Duke",20,2026-02-13T22:10:55-08:00
4963,4,3,"Assassin,Duke",20,2026-02-13T22:10:55-08:00
4964,4,3,"Ambassador,Assassin",16,2026-02-13T22:10:55-08:00
4969,4,0,"Duke,Ambassador,Ambassador,Contessa",8,2026-02-13T22:10:55-08:00
4968,4,0,Ambassador,24,2026-02-13T22:10:55-08:00
4970,4,1,"Duke,Captain,Captain",15,2026-02-13T22:10:55-08:00
4971,4,1,"Duke,Captain,Captain",15,2026-02-13T22:10:55-08:00
4972,4,0,"Duke,Contessa,Duke,Captain,Ambassador",21,2026-02-13T22:10:55-08:00
4974,4,3,"Duke,Contessa,Ambassador",11,2026-02-13T22:10:55-08:00
4973,4,0,"Duke,Contessa,Duke,Captain,Ambassador",21,2026-02-13T22:10:55-08:00
4975,4,3,"Captain,Assassin,Ambassador",19,2026-02-13T22:10:55-08:00
4976,4,3,"Captain,Assassin,Ambassador",19,2026-02-13T22:10:55-08:00
4979,4,0,"Captain,Ambassador,Captain,Ambassador",11,2026-02-13T22:10:55-08:00
4978,4,0,"Ambassador,Duke",9,2026-02-13T22:10:55-08:00
4977,4,1,"Duke,Contessa,Captain",33,2026-02-13T22:10:55-08:00
4980,4,2,"Captain,Contessa,Assassin,Ambassador",25,2026-02-13T22:10:55-08:00
4981,4,2,"Captain,Contessa,Assassin,Ambassador",25,2026-02-13T22:10:55-08:00
4982,4,1,"Ambassador,Assassin",8,2026-02-13T22:10:55-08:00
4984,4,3,"Captain,Contessa,Ambassador,Captain",21,2026-02-13T22:10:55-08:00
4987,4,1,"Duke,Duke,Contessa,Ambassador,Captain",5,2026-02-13T22:10:55-08:00
4988,4,2,"Duke,Duke,Captain",11,2026-02-13T22:10:55-08:00
4990,4,0,"Duke,Contessa",16,2026-02-13T22:10:55-08:00
4985,4,1,"Ambassador,Assassin",8,2026-02-13T22:10:55-08:00
4992,4,0,"Duke,Assassin,Duke,Captain",11,2026-02-13T22:10:55-08:00
4983,4,3,"Captain,Contessa,Ambassador,Captain",21,2026-02-13T22:10:55-08:00
4994,4,0,"Duke,Contessa",16,2026-02-13T22:10:55-08:00
4991,4,0,"Ambassador,Captain,Assassin",32,2026-02-13T22:10:55-08:00
4995,4,0,"Ambassador,Captain,Assassin",32,2026-02-13T22:10:55-08:00
4993,4,2,"Contessa,Duke",50,2026-02-13T22:10:55-08:00
4996,4,3,"Contessa,Duke",23,2026-02-13T22:10:55-08:00
4998,4,0,"Duke,Contessa,Ambassador,Captain",12,2026-02-13T22:10:55-08:00
4997,4,2,"Contessa,Duke",50,2026-02-13T22:10:55-08:00
4999,4,2,"Contessa,Duke",50,2026-02-13T22:10:55-08:00
5000,4,3,"Duke,Duke",17,2026-02-13T22:10:55-08:00
5001,4,2,"Contessa,Captain,Duke,Contessa",15,2026-02-13T22:10:55-08:00
5002,4,3,"Duke,Duke",17,2026-02-13T22:10:55-08:00
5004,4,3,"Duke,Assassin,Captain",10,2026-02-13T22:10:55-08:00
5003,4,2,"Duke,Duke",40,2026-02-13T22:10:55-08:00
5005,4,3,Assassin,23,2026-02-13T22:10:55-08:00
4986,4,1,"Ambassador,Assassin",8,2026-02-13T22:10:55-08:00
5006,4,1,"Assassin,Duke",8,2026-02-13T22:10:55-08:00
5007,4,3,Assassin,23,2026-02-13T22:10:55-08:00
4952,4,1,"Ambassador,Contessa",21,2026-02-13T22:10:55-08:00
4989,4,0,"Ambassador,Ambassador",20,2026-02-13T22:10:55-08:00
5014,4,0,Ambassador,9,2026-02-13T22:10:55-08:00
5013,4,0,Ambassador,9,2026-02-13T22:10:55-08:00
5011,4,0,Ambassador,9,2026-02-13T22:10:55-08:00
5010,4,1,"Duke,Captain,Ambassador",23,2026-02-13T22:10:55-08:00
5015,4,3,"Ambassador,Assassin,Captain",12,2026-02-13T22:10:55-08:00
5016,4,3,"Ambassador,Ambassador,Duke,Duke",6,2026-02-13T22:10:55-08:00
5017,4,0,Captain,7,2026-02-13T22:10:55-08:00
5020,4,1,"Ambassador,Ambassador",64,2026-02-13T22:10:55-08:00
5009,4,3,"Contessa,Captain,Ambassador",14,2026-02-13T22:10:55-08:00
5022,4,2,Ambassador,7,2026-02-13T22:10:55-08:00
5023,4,1,"Assassin,Captain,Contessa,Contessa",22,2026-02-13T22:10:55-08:00
5024,4,0,"Captain,Contessa",29,2026-02-13T22:10:55-08:00
5025,4,3,Ambassador,10,2026-02-13T22:10:55-08:00
5026,4,3,"Duke,Ambassador",18,2026-02-13T22:10:55-08:00
5027,4,0,"Duke,Assassin",16,2026-02-13T22:10:55-08:00
5028,4,1,"Assassin,Duke,Captain,Contessa,Ambassador",13,2026-02-13T22:10:55-08:00
5030,4,2,"Duke,Captain,Assassin,Ambassador",8,2026-02-13T22:10:55-08:00
5029,4,3,"Duke,Duke,Captain,Duke",7,2026-02-13T22:10:55-08:00
5033,4,0,Assassin,11,2026-02-13T22:10:55-08:00
5032,4,1,"Assassin,Duke,Captain,Contessa,Ambassador",13,2026-02-13T22:10:55-08:00
5031,4,2,Contessa,29,2026-02-13T22:10:55-08:00
5034,4,3,"Captain,Contessa",17,2026-02-13T22:10:55-08:00
5035,4,2,Contessa,29,2026-02-13T22:10:55-08:00
5036,4,0,"Contessa,Duke,Captain",24,2026-02-13T22:10:55-08:00
5037,4,0,"Assassin,Duke,Ambassador,Contessa",19,2026-02-13T22:10:55-08:00
5038,4,0,Assassin,11,2026-02-13T22:10:55-08:00
5039,4,3,Captain,33,2026-02-13T22:10:55-08:00
5040,4,1,"Duke,Contessa,Captain",6,2026-02-13T22:10:55-08:00
5018,4,0,"Captain,Contessa",29,2026-02-13T22:10:55-08:00
5041,4,2,Assassin,19,2026-02-13T22:10:55-08:00
5043,4,2,"Captain,Duke,Duke",30,2026-02-13T22:10:55-08:00
5044,4,1,"Assassin,Assassin,Ambassador,Captain,Ambassador,Contessa",13,2026-02-13T22:10:55-08:00
5008,4,3,"Contessa,Captain,Ambassador",14,2026-02-13T22:10:55-08:00
5045,4,2,"Ambassador,Contessa",30,2026-02-13T22:10:55-08:00
5046,4,2,"Ambassador,Assassin,Captain,Duke,Assassin",10,2026-02-13T22:10:55-08:00
5048,4,1,"Captain,Captain,Ambassador",18,2026-02-13T22:10:55-08:00
5047,4,0,"Assassin,Captain,Captain",6,2026-02-13T22:10:55-08:00
5050,4,1,"Ambassador,Duke,Ambassador,Assassin",25,2026-02-13T22:10:55-08:00
5051,4,3,Assassin,25,2026-02-13T22:10:55-08:00
5049,4,2,"Captain,Duke,Duke",30,2026-02-13T22:10:55-08:00
5052,4,3,"Duke,Contessa,Assassin",7,2026-02-13T22:10:55-08:00
5053,4,1,"Captain,Captain,Ambassador",18,2026-02-13T22:10:55-08:00
5054,4,1,"Captain,Captain,Ambassador",18,2026-02-13T22:10:55-08:00
5055,4,3,"Assassin,Duke,Captain",27,2026-02-13T22:10:55-08:00
5058,4,1,"Ambassador,Duke,Captain",9,2026-02-13T22:10:55-08:00
5019,4,0,Captain,7,2026-02-13T22:10:55-08:00
5056,4,1,"Assassin,Assassin",29,2026-02-13T22:10:55-08:00
5057,4,1,"Assassin,Assassin",29,2026-02-13T22:10:55-08:00
5042,4,0,"Captain,Ambassador,Assassin",12,2026-02-13T22:10:55-08:00
5012,4,3,"Ambassador,Ambassador,Duke,Duke",6,2026-02-13T22:10:55-08:00
5062,4,0,"Duke,Contessa,Captain,Assassin",8,2026-02-13T22:10:55-08:00
5064,4,3,"Duke,Ambassador",15,2026-02-13T22:10:55-08:00
5065,4,1,Ambassador,18,2026-02-13T22:10:55-08:00
5061,4,0,"Ambassador,Ambassador,Duke,Assassin",28,2026-02-13T22:10:55-08:00
5066,4,1,Duke,7,2026-02-13T22:10:55-08:00
5067,4,1,Ambassador,18,2026-02-13T22:10:55-08:00
5069,4,1,Duke,7,2026-02-13T22:10:55-08:00
5068,4,2,"Duke,Ambassador",21,2026-02-13T22:10:55-08:00
5070,4,0,"Assassin,Captain,Contessa",7,2026-02-13T22:10:55-08:00
5071,4,3,"Duke,Assassin",23,2026-02-13T22:10:55-08:00
5073,4,3,"Assassin,Captain",14,2026-02-13T22:10:55-08:00
5074,4,0,Assassin,15,2026-02-13T22:10:55-08:00
5072,4,2,"Assassin,Contessa",42,2026-02-13T22:10:55-08:00
5076,4,0,"Ambassador,Duke,Duke,Assassin",7,2026-02-13T22:10:55-08:00
5075,4,3,"Assassin,Captain",14,2026-02-13T22:10:55-08:00
5077,4,3,"Ambassador,Assassin",23,2026-02-13T22:10:55-08:00
5079,4,0,"Duke,Captain,Contessa,Ambassador",11,2026-02-13T22:10:55-08:00
5080,4,2,"Captain,Ambassador",28,2026-02-13T22:10:55-08:00
5078,4,3,"Contessa,Assassin",36,2026-02-13T22:10:55-08:00
5081,4,2,"Captain,Ambassador",28,2026-02-13T22:10:55-08:00
5083,4,2,"Captain,Captain,Contessa",9,2026-02-13T22:10:55-08:00
5082,4,2,"Ambassador,Duke",22,2026-02-13T22:10:55-08:00
5084,4,2,"Captain,Ambassador",28,2026-02-13T22:10:55-08:00
5085,4,2,"Ambassador,Duke",22,2026-02-13T22:10:55-08:00
5087,4,3,"Duke,Assassin,Ambassador",31,2026-02-13T22:10:55-08:00
5086,4,2,"Ambassador,Ambassador",78,2026-02-13T22:10:55-08:00
5089,4,1,"Assassin,Captain,Contessa",11,2026-02-13T22:10:55-08:00
5088,4,2,"Ambassador,Duke",22,2026-02-13T22:10:55-08:00
5090,4,2,"Duke,Ambassador,Ambassador,Contessa",9,2026-02-13T22:10:55-08:00
5063,4,3,"Duke,Captain,Duke",11,2026-02-13T22:10:55-08:00
5092,4,2,Contessa,11,2026-02-13T22:10:55-08:00
5059,4,1,"Ambassador,Duke",6,2026-02-13T22:10:55-08:00
5093,4,3,"Duke,Assassin,Ambassador",31,2026-02-13T22:10:55-08:00
5091,4,2,Contessa,11,2026-02-13T22:10:55-08:00
5095,4,3,Ambassador,8,2026-02-13T22:10:55-08:00
5098,4,2,"Captain,Duke,Ambassador,Assassin",14,2026-02-13T22:10:55-08:00
5097,4,0,"Ambassador,Ambassador,Assassin",15,2026-02-13T22:10:55-08:00
5060,4,0,"Ambassador,Ambassador,Duke,Assassin",28,2026-02-13T22:10:55-08:00
5096,4,2,"Assassin,Assassin,Duke",23,2026-02-13T22:10:55-08:00
5101,4,1,"Duke,Assassin,Captain",5,2026-02-13T22:10:55-08:00
5099,4,1,"Contessa,Assassin",25,2026-02-13T22:10:55-08:00
5100,4,2,"Assassin,Assassin,Duke",23,2026-02-13T22:10:55-08:00
5102,4,3,"Captain,Contessa,Duke",19,2026-02-13T22:10:55-08:00
5103,4,3,"Contessa,Ambassador,Assassin",11,2026-02-13T22:10:55-08:00
5107,4,1,"Assassin,Duke,Duke,Captain,Contessa",9,2026-02-13T22:10:55-08:00
5021,4,0,"Captain,Contessa",29,2026-02-13T22:10:55-08:00
5104,4,3,"Captain,Contessa,Duke",19,2026-02-13T22:10:55-08:00
5111,4,1,"Assassin,Captain,Duke",10,2026-02-13T22:10:55-08:00
5112,4,0,"Ambassador,Duke",10,2026-02-13T22:10:55-08:00
5108,4,1,"Assassin,Captain,Duke",10,2026-02-13T22:10:55-08:00
5109,4,1,"Assassin,Ambassador",13,2026-02-13T22:10:55-08:00
5113,4,0,"Ambassador,Duke",10,2026-02-13T22:10:55-08:00
5114,4,3,"Contessa,Duke",17,2026-02-13T22:10:55-08:00
5105,4,3,"Duke,Assassin,Duke",23,2026-02-13T22:10:55-08:00
5116,4,3,"Contessa,Duke",17,2026-02-13T22:10:55-08:00
5117,4,3,"Assassin,Captain",9,2026-02-13T22:10:55-08:00
5115,4,2,"Ambassador,Ambassador,Ambassador,Captain",34,2026-02-13T22:10:55-08:00
5118,4,0,"Contessa,Duke,Duke,Assassin",19,2026-02-13T22:10:55-08:00
5119,4,3,"Assassin,Captain",9,2026-02-13T22:10:55-08:00
5121,4,1,"Contessa,Duke,Ambassador,Duke",15,2026-02-13T22:10:55-08:00
5122,4,3,"Captain,Ambassador",24,2026-02-13T22:10:55-08:00
5123,4,1,"Ambassador,Ambassador",14,2026-02-13T22:10:55-08:00
5120,4,0,"Contessa,Duke,Duke,Assassin",19,2026-02-13T22:10:55-08:00
5125,4,3,"Captain,Ambassador",24,2026-02-13T22:10:55-08:00
5124,4,3,Assassin,47,2026-02-13T22:10:55-08:00
5127,4,3,"Ambassador,Captain",11,2026-02-13T22:10:55-08:00
5126,4,3,"Ambassador,Duke,Contessa,Captain",27,2026-02-13T22:10:55-08:00
5128,4,3,"Ambassador,Ambassador",22,2026-02-13T22:10:55-08:00
5129,4,3,"Ambassador,Duke,Contessa,Captain",27,2026-02-13T22:10:55-08:00
5094,4,3,"Ambassador,Duke",66,2026-02-13T22:10:55-08:00
5110,4,1,"Contessa,Duke,Assassin",4,2026-02-13T22:10:55-08:00
5130,4,2,"Ambassador,Ambassador,Ambassador,Duke",12,2026-02-13T22:10:55-08:00
5135,4,0,"Duke,Assassin,Ambassador",11,2026-02-13T22:10:55-08:00
5131,4,0,Assassin,19,2026-02-13T22:10:55-08:00
5132,4,2,"Ambassador,Duke",16,2026-02-13T22:10:55-08:00
5136,4,2,"Ambassador,Ambassador,Ambassador,Duke",12,2026-02-13T22:10:55-08:00
5137,4,0,"Assassin,Duke,Duke,Captain",16,2026-02-13T22:10:55-08:00
5133,4,1,"Contessa,Ambassador",41,2026-02-13T22:10:55-08:00
5139,4,3,"Captain,Captain,Duke,Captain",11,2026-02-13T22:10:55-08:00
5138,4,3,Contessa,23,2026-02-13T22:10:55-08:00
5141,4,3,"Captain,Captain,Duke,Captain",11,2026-02-13T22:10:55-08:00
5142,4,0,"Contessa,Duke,Duke",23,2026-02-13T22:10:55-08:00
5140,4,0,"Assassin,Duke,Duke,Captain",16,2026-02-13T22:10:55-08:00
5143,4,2,Duke,24,2026-02-13T22:10:55-08:00
5145,4,0,"Captain,Ambassador",11,2026-02-13T22:10:55-08:00
5148,4,2,"Contessa,Ambassador",13,2026-02-13T22:10:55-08:00
5147,4,0,"Contessa,Duke",20,2026-02-13T22:10:55-08:00
5144,4,0,"Assassin,Ambassador",56,2026-02-13T22:10:55-08:00
5106,4,1,"Assassin,Ambassador",13,2026-02-13T22:10:55-08:00
5146,4,0,"Assassin,Ambassador",56,2026-02-13T22:10:55-08:00
5149,4,2,"Ambassador,Duke",18,2026-02-13T22:10:55-08:00
5134,4,2,"Ambassador,Duke",16,2026-02-13T22:10:55-08:00
5151,4,2,"Ambassador,Duke",18,2026-02-13T22:10:55-08:00
5152,4,3,Duke,15,2026-02-13T22:10:55-08:00
5150,4,3,Duke,15,2026-02-13T22:10:55-08:00
5159,4,1,"Duke,Ambassador,Ambassador,Assassin",8,2026-02-13T22:10:55-08:00
5155,4,1,"Duke,Ambassador,Ambassador,Assassin",8,2026-02-13T22:10:55-08:00
5157,4,0,"Ambassador,Duke,Assassin,Duke,Assassin",12,2026-02-13T22:10:55-08:00
5160,4,1,Assassin,17,2026-02-13T22:10:55-08:00
5158,4,3,"Captain,Ambassador",15,2026-02-13T22:10:55-08:00
5153,4,0,"Contessa,Ambassador,Ambassador",34,2026-02-13T22:10:55-08:00
5161,4,1,"Assassin,Captain,Captain,Duke",5,2026-02-13T22:10:55-08:00
5162,4,1,"Duke,Contessa,Ambassador",29,2026-02-13T22:10:55-08:00
5163,4,1,Contessa,25,2026-02-13T22:10:55-08:00
5165,4,1,"Captain,Duke,Ambassador,Assassin",21,2026-02-13T22:10:55-08:00
5166,4,2,"Ambassador,Captain,Contessa",15,2026-02-13T22:10:55-08:00
5164,4,1,"Duke,Contessa,Ambassador",29,2026-02-13T22:10:55-08:00
5167,4,0,"Ambassador,Duke,Duke,Ambassador",16,2026-02-13T22:10:55-08:00
5169,4,1,"Captain,Duke,Ambassador,Assassin",21,2026-02-13T22:10:55-08:00
5168,4,2,Contessa,40,2026-02-13T22:10:55-08:00
5170,4,2,"Duke,Duke,Duke,Contessa",19,2026-02-13T22:10:55-08:00
5171,4,3,"Duke,Ambassador,Duke,Duke",34,2026-02-13T22:10:55-08:00
5173,4,2,"Ambassador,Captain,Contessa",15,2026-02-13T22:10:55-08:00
5172,4,0,"Captain,Captain",28,2026-02-13T22:10:55-08:00
5176,4,0,"Duke,Duke,Ambassador",5,2026-02-13T22:10:55-08:00
5175,4,3,Contessa,8,2026-02-13T22:10:55-08:00
5174,4,2,"Duke,Duke,Duke,Contessa",19,2026-02-13T22:10:55-08:00
5177,4,2,Contessa,10,2026-02-13T22:10:55-08:00
5156,4,1,Assassin,17,2026-02-13T22:10:55-08:00
5178,4,1,Contessa,45,2026-02-13T22:10:55-08:00
5179,4,2,Contessa,10,2026-02-13T22:10:55-08:00
5180,4,2,Contessa,10,2026-02-13T22:10:55-08:00
5183,4,0,"Captain,Duke,Captain",22,2026-02-13T22:10:55-08:00
5181,4,0,"Contessa,Captain,Captain,Assassin",22,2026-02-13T22:10:55-08:00
5184,4,0,"Duke,Duke",32,2026-02-13T22:10:55-08:00
5185,4,3,"Captain,Assassin,Duke,Assassin",7,2026-02-13T22:10:55-08:00
5182,4,0,"Captain,Duke,Captain",22,2026-02-13T22:10:55-08:00
5186,4,3,"Captain,Assassin,Duke,Assassin",7,2026-02-13T22:10:55-08:00
5187,4,0,"Contessa,Ambassador",31,2026-02-13T22:10:55-08:00
5188,4,0,"Captain,Duke,Captain",22,2026-02-13T22:10:55-08:00
5191,4,1,"Contessa,Captain,Captain,Assassin",8,2026-02-13T22:10:55-08:00
5190,4,3,Duke,26,2026-02-13T22:10:55-08:00
5193,4,3,"Duke,Assassin,Assassin",11,2026-02-13T22:10:55-08:00
5189,4,1,"Duke,Duke,Captain",44,2026-02-13T22:10:55-08:00
5192,4,3,"Ambassador,Captain",48,2026-02-13T22:10:55-08:00
5154,4,3,Ambassador,27,2026-02-13T22:10:55-08:00
5195,4,3,"Duke,Assassin,Contessa",11,2026-02-13T22:10:55-08:00
5196,4,2,"Ambassador,Ambassador,Assassin",13,2026-02-13T22:10:55-08:00
5198,4,3,"Duke,Duke,Duke",20,2026-02-13T22:10:55-08:00
5197,4,1,"Assassin,Captain",30,2026-02-13T22:10:55-08:00
5199,4,1,"Assassin,Captain",30,2026-02-13T22:10:55-08:00
5201,4,1,Ambassador,16,2026-02-13T22:10:55-08:00
5200,4,1,"Assassin,Captain",30,2026-02-13T22:10:55-08:00
5202,4,3,"Duke,Ambassador",11,2026-02-13T22:10:55-08:00
5203,4,3,"Contessa,Ambassador",10,2026-02-13T22:10:55-08:00
5205,4,0,Captain,9,2026-02-13T22:10:55-08:00
5204,4,3,Duke,28,2026-02-13T22:10:55-08:00
5207,4,3,Duke,28,2026-02-13T22:10:55-08:00
5206,4,1,"Assassin,Captain",33,2026-02-13T22:10:55-08:00
5209,4,1,"Assassin,Duke,Captain,Contessa",12,2026-02-13T22:10:55-08:00
5208,4,1,"Assassin,Captain",33,2026-02-13T22:10:55-08:00
5210,4,2,"Assassin,Ambassador,Contessa,Contessa",8,2026-02-13T22:10:55-08:00
5211,4,3,"Assassin,Contessa",10,2026-02-13T22:10:55-08:00
5212,4,3,"Duke,Duke,Duke",15,2026-02-13T22:10:55-08:00
5214,4,2,"Assassin,Ambassador,Contessa,Contessa",8,2026-02-13T22:10:55-08:00
5194,4,3,Duke,26,2026-02-13T22:10:55-08:00
5213,4,2,"Assassin,Ambassador",19,2026-02-13T22:10:55-08:00
5215,4,1,"Ambassador,Ambassador,Assassin,Contessa",11,2026-02-13T22:10:55-08:00
5216,4,1,"Ambassador,Ambassador,Assassin,Contessa",11,2026-02-13T22:10:55-08:00
5217,4,2,"Assassin,Ambassador",19,2026-02-13T22:10:55-08:00
5218,4,2,Assassin,39,2026-02-13T22:10:55-08:00
5221,4,3,"Duke,Assassin",19,2026-02-13T22:10:55-08:00
5220,4,3,"Duke,Assassin",19,2026-02-13T22:10:55-08:00
5219,4,2,"Assassin,Ambassador",19,2026-02-13T22:10:55-08:00
5222,4,3,"Duke,Assassin",19,2026-02-13T22:10:55-08:00
5224,4,1,"Captain,Ambassador",4,2026-02-13T22:10:55-08:00
5223,4,3,Contessa,17,2026-02-13T22:10:55-08:00
5226,4,0,"Ambassador,Duke,Assassin,Duke",7,2026-02-13T22:10:55-08:00
5225,4,3,Contessa,20,2026-02-13T22:10:55-08:00
5227,4,3,"Duke,Assassin,Ambassador",20,2026-02-13T22:10:55-08:00
5228,4,0,"Ambassador,Duke,Assassin,Duke",7,2026-02-13T22:10:55-08:00
5230,4,0,"Ambassador,Duke,Assassin,Duke",7,2026-02-13T22:10:55-08:00
5229,4,2,"Duke,Assassin",19,2026-02-13T22:10:55-08:00
5233,4,2,"Assassin,Contessa",15,2026-02-13T22:10:55-08:00
5234,4,3,"Assassin,Duke,Ambassador",15,2026-02-13T22:10:55-08:00
5231,4,2,Captain,37,2026-02-13T22:10:55-08:00
5232,4,2,Captain,37,2026-02-13T22:10:55-08:00
5236,4,3,"Assassin,Duke,Ambassador",15,2026-02-13T22:10:55-08:00
5235,4,2,Captain,37,2026-02-13T22:10:55-08:00
5238,4,3,"Duke,Captain,Assassin,Contessa",11,2026-02-13T22:10:55-08:00
5239,4,1,"Contessa,Duke,Duke",34,2026-02-13T22:10:55-08:00
5237,4,2,Captain,37,2026-02-13T22:10:55-08:00
5240,4,1,"Contessa,Duke,Duke",34,2026-02-13T22:10:55-08:00
5241,4,2,"Duke,Assassin",21,2026-02-13T22:10:55-08:00
5242,4,0,"Assassin,Ambassador",11,2026-02-13T22:10:55-08:00
5243,4,0,"Assassin,Ambassador",11,2026-02-13T22:10:55-08:00
5244,4,3,Duke,14,2026-02-13T22:10:55-08:00
5246,4,3,Ambassador,16,2026-02-13T22:10:55-08:00
5247,4,2,Ambassador,8,2026-02-13T22:10:55-08:00
5245,4,1,"Contessa,Duke,Duke",34,2026-02-13T22:10:55-08:00
5248,4,3,Duke,14,2026-02-13T22:10:55-08:00
5249,4,3,Duke,14,2026-02-13T22:10:55-08:00
5250,4,2,"Ambassador,Ambassador",8,2026-02-13T22:10:55-08:00
5256,4,1,"Ambassador,Assassin,Duke",9,2026-02-13T22:10:55-08:00
5253,4,1,"Ambassador,Assassin,Duke",9,2026-02-13T22:10:55-08:00
5257,4,1,"Ambassador,Assassin,Duke",9,2026-02-13T22:10:55-08:00
5255,4,3,"Captain,Ambassador,Duke,Contessa",23,2026-02-13T22:10:55-08:00
5252,4,3,"Captain,Ambassador,Duke,Contessa",23,2026-02-13T22:10:55-08:00
5260,4,3,"Contessa,Ambassador",10,2026-02-13T22:10:55-08:00
5258,4,0,"Duke,Assassin,Contessa,Duke,Ambassador",10,2026-02-13T22:10:55-08:00
5259,4,2,"Duke,Assassin,Assassin",10,2026-02-13T22:10:55-08:00
5261,4,2,"Captain,Captain,Contessa,Ambassador,Ambassador",14,2026-02-13T22:10:55-08:00
5262,4,2,"Captain,Captain,Contessa,Ambassador,Ambassador",14,2026-02-13T22:10:55-08:00
5263,4,2,"Duke,Assassin,Contessa",19,2026-02-13T22:10:55-08:00
5264,4,2,"Duke,Duke,Assassin",4,2026-02-13T22:10:55-08:00
5266,4,2,"Assassin,Captain,Ambassador",7,2026-02-13T22:10:55-08:00
5265,4,1,"Duke,Ambassador,Captain",17,2026-02-13T22:10:55-08:00
5267,4,2,"Assassin,Captain,Ambassador",7,2026-02-13T22:10:55-08:00
5268,4,2,"Assassin,Captain,Ambassador",7,2026-02-13T22:10:55-08:00
5269,4,3,"Duke,Ambassador",21,2026-02-13T22:10:55-08:00
5270,4,2,"Ambassador,Assassin,Ambassador",12,2026-02-13T22:10:55-08:00
5271,4,0,"Captain,Contessa",9,2026-02-13T22:10:55-08:00
5272,4,1,"Ambassador,Duke,Contessa,Duke,Contessa",23,2026-02-13T22:10:55-08:00
5254,4,3,"Assassin,Assassin",15,2026-02-13T22:10:55-08:00
5251,4,3,"Captain,Ambassador,Duke,Contessa",23,2026-02-13T22:10:55-08:00
5277,4,1,"Captain,Ambassador,Ambassador",11,2026-02-13T22:10:55-08:00
5274,4,2,"Ambassador,Assassin,Ambassador",12,2026-02-13T22:10:55-08:00
5275,4,2,"Ambassador,Assassin,Ambassador",12,2026-02-13T22:10:55-08:00
5278,4,0,Ambassador,24,2026-02-13T22:10:55-08:00
5279,4,1,"Ambassador,Duke,Contessa,Duke,Contessa",23,2026-02-13T22:10:55-08:00
5280,4,0,Ambassador,24,2026-02-13T22:10:55-08:00
5281,4,2,"Contessa,Contessa",12,2026-02-13T22:10:55-08:00
5286,4,0,"Ambassador,Assassin",15,2026-02-13T22:10:55-08:00
5287,4,2,"Assassin,Duke,Ambassador",8,2026-02-13T22:10:55-08:00
5285,4,0,Ambassador,24,2026-02-13T22:10:55-08:00
5284,4,0,"Ambassador,Assassin",15,2026-02-13T22:10:55-08:00
5288,4,2,"Duke,Duke",15,2026-02-13T22:10:55-08:00
5289,4,3,Captain,6,2026-02-13T22:10:55-08:00
5290,4,2,"Assassin,Duke,Ambassador",8,2026-02-13T22:10:55-08:00
5291,4,1,"Assassin,Duke,Assassin",9,2026-02-13T22:10:55-08:00
5283,4,2,"Contessa,Contessa",12,2026-02-13T22:10:55-08:00
5293,4,3,"Ambassador,Ambassador",19,2026-02-13T22:10:55-08:00
5292,4,1,Contessa,39,2026-02-13T22:10:55-08:00
5294,4,3,"Captain,Duke",31,2026-02-13T22:10:55-08:00
5295,4,3,"Ambassador,Ambassador",19,2026-02-13T22:10:55-08:00
5298,4,1,"Assassin,Duke,Assassin",9,2026-02-13T22:10:55-08:00
5297,4,1,Contessa,21,2026-02-13T22:10:55-08:00
5296,4,2,"Duke,Contessa",17,2026-02-13T22:10:55-08:00
5299,4,0,Duke,15,2026-02-13T22:10:55-08:00
5300,4,0,Duke,15,2026-02-13T22:10:55-08:00
5301,4,0,"Ambassador,Captain,Contessa",18,2026-02-13T22:10:55-08:00
5302,4,0,Ambassador,19,2026-02-13T22:10:55-08:00
5304,4,2,"Duke,Captain,Captain,Contessa,Contessa",18,2026-02-13T22:10:55-08:00
5303,4,2,"Duke,Captain,Captain,Contessa,Contessa",18,2026-02-13T22:10:55-08:00
5305,4,0,"Assassin,Assassin",32,2026-02-13T22:10:55-08:00
5306,4,3,"Duke,Duke",7,2026-02-13T22:10:55-08:00
5308,4,3,"Duke,Duke",7,2026-02-13T22:10:55-08:00
5307,4,0,"Duke,Assassin,Contessa",11,2026-02-13T22:10:55-08:00
5309,4,2,"Captain,Contessa",22,2026-02-13T22:10:55-08:00
5282,4,2,"Contessa,Contessa",12,2026-02-13T22:10:55-08:00
5311,4,1,"Contessa,Assassin",19,2026-02-13T22:10:55-08:00
5312,4,1,"Contessa,Assassin",19,2026-02-13T22:10:55-08:00
5310,4,2,"Contessa,Duke,Contessa,Captain",22,2026-02-13T22:10:55-08:00
5273,4,0,"Duke,Captain,Assassin,Ambassador",14,2026-02-13T22:10:55-08:00
5276,4,0,"Duke,Captain,Ambassador,Ambassador,Contessa,Duke",19,2026-02-13T22:10:55-08:00
5313,4,2,"Captain,Captain",15,2026-02-13T22:10:55-08:00
5314,4,1,Contessa,44,2026-02-13T22:10:55-08:00
5315,4,3,"Ambassador,Duke,Duke,Contessa",5,2026-02-13T22:10:55-08:00
5316,4,2,"Duke,Captain,Captain,Captain",13,2026-02-13T22:10:55-08:00
5317,4,3,"Contessa,Assassin",18,2026-02-13T22:10:55-08:00
5318,4,0,"Duke,Assassin",10,2026-02-13T22:10:55-08:00
5319,4,0,Duke,22,2026-02-13T22:10:55-08:00
5321,4,3,"Captain,Contessa,Captain",5,2026-02-13T22:10:55-08:00
5320,4,0,"Captain,Assassin",27,2026-02-13T22:10:55-08:00
5322,4,3,Duke,27,2026-02-13T22:10:55-08:00
5323,4,0,"Ambassador,Ambassador,Assassin,Captain,Ambassador",19,2026-02-13T22:10:55-08:00
5324,4,2,"Captain,Captain,Assassin,Assassin",6,2026-02-13T22:10:55-08:00
5325,4,2,"Captain,Captain,Assassin,Assassin",6,2026-02-13T22:10:55-08:00
5327,4,2,"Captain,Captain,Assassin,Assassin",6,2026-02-13T22:10:55-08:00
5326,4,2,Assassin,19,2026-02-13T22:10:55-08:00
5329,4,3,Ambassador,28,2026-02-13T22:10:55-08:00
5328,4,3,Ambassador,28,2026-02-13T22:10:55-08:00
5330,4,1,"Assassin,Duke,Captain",13,2026-02-13T22:10:55-08:00
5331,4,1,"Assassin,Duke,Captain",13,2026-02-13T22:10:55-08:00
5332,4,1,"Assassin,Duke,Captain",13,2026-02-13T22:10:55-08:00
5334,4,0,"Duke,Duke",15,2026-02-13T22:10:55-08:00
5333,4,0,"Duke,Duke",15,2026-02-13T22:10:55-08:00
5335,4,0,"Duke,Duke",15,2026-02-13T22:10:55-08:00
5336,4,0,"Duke,Duke",15,2026-02-13T22:10:55-08:00
5338,4,1,"Assassin,Duke,Assassin,Contessa",8,2026-02-13T22:10:55-08:00
5337,4,3,"Duke,Assassin,Ambassador",17,2026-02-13T22:10:55-08:00
5339,4,2,"Duke,Ambassador",20,2026-02-13T22:10:55-08:00
5340,4,2,"Duke,Ambassador",20,2026-02-13T22:10:55-08:00
5342,4,2,"Captain,Captain",15,2026-02-13T22:10:55-08:00
5341,4,2,"Captain,Captain",15,2026-02-13T22:10:55-08:00
5343,4,2,"Captain,Captain",15,2026-02-13T22:10:55-08:00
5345,4,2,"Assassin,Assassin",15,2026-02-13T22:10:55-08:00
5344,4,2,"Captain,Captain",15,2026-02-13T22:10:55-08:00
5347,4,0,Contessa,43,2026-02-13T22:10:55-08:00
5348,4,1,Duke,35,2026-02-13T22:10:55-08:00
5346,4,3,"Contessa,Ambassador",43,2026-02-13T22:10:55-08:00
5350,4,3,"Contessa,Ambassador",43,2026-02-13T22:10:55-08:00
5351,4,1,"Contessa,Contessa,Assassin",13,2026-02-13T22:10:55-08:00
5352,4,2,Ambassador,33,2026-02-13T22:10:55-08:00
5354,4,2,Contessa,16,2026-02-13T22:10:55-08:00
5353,4,3,"Captain,Contessa",13,2026-02-13T22:10:55-08:00
5355,4,3,"Assassin,Ambassador,Duke",19,2026-02-13T22:10:55-08:00
5356,4,2,Contessa,16,2026-02-13T22:10:55-08:00
5357,4,2,"Captain,Duke",14,2026-02-13T22:10:55-08:00
5358,4,3,"Assassin,Ambassador,Duke",19,2026-02-13T22:10:55-08:00
5359,4,0,"Duke,Ambassador,Ambassador",8,2026-02-13T22:10:55-08:00
5360,4,2,"Contessa,Captain,Ambassador",25,2026-02-13T22:10:55-08:00
5362,4,0,"Duke,Ambassador,Ambassador",8,2026-02-13T22:10:55-08:00
5363,4,2,"Ambassador,Captain",20,2026-02-13T22:10:55-08:00
5361,4,3,"Captain,Captain",19,2026-02-13T22:10:55-08:00
5366,4,3,"Ambassador,Captain",23,2026-02-13T22:10:55-08:00
5364,4,0,"Contessa,Duke",26,2026-02-13T22:10:55-08:00
5365,4,1,"Duke,Ambassador",27,2026-02-13T22:10:55-08:00
5369,4,0,"Duke,Ambassador,Duke,Captain",9,2026-02-13T22:10:55-08:00
5368,4,0,"Ambassador,Duke,Assassin",7,2026-02-13T22:10:55-08:00
5370,4,3,"Ambassador,Duke,Duke",12,2026-02-13T22:10:55-08:00
5372,4,0,"Duke,Ambassador,Duke,Captain",9,2026-02-13T22:10:55-08:00
5371,4,0,"Captain,Ambassador",13,2026-02-13T22:10:55-08:00
5373,4,0,"Ambassador,Duke,Assassin",7,2026-02-13T22:10:55-08:00
5374,4,3,"Assassin,Duke,Ambassador",14,2026-02-13T22:10:55-08:00
5375,4,2,"Captain,Ambassador,Contessa",26,2026-02-13T22:10:55-08:00
5376,4,3,Captain,19,2026-02-13T22:10:55-08:00
5377,4,3,"Assassin,Duke,Ambassador",14,2026-02-13T22:10:55-08:00
5378,4,3,"Assassin,Duke,Ambassador",14,2026-02-13T22:10:55-08:00
5379,4,1,Ambassador,15,2026-02-13T22:10:55-08:00
5380,4,0,Contessa,21,2026-02-13T22:10:55-08:00
5367,4,0,"Ambassador,Duke,Assassin",7,2026-02-13T22:10:55-08:00
5382,4,2,"Assassin,Assassin,Duke",18,2026-02-13T22:10:55-08:00
5381,4,3,"Duke,Contessa,Ambassador,Contessa",19,2026-02-13T22:10:55-08:00
5349,4,3,"Contessa,Ambassador",43,2026-02-13T22:10:55-08:00
5385,4,3,"Ambassador,Duke,Ambassador",31,2026-02-13T22:10:55-08:00
5391,4,2,"Ambassador,Ambassador,Ambassador",6,2026-02-13T22:10:55-08:00
5389,4,1,"Duke,Duke",18,2026-02-13T22:10:55-08:00
5390,4,2,"Contessa,Contessa",12,2026-02-13T22:10:55-08:00
5392,4,2,"Contessa,Contessa",12,2026-02-13T22:10:55-08:00
5394,4,0,"Duke,Captain,Assassin,Captain",8,2026-02-13T22:10:55-08:00
5393,4,0,"Assassin,Ambassador,Captain",16,2026-02-13T22:10:55-08:00
5395,4,3,"Ambassador,Ambassador,Ambassador,Contessa",15,2026-02-13T22:10:55-08:00
5396,4,0,"Assassin,Ambassador,Captain",16,2026-02-13T22:10:55-08:00
5398,4,0,"Assassin,Ambassador,Captain",16,2026-02-13T22:10:55-08:00
5397,4,2,"Duke,Duke,Duke",25,2026-02-13T22:10:55-08:00
5400,4,3,"Contessa,Duke,Assassin,Captain,Captain,Ambassador",23,2026-02-13T22:10:55-08:00
5386,4,2,"Captain,Assassin,Captain",16,2026-02-13T22:10:55-08:00
5399,4,1,"Ambassador,Captain",21,2026-02-13T22:10:55-08:00
5401,4,3,"Duke,Contessa,Duke,Ambassador,Assassin",7,2026-02-13T22:10:55-08:00
5402,4,2,"Duke,Duke,Duke",25,2026-02-13T22:10:55-08:00
5404,4,3,"Duke,Contessa,Duke,Ambassador,Assassin",7,2026-02-13T22:10:55-08:00
5383,4,0,Contessa,21,2026-02-13T22:10:55-08:00
5384,4,0,Contessa,21,2026-02-13T22:10:55-08:00
5405,4,0,"Contessa,Contessa",23,2026-02-13T22:10:55-08:00
5403,4,0,"Contessa,Contessa",23,2026-02-13T22:10:55-08:00
5388,4,0,"Duke,Duke,Captain,Contessa",8,2026-02-13T22:10:55-08:00
5410,4,3,"Assassin,Duke,Contessa",15,2026-02-13T22:10:55-08:00
5411,4,3,"Duke,Duke,Duke,Duke",10,2026-02-13T22:10:55-08:00
5387,4,2,"Captain,Assassin,Captain",16,2026-02-13T22:10:55-08:00
5412,4,3,"Assassin,Captain,Duke,Captain",27,2026-02-13T22:10:55-08:00
5413,4,3,"Duke,Duke,Duke,Duke",10,2026-02-13T22:10:55-08:00
5414,4,2,"Assassin,Assassin",10,2026-02-13T22:10:55-08:00
5407,4,0,"Ambassador,Ambassador,Duke,Duke",15,2026-02-13T22:10:55-08:00
5415,4,2,"Assassin,Assassin",10,2026-02-13T22:10:55-08:00
5416,4,1,"Contessa,Ambassador,Captain,Contessa,Duke",21,2026-02-13T22:10:55-08:00
5417,4,2,"Contessa,Captain,Assassin,Assassin",6,2026-02-13T22:10:55-08:00
5418,4,2,"Ambassador,Duke",11,2026-02-13T22:10:55-08:00
5421,4,2,"Contessa,Captain,Assassin,Assassin",6,2026-02-13T22:10:55-08:00
5419,4,2,"Assassin,Assassin",10,2026-02-13T22:10:55-08:00
5420,4,3,"Duke,Duke,Contessa",9,2026-02-13T22:10:55-08:00
5424,4,2,"Ambassador,Duke",11,2026-02-13T22:10:55-08:00
5423,4,2,"Ambassador,Assassin",14,2026-02-13T22:10:55-08:00
5426,4,3,"Ambassador,Contessa",7,2026-02-13T22:10:55-08:00
5422,4,3,Captain,28,2026-02-13T22:10:55-08:00
5425,4,3,Captain,28,2026-02-13T22:10:55-08:00
5427,4,0,"Duke,Captain,Contessa",6,2026-02-13T22:10:55-08:00
5428,4,3,"Assassin,Assassin",20,2026-02-13T22:10:55-08:00
5430,4,3,"Assassin,Assassin",20,2026-02-13T22:10:55-08:00
5429,4,3,"Assassin,Assassin",20,2026-02-13T22:10:55-08:00
5408,4,1,Assassin,21,2026-02-13T22:10:55-08:00
5431,4,2,"Duke,Duke,Contessa,Contessa",19,2026-02-13T22:10:55-08:00
5406,4,3,"Duke,Contessa,Duke,Ambassador,Assassin",7,2026-02-13T22:10:55-08:00
5432,4,2,"Ambassador,Duke",20,2026-02-13T22:10:55-08:00
5409,4,1,Assassin,21,2026-02-13T22:10:55-08:00
5433,4,0,"Captain,Captain,Duke",28,2026-02-13T22:10:55-08:00
5434,4,2,"Duke,Contessa",53,2026-02-13T22:10:55-08:00
5435,4,3,"Assassin,Assassin",20,2026-02-13T22:10:55-08:00
5438,4,2,"Duke,Duke,Assassin,Ambassador",18,2026-02-13T22:10:55-08:00
5436,4,2,"Duke,Duke,Assassin,Ambassador",18,2026-02-13T22:10:55-08:00
5437,4,3,"Captain,Captain,Ambassador,Contessa",34,2026-02-13T22:10:55-08:00
5439,4,2,"Assassin,Duke",8,2026-02-13T22:10:55-08:00
5441,4,1,"Duke,Captain,Duke,Captain,Contessa",8,2026-02-13T22:10:55-08:00
5442,4,1,"Duke,Captain",9,2026-02-13T22:10:55-08:00
5440,4,3,"Captain,Captain,Ambassador,Contessa",34,2026-02-13T22:10:55-08:00
5443,4,1,"Captain,Duke,Assassin,Ambassador",14,2026-02-13T22:10:55-08:00
5444,4,1,"Captain,Duke,Assassin,Ambassador",14,2026-02-13T22:10:55-08:00
5445,4,0,"Ambassador,Ambassador,Ambassador,Ambassador",29,2026-02-13T22:10:55-08:00
5446,4,3,Duke,26,2026-02-13T22:10:55-08:00
5447,4,0,"Assassin,Ambassador",24,2026-02-13T22:10:55-08:00
5448,4,1,"Ambassador,Ambassador",19,2026-02-13T22:10:55-08:00
5455,4,0,"Ambassador,Ambassador,Ambassador,Duke,Assassin",6,2026-02-13T22:10:55-08:00
5451,4,3,Duke,26,2026-02-13T22:10:55-08:00
5456,4,3,"Duke,Ambassador,Assassin",14,2026-02-13T22:10:55-08:00
5452,4,2,"Duke,Contessa",24,2026-02-13T22:10:55-08:00
5449,4,1,"Ambassador,Ambassador",19,2026-02-13T22:10:55-08:00
5453,4,2,"Duke,Contessa",24,2026-02-13T22:10:55-08:00
5458,4,3,"Duke,Ambassador,Assassin",14,2026-02-13T22:10:55-08:00
5457,4,2,"Duke,Contessa",24,2026-02-13T22:10:55-08:00
5459,4,3,"Contessa,Captain,Contessa",21,2026-02-13T22:10:55-08:00
5460,4,3,"Duke,Assassin",29,2026-02-13T22:10:55-08:00
5462,4,0,"Captain,Contessa",13,2026-02-13T22:10:55-08:00
5463,4,2,"Duke,Captain",15,2026-02-13T22:10:55-08:00
5464,4,2,"Duke,Captain",15,2026-02-13T22:10:55-08:00
5461,4,2,"Assassin,Duke,Captain",39,2026-02-13T22:10:55-08:00
5466,4,2,"Assassin,Captain,Duke,Duke,Contessa",10,2026-02-13T22:10:55-08:00
5467,4,2,"Assassin,Captain,Duke,Duke,Contessa",10,2026-02-13T22:10:55-08:00
5465,4,1,"Captain,Duke",28,2026-02-13T22:10:55-08:00
5470,4,1,"Duke,Duke,Ambassador",14,2026-02-13T22:10:55-08:00
5469,4,2,"Assassin,Duke",26,2026-02-13T22:10:55-08:00
5468,4,2,"Assassin,Duke",26,2026-02-13T22:10:55-08:00
5471,4,3,Duke,13,2026-02-13T22:10:55-08:00
5450,4,2,"Duke,Contessa",24,2026-02-13T22:10:55-08:00
5476,4,0,"Contessa,Captain",27,2026-02-13T22:10:55-08:00
5472,4,1,"Captain,Captain,Ambassador,Ambassador",21,2026-02-13T22:10:55-08:00
5474,4,3,Duke,13,2026-02-13T22:10:55-08:00
5477,4,1,Contessa,28,2026-02-13T22:10:55-08:00
5478,4,3,"Duke,Duke,Contessa",11,2026-02-13T22:10:55-08:00
5479,4,1,"Duke,Assassin,Duke,Duke",7,2026-02-13T22:10:55-08:00
5483,4,0,"Duke,Ambassador,Captain,Assassin,Duke",12,2026-02-13T22:10:55-08:00
5480,4,3,"Captain,Duke",28,2026-02-13T22:10:55-08:00
5481,4,3,"Captain,Duke",28,2026-02-13T22:10:55-08:00
5475,4,1,"Captain,Captain,Ambassador,Ambassador",21,2026-02-13T22:10:55-08:00
5482,4,0,"Assassin,Contessa",24,2026-02-13T22:10:55-08:00
5484,4,3,"Duke,Duke,Contessa",11,2026-02-13T22:10:55-08:00
5487,4,2,"Ambassador,Contessa",11,2026-02-13T22:10:55-08:00
5486,4,2,"Ambassador,Contessa",11,2026-02-13T22:10:55-08:00
5488,4,1,"Ambassador,Ambassador,Ambassador,Ambassador",13,2026-02-13T22:10:55-08:00
5489,4,3,"Ambassador,Assassin,Ambassador",9,2026-02-13T22:10:55-08:00
5485,4,0,"Duke,Captain",17,2026-02-13T22:10:55-08:00
5490,4,1,"Assassin,Captain",25,2026-02-13T22:10:55-08:00
5492,4,0,"Contessa,Captain",15,2026-02-13T22:10:55-08:00
5491,4,1,"Contessa,Contessa",21,2026-02-13T22:10:55-08:00
5493,4,1,"Contessa,Contessa",21,2026-02-13T22:10:55-08:00
5494,4,0,"Assassin,Ambassador",12,2026-02-13T22:10:55-08:00
5495,4,1,"Ambassador,Contessa,Captain",31,2026-02-13T22:10:55-08:00
5496,4,3,Duke,23,2026-02-13T22:10:55-08:00
5497,4,1,"Ambassador,Contessa,Captain",31,2026-02-13T22:10:55-08:00
5499,4,1,"Captain,Duke",17,2026-02-13T22:10:55-08:00
5500,4,0,"Duke,Ambassador",10,2026-02-13T22:10:55-08:00
5498,4,1,"Ambassador,Contessa,Captain",31,2026-02-13T22:10:55-08:00
5501,4,2,"Ambassador,Ambassador,Ambassador,Ambassador,Duke",13,2026-02-13T22:10:55-08:00
5503,4,2,"Ambassador,Ambassador,Ambassador,Ambassador,Duke",13,2026-02-13T22:10:55-08:00
5505,4,1,"Duke,Captain",10,2026-02-13T22:10:55-08:00
5502,4,0,"Contessa,Contessa",33,2026-02-13T22:10:55-08:00
5504,4,0,"Assassin,Captain,Ambassador",24,2026-02-13T22:10:55-08:00
5506,4,3,"Assassin,Contessa,Ambassador,Assassin,Duke",19,2026-02-13T22:10:55-08:00
5507,4,1,"Duke,Captain",10,2026-02-13T22:10:55-08:00
5473,4,0,"Contessa,Captain",27,2026-02-13T22:10:55-08:00
5509,4,2,"Contessa,Captain,Ambassador",14,2026-02-13T22:10:55-08:00
5508,4,1,Contessa,17,2026-02-13T22:10:55-08:00
5510,4,1,Contessa,17,2026-02-13T22:10:55-08:00
5454,4,3,Captain,32,2026-02-13T22:10:55-08:00
5514,4,1,"Duke,Captain",13,2026-02-13T22:10:55-08:00
5513,4,0,"Assassin,Duke,Contessa,Duke",12,2026-02-13T22:10:55-08:00
5512,4,2,"Assassin,Ambassador",26,2026-02-13T22:10:55-08:00
5511,4,1,Contessa,17,2026-02-13T22:10:55-08:00
5515,4,2,"Contessa,Captain,Ambassador",14,2026-02-13T22:10:55-08:00
5516,4,3,"Ambassador,Ambassador,Ambassador,Duke",15,2026-02-13T22:10:55-08:00
5517,4,0,"Assassin,Duke,Contessa,Duke",12,2026-02-13T22:10:55-08:00
5518,4,2,"Ambassador,Ambassador,Ambassador,Assassin",4,2026-02-13T22:10:55-08:00
5520,4,0,"Assassin,Duke,Contessa,Duke",12,2026-02-13T22:10:55-08:00
5521,4,3,"Ambassador,Ambassador,Ambassador,Duke",15,2026-02-13T22:10:55-08:00
5522,4,2,Captain,14,2026-02-13T22:10:55-08:00
5519,4,2,"Ambassador,Duke,Captain,Duke,Contessa,Ambassador",25,2026-02-13T22:10:55-08:00
5523,4,3,"Ambassador,Ambassador,Duke",9,2026-02-13T22:10:55-08:00
5525,4,2,"Ambassador,Ambassador,Ambassador,Assassin",4,2026-02-13T22:10:55-08:00
5524,4,3,Contessa,18,2026-02-13T22:10:55-08:00
5527,4,3,"Captain,Duke,Contessa,Duke",7,2026-02-13T22:10:55-08:00
5526,4,2,"Captain,Ambassador,Ambassador",23,2026-02-13T22:10:55-08:00
5529,4,0,"Duke,Captain,Captain,Captain",12,2026-02-13T22:10:55-08:00
5528,4,1,"Assassin,Captain",15,2026-02-13T22:10:55-08:00
5530,4,1,"Assassin,Captain",15,2026-02-13T22:10:55-08:00
5531,4,2,"Duke,Duke",25,2026-02-13T22:10:55-08:00
5532,4,2,"Duke,Duke",25,2026-02-13T22:10:55-08:00
5534,4,1,Contessa,26,2026-02-13T22:10:55-08:00
5533,4,2,"Duke,Duke",25,2026-02-13T22:10:55-08:00
5535,4,1,"Ambassador,Contessa,Duke",18,2026-02-13T22:10:55-08:00
5537,4,0,"Assassin,Ambassador,Duke",56,2026-02-13T22:10:55-08:00
5538,4,0,"Assassin,Ambassador,Duke",56,2026-02-13T22:10:55-08:00
5541,4,0,"Assassin,Duke,Ambassador,Duke",12,2026-02-13T22:10:55-08:00
5540,4,0,"Assassin,Duke,Ambassador,Duke",12,2026-02-13T22:10:55-08:00
5539,4,3,"Assassin,Ambassador,Captain",6,2026-02-13T22:10:55-08:00
5542,4,3,"Captain,Captain",12,2026-02-13T22:10:55-08:00
5543,4,2,"Assassin,Contessa",22,2026-02-13T22:10:55-08:00
5544,4,2,"Assassin,Contessa",22,2026-02-13T22:10:55-08:00
5546,4,3,"Captain,Captain",12,2026-02-13T22:10:55-08:00
5545,4,1,"Contessa,Captain",15,2026-02-13T22:10:55-08:00
5547,4,2,"Assassin,Contessa",22,2026-02-13T22:10:55-08:00
5549,4,3,"Duke,Assassin,Assassin",10,2026-02-13T22:10:55-08:00
5548,4,3,"Contessa,Contessa,Duke",21,2026-02-13T22:10:55-08:00
5552,4,3,"Contessa,Contessa,Duke",21,2026-02-13T22:10:55-08:00
5553,4,3,"Contessa,Contessa,Duke",21,2026-02-13T22:10:55-08:00
5554,4,3,"Contessa,Contessa,Duke",21,2026-02-13T22:10:55-08:00
5550,4,3,Duke,31,2026-02-13T22:10:55-08:00
5555,4,2,"Captain,Duke,Duke,Contessa",13,2026-02-13T22:10:55-08:00
5558,4,2,"Captain,Duke,Duke,Contessa",13,2026-02-13T22:10:55-08:00
5557,4,2,"Captain,Duke,Duke,Contessa",13,2026-02-13T22:10:55-08:00
5559,4,2,"Captain,Duke,Duke,Contessa",13,2026-02-13T22:10:55-08:00
5556,4,3,"Contessa,Ambassador,Contessa",23,2026-02-13T22:10:55-08:00
5560,4,2,"Contessa,Captain",6,2026-02-13T22:10:55-08:00
5561,4,2,"Contessa,Captain",6,2026-02-13T22:10:55-08:00
5562,4,3,"Assassin,Duke",10,2026-02-13T22:10:55-08:00
5563,4,2,"Contessa,Captain",6,2026-02-13T22:10:55-08:00
5564,4,1,"Captain,Duke,Captain,Duke,Contessa",13,2026-02-13T22:10:55-08:00
5566,4,0,"Assassin,Duke,Contessa",8,2026-02-13T22:10:55-08:00
5565,4,0,"Assassin,Duke,Contessa",8,2026-02-13T22:10:55-08:00
5567,4,0,"Assassin,Duke,Contessa",8,2026-02-13T22:10:55-08:00
5568,4,1,"Assassin,Ambassador,Contessa",8,2026-02-13T22:10:55-08:00
5569,4,0,"Assassin,Duke,Contessa",8,2026-02-13T22:10:55-08:00
5536,4,2,"Duke,Duke",25,2026-02-13T22:10:55-08:00
5551,4,3,"Contessa,Contessa,Duke",21,2026-02-13T22:10:55-08:00
5571,4,0,"Assassin,Duke,Contessa",8,2026-02-13T22:10:55-08:00
5576,4,3,"Assassin,Captain,Ambassador",19,2026-02-13T22:10:55-08:00
5578,4,1,"Captain,Ambassador,Duke,Ambassador",8,2026-02-13T22:10:55-08:00
5575,4,1,"Contessa,Assassin",18,2026-02-13T22:10:55-08:00
5579,4,1,"Captain,Ambassador,Duke,Ambassador",8,2026-02-13T22:10:55-08:00
5581,4,1,"Duke,Duke",23,2026-02-13T22:10:55-08:00
5580,4,3,"Assassin,Assassin",29,2026-02-13T22:10:55-08:00
5582,4,0,"Ambassador,Duke",40,2026-02-13T22:10:55-08:00
5584,4,3,"Captain,Captain",21,2026-02-13T22:10:55-08:00
5583,4,1,"Assassin,Contessa,Duke",9,2026-02-13T22:10:55-08:00
5586,4,2,"Assassin,Duke,Duke,Duke",6,2026-02-13T22:10:55-08:00
5585,4,3,"Captain,Captain",21,2026-02-13T22:10:55-08:00
5587,4,3,"Duke,Ambassador,Captain",8,2026-02-13T22:10:55-08:00
5570,4,2,"Captain,Assassin,Captain",14,2026-02-13T22:10:55-08:00
5588,4,2,"Ambassador,Ambassador,Ambassador",19,2026-02-13T22:10:55-08:00
5577,4,3,"Assassin,Assassin",29,2026-02-13T22:10:55-08:00
5589,4,2,"Ambassador,Ambassador,Ambassador",19,2026-02-13T22:10:55-08:00
5590,4,2,"Assassin,Duke",10,2026-02-13T22:10:55-08:00
5592,4,2,"Assassin,Duke",10,2026-02-13T22:10:55-08:00
5593,4,3,"Captain,Captain,Contessa",18,2026-02-13T22:10:55-08:00
5595,4,2,Captain,13,2026-02-13T22:10:55-08:00
5594,4,0,"Captain,Captain,Assassin",29,2026-02-13T22:10:55-08:00
5596,4,3,"Captain,Captain,Contessa",18,2026-02-13T22:10:55-08:00
5597,4,2,"Ambassador,Ambassador,Ambassador",5,2026-02-13T22:10:55-08:00
5598,4,2,"Ambassador,Ambassador,Ambassador",5,2026-02-13T22:10:55-08:00
5600,4,2,"Ambassador,Ambassador,Ambassador",5,2026-02-13T22:10:55-08:00
5601,4,2,"Duke,Duke,Duke,Captain,Ambassador",18,2026-02-13T22:10:55-08:00
5602,4,2,"Duke,Duke,Duke,Captain,Ambassador",18,2026-02-13T22:10:55-08:00
5599,4,2,"Duke,Duke",34,2026-02-13T22:10:55-08:00
5603,4,2,"Contessa,Captain,Duke,Ambassador",21,2026-02-13T22:10:55-08:00
5604,4,2,Ambassador,28,2026-02-13T22:10:55-08:00
5605,4,2,Ambassador,28,2026-02-13T22:10:55-08:00
5606,4,0,"Captain,Duke,Duke",21,2026-02-13T22:10:55-08:00
5607,4,2,Ambassador,28,2026-02-13T22:10:55-08:00
5609,4,3,"Contessa,Ambassador,Duke,Assassin",19,2026-02-13T22:10:55-08:00
5610,4,3,Captain,15,2026-02-13T22:10:55-08:00
5591,4,2,Captain,13,2026-02-13T22:10:55-08:00
5611,4,3,"Contessa,Ambassador,Duke,Assassin",19,2026-02-13T22:10:55-08:00
5613,4,0,"Captain,Duke,Duke,Assassin,Captain",12,2026-02-13T22:10:55-08:00
5612,4,3,"Ambassador,Ambassador,Ambassador",11,2026-02-13T22:10:55-08:00
5614,4,0,"Assassin,Duke,Ambassador,Captain",12,2026-02-13T22:10:55-08:00
5615,4,1,"Ambassador,Ambassador,Duke,Ambassador,Ambassador,Ambassador",9,2026-02-13T22:10:55-08:00
5616,4,1,"Ambassador,Ambassador,Duke,Ambassador,Ambassador,Ambassador",9,2026-02-13T22:10:55-08:00
5617,4,1,Assassin,25,2026-02-13T22:10:55-08:00
5618,4,1,Ambassador,21,2026-02-13T22:10:55-08:00
5619,4,1,Assassin,25,2026-02-13T22:10:55-08:00
5608,4,3,"Contessa,Ambassador,Duke,Assassin",19,2026-02-13T22:10:55-08:00
5620,4,1,Assassin,25,2026-02-13T22:10:55-08:00
5622,4,2,"Assassin,Duke,Captain",6,2026-02-13T22:10:55-08:00
5621,4,3,"Contessa,Duke,Ambassador,Duke,Ambassador",22,2026-02-13T22:10:55-08:00
5574,4,3,"Assassin,Captain,Ambassador",19,2026-02-13T22:10:55-08:00
5626,4,2,"Ambassador,Captain,Ambassador",13,2026-02-13T22:10:55-08:00
5625,4,1,Ambassador,21,2026-02-13T22:10:55-08:00
5627,4,3,Ambassador,11,2026-02-13T22:10:55-08:00
5628,4,3,Ambassador,11,2026-02-13T22:10:55-08:00
5629,4,0,"Captain,Duke",7,2026-02-13T22:10:55-08:00
5630,4,3,Ambassador,11,2026-02-13T22:10:55-08:00
5623,4,3,"Contessa,Duke,Ambassador,Duke,Ambassador",22,2026-02-13T22:10:55-08:00
5632,4,2,"Duke,Contessa,Assassin",11,2026-02-13T22:10:55-08:00
5633,4,0,"Captain,Contessa",8,2026-02-13T22:10:55-08:00
5634,4,2,"Duke,Contessa,Assassin",11,2026-02-13T22:10:55-08:00
5636,4,1,"Contessa,Duke,Duke",10,2026-02-13T22:10:55-08:00
5635,4,0,"Captain,Duke",7,2026-02-13T22:10:55-08:00
5637,4,1,"Contessa,Assassin",9,2026-02-13T22:10:55-08:00
5638,4,1,"Contessa,Duke,Duke",10,2026-02-13T22:10:55-08:00
5641,4,3,"Contessa,Duke",7,2026-02-13T22:10:55-08:00
5642,4,3,"Ambassador,Duke,Duke",19,2026-02-13T22:10:55-08:00
5639,4,2,"Captain,Assassin,Contessa",46,2026-02-13T22:10:55-08:00
5640,4,2,"Captain,Assassin,Contessa",46,2026-02-13T22:10:55-08:00
5643,4,2,"Duke,Contessa",7,2026-02-13T22:10:55-08:00
5644,4,1,"Contessa,Assassin",9,2026-02-13T22:10:55-08:00
5631,4,2,"Duke,Contessa,Assassin",11,2026-02-13T22:10:55-08:00
5645,4,2,"Assassin,Assassin,Contessa",20,2026-02-13T22:10:55-08:00
5646,4,2,"Assassin,Assassin,Contessa",20,2026-02-13T22:10:55-08:00
5624,4,0,"Contessa,Assassin",19,2026-02-13T22:10:55-08:00
5648,4,0,"Contessa,Contessa,Captain",23,2026-02-13T22:10:55-08:00
5650,4,1,"Contessa,Assassin,Duke",17,2026-02-13T22:10:55-08:00
5572,4,1,"Contessa,Assassin",18,2026-02-13T22:10:55-08:00
5651,4,0,"Duke,Duke,Assassin,Contessa,Contessa",11,2026-02-13T22:10:55-08:00
5647,4,1,"Contessa,Captain",12,2026-02-13T22:10:55-08:00
5652,4,0,"Duke,Duke,Assassin,Contessa,Contessa",11,2026-02-13T22:10:55-08:00
5649,4,2,"Duke,Contessa",7,2026-02-13T22:10:55-08:00
5653,4,3,"Assassin,Ambassador,Captain",19,2026-02-13T22:10:55-08:00
5655,4,0,"Duke,Duke,Assassin,Contessa,Contessa",11,2026-02-13T22:10:55-08:00
5656,4,3,"Assassin,Ambassador,Captain",19,2026-02-13T22:10:55-08:00
5657,4,1,"Duke,Duke",11,2026-02-13T22:10:55-08:00
5658,4,2,"Captain,Duke,Duke,Duke",8,2026-02-13T22:10:55-08:00
5659,4,3,"Assassin,Ambassador,Captain",19,2026-02-13T22:10:55-08:00
5660,4,3,"Ambassador,Contessa",9,2026-02-13T22:10:55-08:00
5661,4,2,"Captain,Duke,Duke,Duke",8,2026-02-13T22:10:55-08:00
5663,4,2,"Assassin,Duke",16,2026-02-13T22:10:55-08:00
5664,4,3,"Ambassador,Contessa",9,2026-02-13T22:10:55-08:00
5662,4,3,"Ambassador,Duke",18,2026-02-13T22:10:55-08:00
5666,4,2,"Assassin,Assassin,Contessa",11,2026-02-13T22:10:55-08:00
5665,4,3,"Ambassador,Duke",18,2026-02-13T22:10:55-08:00
5669,4,0,"Assassin,Duke,Duke,Ambassador,Ambassador",6,2026-02-13T22:10:55-08:00
5668,4,3,Contessa,39,2026-02-13T22:10:55-08:00
5670,4,0,"Ambassador,Duke,Contessa,Duke",12,2026-02-13T22:10:55-08:00
5674,4,0,"Ambassador,Ambassador",48,2026-02-13T22:10:55-08:00
5573,4,1,"Contessa,Assassin",18,2026-02-13T22:10:55-08:00
5673,4,0,"Ambassador,Ambassador",48,2026-02-13T22:10:55-08:00
5675,4,0,"Duke,Captain,Duke",12,2026-02-13T22:10:55-08:00
5676,4,0,"Ambassador,Ambassador,Ambassador,Ambassador,Ambassador",14,2026-02-13T22:10:55-08:00
5678,4,2,Contessa,18,2026-02-13T22:10:55-08:00
5679,4,0,"Duke,Assassin",19,2026-02-13T22:10:55-08:00
5677,4,2,"Captain,Contessa,Contessa",23,2026-02-13T22:10:55-08:00
5667,4,3,"Ambassador,Contessa",9,2026-02-13T22:10:55-08:00
5681,4,1,"Duke,Contessa,Duke,Contessa",7,2026-02-13T22:10:55-08:00
5680,4,2,"Captain,Contessa,Contessa",23,2026-02-13T22:10:55-08:00
5683,4,1,"Ambassador,Ambassador,Assassin",9,2026-02-13T22:10:55-08:00
5684,4,1,"Duke,Contessa,Duke,Contessa",7,2026-02-13T22:10:55-08:00
5682,4,2,"Duke,Contessa",17,2026-02-13T22:10:55-08:00
5685,4,1,"Ambassador,Ambassador,Assassin",9,2026-02-13T22:10:55-08:00
5686,4,1,"Ambassador,Ambassador,Assassin",9,2026-02-13T22:10:55-08:00
5671,4,0,"Ambassador,Ambassador,Ambassador,Ambassador,Ambassador",14,2026-02-13T22:10:55-08:00
5687,4,0,"Ambassador,Duke",18,2026-02-13T22:10:55-08:00
5689,4,3,"Ambassador,Contessa,Assassin",55,2026-02-13T22:10:55-08:00
5693,4,3,"Ambassador,Duke,Contessa",8,2026-02-13T22:10:55-08:00
5690,4,3,"Ambassador,Contessa,Assassin",55,2026-02-13T22:10:55-08:00
5692,4,1,"Duke,Ambassador",13,2026-02-13T22:10:55-08:00
5691,4,3,"Ambassador,Contessa,Assassin",55,2026-02-13T22:10:55-08:00
5654,4,3,"Assassin,Ambassador,Captain",19,2026-02-13T22:10:55-08:00
5694,4,1,"Duke,Ambassador",13,2026-02-13T22:10:55-08:00
5695,4,3,"Ambassador,Duke,Contessa",8,2026-02-13T22:10:55-08:00
5697,4,1,"Duke,Ambassador",13,2026-02-13T22:10:55-08:00
5698,4,3,"Contessa,Captain",18,2026-02-13T22:10:55-08:00
5699,4,3,"Contessa,Captain",18,2026-02-13T22:10:55-08:00
5700,4,1,Duke,21,2026-02-13T22:10:55-08:00
5701,4,1,Duke,21,2026-02-13T22:10:55-08:00
5702,4,1,"Contessa,Duke,Captain,Duke",12,2026-02-13T22:10:55-08:00
5703,4,1,"Contessa,Duke,Captain,Duke",12,2026-02-13T22:10:55-08:00
5705,4,2,"Ambassador,Ambassador",8,2026-02-13T22:10:55-08:00
5704,4,2,"Ambassador,Duke",33,2026-02-13T22:10:55-08:00
5706,4,1,"Contessa,Duke,Captain,Duke",12,2026-02-13T22:10:55-08:00
5707,4,3,Ambassador,13,2026-02-13T22:10:55-08:00
5708,4,3,Ambassador,13,2026-02-13T22:10:55-08:00
5711,4,3,Ambassador,13,2026-02-13T22:10:55-08:00
5709,4,3,Ambassador,13,2026-02-13T22:10:55-08:00
5672,4,2,"Assassin,Assassin,Contessa",11,2026-02-13T22:10:55-08:00
5710,4,3,Ambassador,13,2026-02-13T22:10:55-08:00
5688,4,1,"Ambassador,Ambassador,Assassin",9,2026-02-13T22:10:55-08:00
5712,4,1,"Ambassador,Duke,Ambassador",10,2026-02-13T22:10:55-08:00
5696,4,1,Duke,21,2026-02-13T22:10:55-08:00
5713,4,0,"Assassin,Contessa",13,2026-02-13T22:10:55-08:00
5714,4,1,"Duke,Assassin",22,2026-02-13T22:10:55-08:00
5719,4,3,"Duke,Ambassador,Ambassador",16,2026-02-13T22:10:55-08:00
5716,4,2,Captain,12,2026-02-13T22:10:55-08:00
5717,4,2,Captain,12,2026-02-13T22:10:55-08:00
5718,4,1,"Ambassador,Duke,Ambassador",10,2026-02-13T22:10:55-08:00
5722,4,3,"Duke,Ambassador,Ambassador",16,2026-02-13T22:10:55-08:00
5721,4,1,Assassin,74,2026-02-13T22:10:55-08:00
5724,4,2,"Assassin,Ambassador",26,2026-02-13T22:10:55-08:00
5723,4,2,"Assassin,Ambassador",26,2026-02-13T22:10:55-08:00
5725,4,2,"Assassin,Ambassador",26,2026-02-13T22:10:55-08:00
5727,4,3,"Ambassador,Ambassador,Ambassador,Duke",7,2026-02-13T22:10:55-08:00
5726,4,0,"Duke,Assassin,Ambassador",28,2026-02-13T22:10:55-08:00
5729,4,3,"Contessa,Contessa",8,2026-02-13T22:10:55-08:00
5728,4,2,"Assassin,Ambassador",26,2026-02-13T22:10:55-08:00
5730,4,2,"Captain,Duke,Duke,Duke,Assassin,Contessa",10,2026-02-13T22:10:55-08:00
5732,4,0,"Captain,Captain,Contessa",20,2026-02-13T22:10:55-08:00
5733,4,2,"Duke,Ambassador,Duke",7,2026-02-13T22:10:55-08:00
5734,4,0,Assassin,20,2026-02-13T22:10:55-08:00
5735,4,2,"Captain,Duke,Duke,Duke,Assassin,Contessa",10,2026-02-13T22:10:55-08:00
5720,4,2,Assassin,11,2026-02-13T22:10:55-08:00
5736,4,2,"Contessa,Duke,Ambassador",17,2026-02-13T22:10:55-08:00
5739,4,1,"Contessa,Captain",11,2026-02-13T22:10:55-08:00
5738,4,0,"Ambassador,Duke",15,2026-02-13T22:10:55-08:00
5741,4,2,"Assassin,Contessa",48,2026-02-13T22:10:55-08:00
5742,4,2,"Assassin,Contessa",48,2026-02-13T22:10:55-08:00
5744,4,1,"Contessa,Captain",11,2026-02-13T22:10:55-08:00
5743,4,2,"Assassin,Contessa",48,2026-02-13T22:10:55-08:00
5745,4,0,Ambassador,15,2026-02-13T22:10:55-08:00
5746,4,0,Ambassador,15,2026-02-13T22:10:55-08:00
5715,4,1,"Duke,Assassin",22,2026-02-13T22:10:55-08:00
5747,4,2,"Contessa,Assassin",20,2026-02-13T22:10:55-08:00
5748,4,2,Contessa,7,2026-02-13T22:10:55-08:00
5749,4,0,"Assassin,Duke,Duke",12,2026-02-13T22:10:55-08:00
5750,4,0,"Assassin,Duke,Duke",12,2026-02-13T22:10:55-08:00
5751,4,2,Contessa,7,2026-02-13T22:10:55-08:00
5737,4,0,"Captain,Contessa",24,2026-02-13T22:10:55-08:00
5753,4,1,Duke,11,2026-02-13T22:10:55-08:00
5752,4,0,Ambassador,15,2026-02-13T22:10:55-08:00
5754,4,3,Contessa,35,2026-02-13T22:10:55-08:00
5756,4,1,Duke,11,2026-02-13T22:10:55-08:00
5757,4,0,"Captain,Ambassador,Contessa",7,2026-02-13T22:10:55-08:00
5758,4,3,"Ambassador,Duke",8,2026-02-13T22:10:55-08:00
5755,4,3,Contessa,35,2026-02-13T22:10:55-08:00
5759,4,0,"Contessa,Captain,Duke,Duke,Assassin,Duke",15,2026-02-13T22:10:55-08:00
5760,4,2,"Assassin,Contessa",15,2026-02-13T22:10:55-08:00
5761,4,3,"Ambassador,Duke",8,2026-02-13T22:10:55-08:00
5762,4,1,"Duke,Duke,Duke",17,2026-02-13T22:10:55-08:00
5765,4,1,"Duke,Duke,Duke",17,2026-02-13T22:10:55-08:00
5763,4,1,Captain,43,2026-02-13T22:10:55-08:00
5764,4,0,"Captain,Contessa",50,2026-02-13T22:10:55-08:00
5766,4,0,"Ambassador,Captain",18,2026-02-13T22:10:55-08:00
5767,4,2,"Ambassador,Duke,Ambassador",30,2026-02-13T22:10:55-08:00
5740,4,3,"Ambassador,Duke",9,2026-02-13T22:10:55-08:00
5731,4,0,"Captain,Captain,Contessa",20,2026-02-13T22:10:55-08:00
5772,4,1,Assassin,16,2026-02-13T22:10:55-08:00
5774,4,3,"Duke,Ambassador",13,2026-02-13T22:10:55-08:00
5773,4,3,"Duke,Ambassador",13,2026-02-13T22:10:55-08:00
5769,4,3,"Captain,Contessa,Ambassador",18,2026-02-13T22:10:55-08:00
5768,4,1,Captain,43,2026-02-13T22:10:55-08:00
5775,4,1,Assassin,16,2026-02-13T22:10:55-08:00
5776,4,1,"Ambassador,Ambassador,Ambassador,Duke,Captain",11,2026-02-13T22:10:55-08:00
5777,4,1,"Duke,Ambassador",14,2026-02-13T22:10:55-08:00
5779,4,2,"Captain,Duke,Ambassador,Assassin,Duke",10,2026-02-13T22:10:55-08:00
5778,4,1,"Contessa,Contessa",44,2026-02-13T22:10:55-08:00
5781,4,0,"Duke,Ambassador,Duke,Captain,Captain",15,2026-02-13T22:10:55-08:00
5782,4,2,Duke,19,2026-02-13T22:10:55-08:00
5783,4,2,"Captain,Captain,Captain",10,2026-02-13T22:10:55-08:00
5780,4,1,"Contessa,Contessa",44,2026-02-13T22:10:55-08:00
5784,4,2,Ambassador,46,2026-02-13T22:10:55-08:00
5788,4,2,Duke,19,2026-02-13T22:10:55-08:00
5787,4,3,"Ambassador,Assassin",14,2026-02-13T22:10:55-08:00
5786,4,1,Duke,22,2026-02-13T22:10:55-08:00
5785,4,2,Ambassador,46,2026-02-13T22:10:55-08:00
5789,4,2,Duke,19,2026-02-13T22:10:55-08:00
5791,4,1,"Ambassador,Ambassador",8,2026-02-13T22:10:55-08:00
5770,4,3,"Duke,Ambassador",13,2026-02-13T22:10:55-08:00
5793,4,3,"Contessa,Captain,Captain,Assassin",12,2026-02-13T22:10:55-08:00
5790,4,3,Captain,31,2026-02-13T22:10:55-08:00
5794,4,1,"Assassin,Captain,Ambassador",29,2026-02-13T22:10:55-08:00
5795,4,0,Contessa,30,2026-02-13T22:10:55-08:00
5796,4,3,"Contessa,Captain,Captain,Assassin",12,2026-02-13T22:10:55-08:00
5797,4,0,"Ambassador,Assassin,Captain",11,2026-02-13T22:10:55-08:00
5798,4,0,"Ambassador,Assassin,Captain",11,2026-02-13T22:10:55-08:00
5799,4,0,"Ambassador,Assassin,Captain",11,2026-02-13T22:10:55-08:00
5800,4,0,"Ambassador,Assassin,Captain",11,2026-02-13T22:10:55-08:00
5801,4,3,"Captain,Captain,Assassin",17,2026-02-13T22:10:55-08:00
5802,4,1,"Ambassador,Captain,Captain,Ambassador",12,2026-02-13T22:10:55-08:00
5803,4,0,"Captain,Duke,Duke",10,2026-02-13T22:10:55-08:00
5804,4,0,"Captain,Duke,Duke",10,2026-02-13T22:10:55-08:00
5805,4,0,"Captain,Duke,Duke",10,2026-02-13T22:10:55-08:00
5806,4,0,"Captain,Duke,Duke",10,2026-02-13T22:10:55-08:00
5807,4,0,"Duke,Ambassador,Ambassador",14,2026-02-13T22:10:55-08:00
5808,4,3,"Duke,Assassin,Captain",15,2026-02-13T22:10:55-08:00
5809,4,3,"Duke,Ambassador",14,2026-02-13T22:10:55-08:00
5810,4,3,"Duke,Ambassador",14,2026-02-13T22:10:55-08:00
5792,4,2,"Assassin,Captain,Ambassador",8,2026-02-13T22:10:55-08:00
5812,4,3,"Duke,Ambassador",14,2026-02-13T22:10:55-08:00
5813,4,3,"Duke,Captain,Ambassador",28,2026-02-13T22:10:55-08:00
5815,4,0,Contessa,9,2026-02-13T22:10:55-08:00
5817,4,0,Ambassador,8,2026-02-13T22:10:55-08:00
5814,4,1,"Assassin,Duke,Captain",17,2026-02-13T22:10:55-08:00
5816,4,0,Contessa,9,2026-02-13T22:10:55-08:00
5818,4,0,Contessa,9,2026-02-13T22:10:55-08:00
5819,4,1,"Captain,Contessa",21,2026-02-13T22:10:55-08:00
5822,4,0,Ambassador,12,2026-02-13T22:10:55-08:00
5820,4,2,"Duke,Ambassador,Duke",28,2026-02-13T22:10:55-08:00
5821,4,1,"Ambassador,Captain",11,2026-02-13T22:10:55-08:00
5823,4,3,"Assassin,Captain,Assassin,Captain",11,2026-02-13T22:10:55-08:00
5824,4,0,"Contessa,Duke,Contessa",13,2026-02-13T22:10:55-08:00
5825,4,2,"Duke,Ambassador,Duke",28,2026-02-13T22:10:55-08:00
5826,4,3,"Assassin,Captain,Assassin,Captain",11,2026-02-13T22:10:55-08:00
5827,4,0,"Captain,Ambassador,Captain,Contessa",8,2026-02-13T22:10:55-08:00
5829,4,2,"Duke,Assassin,Captain",14,2026-02-13T22:10:55-08:00
5811,4,3,"Duke,Ambassador",14,2026-02-13T22:10:55-08:00
5828,4,2,"Captain,Contessa",18,2026-02-13T22:10:55-08:00
5832,4,0,"Duke,Captain,Captain,Assassin",6,2026-02-13T22:10:55-08:00
5831,4,0,"Captain,Ambassador,Captain,Contessa",8,2026-02-13T22:10:55-08:00
5830,4,2,"Duke,Assassin,Captain,Captain",18,2026-02-13T22:10:55-08:00
5833,4,0,"Duke,Captain,Captain,Assassin",6,2026-02-13T22:10:55-08:00
5834,4,0,"Duke,Captain,Captain,Assassin",6,2026-02-13T22:10:55-08:00
5835,4,1,"Duke,Contessa",25,2026-02-13T22:10:55-08:00
5837,4,3,Assassin,19,2026-02-13T22:10:55-08:00
5838,4,3,Assassin,19,2026-02-13T22:10:55-08:00
5839,4,1,"Duke,Assassin,Contessa,Ambassador",21,2026-02-13T22:10:55-08:00
5840,4,1,"Duke,Assassin,Contessa,Ambassador",21,2026-02-13T22:10:55-08:00
5836,4,3,"Duke,Ambassador",42,2026-02-13T22:10:55-08:00
5841,4,0,"Duke,Contessa,Duke",20,2026-02-13T22:10:55-08:00
5842,4,1,"Duke,Assassin,Contessa,Ambassador",21,2026-02-13T22:10:55-08:00
5843,4,1,"Duke,Assassin,Contessa,Ambassador",21,2026-02-13T22:10:55-08:00
5844,4,0,"Duke,Contessa,Duke",20,2026-02-13T22:10:55-08:00
5845,4,0,"Duke,Contessa,Duke",20,2026-02-13T22:10:55-08:00
5771,4,3,"Ambassador,Assassin",11,2026-02-13T22:10:55-08:00
5846,4,3,"Duke,Duke,Duke,Duke",35,2026-02-13T22:10:55-08:00
5850,4,0,"Ambassador,Captain",31,2026-02-13T22:10:55-08:00
5851,4,3,"Duke,Captain",31,2026-02-13T22:10:55-08:00
5852,4,3,"Duke,Captain",31,2026-02-13T22:10:55-08:00
5853,4,0,"Captain,Ambassador",18,2026-02-13T22:10:55-08:00
5854,4,0,"Captain,Ambassador",18,2026-02-13T22:10:55-08:00
5848,4,0,"Ambassador,Captain",31,2026-02-13T22:10:55-08:00
5858,4,2,Ambassador,7,2026-02-13T22:10:55-08:00
5859,4,2,Ambassador,7,2026-02-13T22:10:55-08:00
5855,4,3,"Duke,Captain",31,2026-02-13T22:10:55-08:00
5856,4,1,"Duke,Contessa",55,2026-02-13T22:10:55-08:00
5847,4,1,"Captain,Contessa",12,2026-02-13T22:10:55-08:00
5863,4,0,"Assassin,Contessa",12,2026-02-13T22:10:55-08:00
5864,4,0,"Captain,Duke,Ambassador",28,2026-02-13T22:10:55-08:00
5865,4,0,"Contessa,Duke,Duke,Duke",12,2026-02-13T22:10:55-08:00
5866,4,3,Duke,18,2026-02-13T22:10:55-08:00
5857,4,1,"Duke,Contessa",55,2026-02-13T22:10:55-08:00
5860,4,0,Ambassador,18,2026-02-13T22:10:55-08:00
5867,4,3,"Ambassador,Ambassador",29,2026-02-13T22:10:55-08:00
5868,4,1,Ambassador,25,2026-02-13T22:10:55-08:00
5849,4,0,"Ambassador,Captain",31,2026-02-13T22:10:55-08:00
5862,4,1,Contessa,30,2026-02-13T22:10:55-08:00
5861,4,1,Contessa,30,2026-02-13T22:10:55-08:00
5873,4,2,"Contessa,Ambassador,Assassin",7,2026-02-13T22:10:55-08:00
5869,4,2,"Contessa,Ambassador,Duke,Duke",18,2026-02-13T22:10:55-08:00
5875,4,2,"Contessa,Ambassador,Assassin",7,2026-02-13T22:10:55-08:00
5876,4,1,"Ambassador,Ambassador,Ambassador,Ambassador",16,2026-02-13T22:10:55-08:00
5872,4,3,"Assassin,Captain",23,2026-02-13T22:10:55-08:00
5880,4,2,"Assassin,Captain,Captain,Assassin",11,2026-02-13T22:10:55-08:00
5877,4,0,"Captain,Contessa",22,2026-02-13T22:10:55-08:00
5878,4,0,"Contessa,Captain,Captain,Captain",16,2026-02-13T22:10:55-08:00
5870,4,3,"Ambassador,Duke,Duke",24,2026-02-13T22:10:55-08:00
5874,4,1,Ambassador,25,2026-02-13T22:10:55-08:00
5871,4,1,Ambassador,25,2026-02-13T22:10:55-08:00
5879,4,0,"Captain,Contessa",22,2026-02-13T22:10:55-08:00
5881,4,2,"Duke,Captain,Captain,Ambassador,Assassin,Contessa,Duke",33,2026-02-13T22:10:55-08:00
5882,4,1,"Contessa,Captain,Assassin",15,2026-02-13T22:10:55-08:00
5883,4,2,"Assassin,Duke,Contessa,Assassin",18,2026-02-13T22:10:55-08:00
5884,4,0,"Captain,Contessa",22,2026-02-13T22:10:55-08:00
5885,4,1,"Contessa,Captain,Assassin",15,2026-02-13T22:10:55-08:00
5886,4,0,"Contessa,Assassin",23,2026-02-13T22:10:55-08:00
5887,4,2,"Contessa,Duke,Assassin,Ambassador,Ambassador,Captain",23,2026-02-13T22:10:55-08:00
5888,4,3,"Duke,Captain,Contessa",11,2026-02-13T22:10:55-08:00
5894,4,3,"Contessa,Assassin,Captain",16,2026-02-13T22:10:55-08:00
5892,4,0,"Captain,Ambassador",8,2026-02-13T22:10:55-08:00
5891,4,3,Contessa,10,2026-02-13T22:10:55-08:00
5889,4,2,"Contessa,Duke,Assassin,Ambassador,Ambassador,Captain",23,2026-02-13T22:10:55-08:00
5890,4,3,"Contessa,Duke,Ambassador",31,2026-02-13T22:10:55-08:00
5899,4,1,"Duke,Ambassador",9,2026-02-13T22:10:55-08:00
5897,4,3,Contessa,10,2026-02-13T22:10:55-08:00
5900,4,0,Captain,27,2026-02-13T22:10:55-08:00
5898,4,3,Contessa,10,2026-02-13T22:10:55-08:00
5901,4,1,Assassin,18,2026-02-13T22:10:55-08:00
5904,4,1,"Duke,Ambassador",9,2026-02-13T22:10:55-08:00
5903,4,3,Captain,7,2026-02-13T22:10:55-08:00
5902,4,0,Assassin,32,2026-02-13T22:10:55-08:00
5906,4,3,"Contessa,Duke,Captain",19,2026-02-13T22:10:55-08:00
5907,4,0,Assassin,32,2026-02-13T22:10:55-08:00
5905,4,3,"Assassin,Captain,Duke,Ambassador",7,2026-02-13T22:10:55-08:00
5893,4,3,"Contessa,Duke,Ambassador",31,2026-02-13T22:10:55-08:00
5909,4,1,"Assassin,Contessa,Duke",36,2026-02-13T22:10:55-08:00
5911,4,3,"Captain,Ambassador",57,2026-02-13T22:10:55-08:00
5910,4,1,"Assassin,Contessa,Duke",36,2026-02-13T22:10:55-08:00
5912,4,3,"Contessa,Duke,Captain",19,2026-02-13T22:10:55-08:00
5895,4,1,"Captain,Assassin",17,2026-02-13T22:10:55-08:00
5896,4,2,"Captain,Contessa",18,2026-02-13T22:10:55-08:00
5913,4,1,"Assassin,Contessa,Duke",36,2026-02-13T22:10:55-08:00
5920,4,0,"Ambassador,Ambassador,Ambassador,Duke",5,2026-02-13T22:10:55-08:00
5916,4,2,"Duke,Assassin,Ambassador",22,2026-02-13T22:10:55-08:00
5919,4,0,"Contessa,Duke,Ambassador",48,2026-02-13T22:10:55-08:00
5923,4,2,Assassin,17,2026-02-13T22:10:55-08:00
5921,4,0,"Contessa,Duke,Ambassador",48,2026-02-13T22:10:55-08:00
5922,4,0,"Contessa,Duke,Ambassador",48,2026-02-13T22:10:55-08:00
5914,4,1,"Duke,Duke,Captain",13,2026-02-13T22:10:55-08:00
5924,4,1,Contessa,26,2026-02-13T22:10:55-08:00
5925,4,2,Assassin,17,2026-02-13T22:10:55-08:00
5918,4,0,"Ambassador,Ambassador,Ambassador,Ambassador,Ambassador",20,2026-02-13T22:10:55-08:00
5926,4,2,Assassin,17,2026-02-13T22:10:55-08:00
5930,4,1,"Captain,Assassin,Duke,Duke",6,2026-02-13T22:10:55-08:00
5927,4,2,Ambassador,37,2026-02-13T22:10:55-08:00
5929,4,0,"Assassin,Assassin",32,2026-02-13T22:10:55-08:00
5928,4,2,Ambassador,37,2026-02-13T22:10:55-08:00
5931,4,2,Ambassador,37,2026-02-13T22:10:55-08:00
5932,4,3,Assassin,23,2026-02-13T22:10:55-08:00
5935,4,3,"Ambassador,Duke,Assassin,Captain",7,2026-02-13T22:10:55-08:00
5933,4,0,Duke,24,2026-02-13T22:10:55-08:00
5934,4,3,"Assassin,Ambassador",28,2026-02-13T22:10:55-08:00
5936,4,1,"Contessa,Assassin",13,2026-02-13T22:10:55-08:00
5938,4,2,"Ambassador,Ambassador,Duke",8,2026-02-13T22:10:55-08:00
5917,4,3,"Contessa,Ambassador",17,2026-02-13T22:10:55-08:00
5939,4,2,"Duke,Contessa",5,2026-02-13T22:10:55-08:00
5915,4,0,"Ambassador,Ambassador,Ambassador,Ambassador,Ambassador",20,2026-02-13T22:10:55-08:00
5940,4,1,"Duke,Captain",20,2026-02-13T22:10:55-08:00
5937,4,2,"Ambassador,Ambassador,Duke",8,2026-02-13T22:10:55-08:00
5941,4,1,"Duke,Captain",20,2026-02-13T22:10:55-08:00
5944,4,3,Assassin,25,2026-02-13T22:10:55-08:00
5947,4,3,"Captain,Ambassador",11,2026-02-13T22:10:55-08:00
5945,4,3,"Captain,Ambassador",11,2026-02-13T22:10:55-08:00
5943,4,1,"Duke,Captain",20,2026-02-13T22:10:55-08:00
5948,4,3,Assassin,25,2026-02-13T22:10:55-08:00
5946,4,2,"Captain,Ambassador",42,2026-02-13T22:10:55-08:00
5942,4,0,Ambassador,16,2026-02-13T22:10:55-08:00
5950,4,1,Assassin,29,2026-02-13T22:10:55-08:00
5949,4,1,Assassin,29,2026-02-13T22:10:55-08:00
5952,4,3,"Captain,Ambassador",11,2026-02-13T22:10:55-08:00
5951,4,2,"Duke,Ambassador,Duke",7,2026-02-13T22:10:55-08:00
5953,4,1,Assassin,29,2026-02-13T22:10:55-08:00
5958,4,2,"Duke,Ambassador,Duke",7,2026-02-13T22:10:55-08:00
5954,4,1,Assassin,37,2026-02-13T22:10:55-08:00
5956,4,2,"Duke,Captain,Duke,Captain",19,2026-02-13T22:10:55-08:00
5955,4,2,"Duke,Contessa,Duke",6,2026-02-13T22:10:55-08:00
5961,4,2,"Duke,Captain,Duke,Captain",19,2026-02-13T22:10:55-08:00
5959,4,0,"Duke,Assassin,Ambassador",12,2026-02-13T22:10:55-08:00
5960,4,2,"Contessa,Duke,Ambassador,Assassin",26,2026-02-13T22:10:55-08:00
5962,4,3,"Duke,Ambassador",21,2026-02-13T22:10:55-08:00
5963,4,0,"Assassin,Assassin",16,2026-02-13T22:10:55-08:00
5957,4,0,"Duke,Captain,Duke,Ambassador,Duke",12,2026-02-13T22:10:55-08:00
5964,4,0,"Assassin,Assassin",16,2026-02-13T22:10:55-08:00
5967,4,1,Ambassador,23,2026-02-13T22:10:55-08:00
5965,4,3,"Duke,Ambassador",21,2026-02-13T22:10:55-08:00
5968,4,2,"Assassin,Captain,Assassin,Ambassador",10,2026-02-13T22:10:55-08:00
5972,4,0,"Duke,Ambassador",21,2026-02-13T22:10:55-08:00
5969,4,0,"Duke,Ambassador",21,2026-02-13T22:10:55-08:00
5970,4,2,"Ambassador,Captain",27,2026-02-13T22:10:55-08:00
5976,4,3,"Ambassador,Contessa",6,2026-02-13T22:10:55-08:00
5975,4,3,"Captain,Contessa,Captain",14,2026-02-13T22:10:55-08:00
5966,4,0,"Duke,Captain,Ambassador",9,2026-02-13T22:10:55-08:00
5977,4,2,"Ambassador,Ambassador,Contessa,Duke,Assassin",10,2026-02-13T22:10:55-08:00
5979,4,3,"Ambassador,Contessa",6,2026-02-13T22:10:55-08:00
5978,4,2,"Ambassador,Ambassador,Contessa,Duke,Assassin",10,2026-02-13T22:10:55-08:00
5980,4,0,"Captain,Captain",12,2026-02-13T22:10:55-08:00
5974,4,3,"Captain,Contessa,Captain",14,2026-02-13T22:10:55-08:00
5981,4,0,"Captain,Captain",12,2026-02-13T22:10:55-08:00
5983,4,0,"Assassin,Captain,Ambassador",12,2026-02-13T22:10:55-08:00
5984,4,3,"Duke,Assassin,Captain",15,2026-02-13T22:10:55-08:00
5982,4,2,"Ambassador,Captain,Assassin",38,2026-02-13T22:10:55-08:00
5985,4,0,"Assassin,Captain,Ambassador",12,2026-02-13T22:10:55-08:00
5986,4,0,Assassin,26,2026-02-13T22:10:55-08:00
5987,4,0,Assassin,26,2026-02-13T22:10:55-08:00
5988,4,1,"Contessa,Ambassador",9,2026-02-13T22:10:55-08:00
5989,4,3,"Duke,Assassin,Captain",15,2026-02-13T22:10:55-08:00
5990,4,0,Assassin,18,2026-02-13T22:10:55-08:00
5991,4,2,Captain,32,2026-02-13T22:10:55-08:00
5992,4,2,Captain,32,2026-02-13T22:10:55-08:00
5993,4,3,"Contessa,Duke,Captain",8,2026-02-13T22:10:55-08:00
5995,4,0,"Duke,Captain,Contessa",47,2026-02-13T22:10:55-08:00
5994,4,1,"Duke,Contessa",43,2026-02-13T22:10:55-08:00
5996,4,0,"Ambassador,Captain",26,2026-02-13T22:10:55-08:00
5997,4,0,"Ambassador,Captain",26,2026-02-13T22:10:55-08:00
5998,4,2,"Captain,Assassin",19,2026-02-13T22:10:55-08:00
5999,4,0,"Ambassador,Captain",26,2026-02-13T22:10:55-08:00
6000,5,1,Duke,21,2026-02-13T22:10:55-08:00
6001,5,0,Captain,23,2026-02-13T22:10:55-08:00
6002,5,0,Captain,23,2026-02-13T22:10:55-08:00
6003,5,1,"Assassin,Assassin,Ambassador",13,2026-02-13T22:10:55-08:00
6004,5,0,Captain,23,2026-02-13T22:10:55-08:00
6006,5,4,"Ambassador,Duke",20,2026-02-13T22:10:55-08:00
6005,5,0,Captain,23,2026-02-13T22:10:55-08:00
5973,4,0,"Duke,Captain,Ambassador",9,2026-02-13T22:10:55-08:00
5971,4,2,Ambassador,17,2026-02-13T22:10:55-08:00
6007,5,4,"Ambassador,Duke",20,2026-02-13T22:10:55-08:00
6008,5,1,"Contessa,Assassin",27,2026-02-13T22:10:55-08:00
6009,5,4,"Ambassador,Duke",20,2026-02-13T22:10:55-08:00
6010,5,2,"Captain,Assassin",23,2026-02-13T22:10:55-08:00
5908,4,0,Assassin,32,2026-02-13T22:10:55-08:00
6011,5,0,"Duke,Contessa,Captain,Duke",21,2026-02-13T22:10:55-08:00
6017,5,3,Contessa,13,2026-02-13T22:10:55-08:00
6016,5,4,Assassin,19,2026-02-13T22:10:55-08:00
6018,5,4,Assassin,19,2026-02-13T22:10:55-08:00
6013,5,0,"Duke,Contessa,Captain,Duke",21,2026-02-13T22:10:55-08:00
6020,5,3,"Assassin,Contessa,Duke,Ambassador,Captain",20,2026-02-13T22:10:55-08:00
6014,5,0,"Ambassador,Ambassador",31,2026-02-13T22:10:55-08:00
6019,5,2,"Duke,Assassin,Contessa,Contessa",33,2026-02-13T22:10:55-08:00
6021,5,2,"Ambassador,Duke,Ambassador",19,2026-02-13T22:10:55-08:00
6022,5,3,Contessa,13,2026-02-13T22:10:55-08:00
6023,5,3,Contessa,13,2026-02-13T22:10:55-08:00
6024,5,2,"Ambassador,Ambassador,Ambassador,Duke",19,2026-02-13T22:10:55-08:00
6025,5,1,"Ambassador,Assassin,Contessa",26,2026-02-13T22:10:55-08:00
6027,5,2,"Ambassador,Ambassador,Ambassador,Duke",19,2026-02-13T22:10:55-08:00
6026,5,3,"Duke,Duke,Captain,Duke,Contessa",14,2026-02-13T22:10:55-08:00
6029,5,1,"Ambassador,Assassin,Contessa",26,2026-02-13T22:10:55-08:00
6030,5,0,"Duke,Contessa,Captain,Captain,Contessa",38,2026-02-13T22:10:55-08:00
6031,5,1,"Contessa,Contessa",16,2026-02-13T22:10:55-08:00
6028,5,1,"Ambassador,Assassin,Contessa",26,2026-02-13T22:10:55-08:00
6032,5,1,"Contessa,Contessa",16,2026-02-13T22:10:55-08:00
6034,5,2,"Captain,Contessa,Contessa",20,2026-02-13T22:10:55-08:00
6033,5,1,"Contessa,Contessa",16,2026-02-13T22:10:55-08:00
6012,5,2,"Contessa,Captain,Captain,Duke,Contessa,Assassin",26,2026-02-13T22:10:55-08:00
6036,5,3,"Duke,Captain,Captain",36,2026-02-13T22:10:55-08:00
6037,5,2,"Captain,Contessa,Contessa",20,2026-02-13T22:10:55-08:00
6035,5,2,"Duke,Captain,Contessa",38,2026-02-13T22:10:55-08:00
6015,5,3,"Ambassador,Duke,Ambassador,Duke",8,2026-02-13T22:10:55-08:00
6038,5,3,"Contessa,Duke,Captain",25,2026-02-13T22:10:55-08:00
6040,5,2,Ambassador,28,2026-02-13T22:10:55-08:00
6039,5,3,"Assassin,Captain,Captain",19,2026-02-13T22:10:55-08:00
6041,5,1,"Duke,Ambassador,Ambassador,Assassin",15,2026-02-13T22:10:55-08:00
6043,5,4,"Ambassador,Ambassador,Assassin",20,2026-02-13T22:10:55-08:00
6042,5,2,Ambassador,28,2026-02-13T22:10:55-08:00
6044,5,1,"Duke,Contessa",16,2026-02-13T22:10:55-08:00
6046,5,1,"Duke,Contessa",16,2026-02-13T22:10:55-08:00
6045,5,1,"Duke,Contessa",16,2026-02-13T22:10:55-08:00
6047,5,2,"Duke,Assassin,Assassin,Ambassador",27,2026-02-13T22:10:55-08:00
6048,5,2,"Duke,Assassin,Assassin,Ambassador",27,2026-02-13T22:10:55-08:00
6049,5,1,"Ambassador,Duke,Captain,Contessa",21,2026-02-13T22:10:55-08:00
6050,5,1,"Ambassador,Duke,Captain,Contessa",21,2026-02-13T22:10:55-08:00
6051,5,3,"Captain,Contessa",11,2026-02-13T22:10:55-08:00
6052,5,0,"Captain,Ambassador,Ambassador",27,2026-02-13T22:10:55-08:00
6053,5,4,"Duke,Duke,Ambassador",12,2026-02-13T22:10:55-08:00
6055,5,2,"Duke,Assassin",37,2026-02-13T22:10:55-08:00
6054,5,2,"Duke,Assassin",37,2026-02-13T22:10:55-08:00
6056,5,2,"Contessa,Ambassador",14,2026-02-13T22:10:55-08:00
6057,5,2,"Contessa,Ambassador",14,2026-02-13T22:10:55-08:00
6058,5,2,"Captain,Duke,Captain,Assassin",24,2026-02-13T22:10:55-08:00
6059,5,4,"Duke,Duke,Ambassador",12,2026-02-13T22:10:55-08:00
6060,5,3,Duke,23,2026-02-13T22:10:55-08:00
6061,5,4,"Ambassador,Ambassador,Ambassador,Ambassador,Duke,Duke",19,2026-02-13T22:10:55-08:00
6065,5,0,Ambassador,19,2026-02-13T22:10:55-08:00
6066,5,3,Duke,23,2026-02-13T22:10:55-08:00
6063,5,2,"Duke,Assassin,Captain",37,2026-02-13T22:10:55-08:00
6064,5,2,"Duke,Assassin,Captain",37,2026-02-13T22:10:55-08:00
6067,5,4,"Ambassador,Assassin",18,2026-02-13T22:10:55-08:00
6062,5,0,"Ambassador,Duke",45,2026-02-13T22:10:55-08:00
6068,5,1,"Captain,Assassin,Assassin",21,2026-02-13T22:10:55-08:00
6069,5,4,"Duke,Contessa,Duke,Duke",16,2026-02-13T22:10:55-08:00
6071,5,4,"Duke,Contessa,Duke,Duke",16,2026-02-13T22:10:55-08:00
6072,5,4,"Ambassador,Assassin",18,2026-02-13T22:10:55-08:00
6074,5,0,"Duke,Ambassador",8,2026-02-13T22:10:55-08:00
6076,5,3,"Ambassador,Duke",8,2026-02-13T22:10:55-08:00
6070,5,3,"Assassin,Duke,Duke",31,2026-02-13T22:10:55-08:00
6075,5,0,Assassin,28,2026-02-13T22:10:55-08:00
6073,5,1,"Duke,Ambassador,Assassin,Contessa",64,2026-02-13T22:10:55-08:00
6077,5,4,Ambassador,39,2026-02-13T22:10:55-08:00
6082,5,2,"Assassin,Captain,Duke",7,2026-02-13T22:10:55-08:00
6080,5,4,"Ambassador,Assassin,Duke",30,2026-02-13T22:10:55-08:00
6081,5,0,Assassin,28,2026-02-13T22:10:55-08:00
6084,5,0,"Contessa,Duke,Assassin,Contessa,Ambassador",32,2026-02-13T22:10:55-08:00
6085,5,2,Contessa,15,2026-02-13T22:10:55-08:00
6086,5,1,"Duke,Assassin",17,2026-02-13T22:10:55-08:00
6087,5,4,"Ambassador,Assassin,Duke",30,2026-02-13T22:10:55-08:00
6088,5,1,"Duke,Assassin",17,2026-02-13T22:10:55-08:00
6092,5,3,"Contessa,Assassin,Contessa",38,2026-02-13T22:10:55-08:00
6091,5,4,Assassin,34,2026-02-13T22:10:55-08:00
6090,5,2,Assassin,31,2026-02-13T22:10:55-08:00
6093,5,4,Assassin,34,2026-02-13T22:10:55-08:00
6095,5,4,"Duke,Captain",15,2026-02-13T22:10:55-08:00
6094,5,2,Assassin,31,2026-02-13T22:10:55-08:00
6096,5,4,"Captain,Ambassador,Captain",45,2026-02-13T22:10:55-08:00
6097,5,4,"Duke,Captain",15,2026-02-13T22:10:55-08:00
6098,5,3,"Duke,Ambassador",13,2026-02-13T22:10:55-08:00
6099,5,1,"Assassin,Assassin,Ambassador,Duke",16,2026-02-13T22:10:55-08:00
6100,5,3,Duke,18,2026-02-13T22:10:55-08:00
6079,5,4,Ambassador,39,2026-02-13T22:10:55-08:00
6078,5,4,Assassin,42,2026-02-13T22:10:55-08:00
6102,5,3,"Captain,Ambassador",15,2026-02-13T22:10:55-08:00
6101,5,0,"Ambassador,Assassin",34,2026-02-13T22:10:55-08:00
6083,5,2,"Captain,Duke,Captain",11,2026-02-13T22:10:55-08:00
6103,5,3,"Contessa,Contessa",27,2026-02-13T22:10:55-08:00
6104,5,1,"Duke,Ambassador,Ambassador,Captain",14,2026-02-13T22:10:55-08:00
6105,5,1,"Duke,Ambassador,Ambassador,Captain",14,2026-02-13T22:10:55-08:00
6107,5,2,"Ambassador,Duke,Duke,Duke,Duke,Duke",10,2026-02-13T22:10:55-08:00
6106,5,4,"Captain,Assassin",23,2026-02-13T22:10:55-08:00
6108,5,2,"Contessa,Contessa,Ambassador",20,2026-02-13T22:10:55-08:00
6109,5,2,Captain,18,2026-02-13T22:10:55-08:00
6089,5,3,"Duke,Captain",26,2026-02-13T22:10:55-08:00
6117,5,4,"Ambassador,Contessa",24,2026-02-13T22:10:55-08:00
6115,5,2,Ambassador,22,2026-02-13T22:10:55-08:00
6110,5,2,"Ambassador,Duke,Duke,Duke,Duke,Duke",10,2026-02-13T22:10:55-08:00
6111,5,2,Captain,18,2026-02-13T22:10:55-08:00
6114,5,2,"Duke,Captain",47,2026-02-13T22:10:55-08:00
6116,5,1,"Contessa,Duke,Assassin",29,2026-02-13T22:10:55-08:00
6120,5,4,"Ambassador,Ambassador,Captain",25,2026-02-13T22:10:55-08:00
6121,5,1,"Captain,Ambassador,Assassin,Ambassador,Duke",31,2026-02-13T22:10:55-08:00
6119,5,4,"Ambassador,Ambassador,Captain",25,2026-02-13T22:10:55-08:00
6122,5,4,"Ambassador,Contessa",24,2026-02-13T22:10:55-08:00
6123,5,2,"Ambassador,Ambassador,Ambassador,Duke",17,2026-02-13T22:10:55-08:00
6126,5,4,"Ambassador,Captain,Duke,Assassin,Duke",14,2026-02-13T22:10:55-08:00
6127,5,3,"Ambassador,Captain",21,2026-02-13T22:10:55-08:00
6125,5,2,"Ambassador,Ambassador,Ambassador,Duke",17,2026-02-13T22:10:55-08:00
6124,5,3,"Ambassador,Captain",21,2026-02-13T22:10:55-08:00
6113,5,2,Ambassador,22,2026-02-13T22:10:55-08:00
6112,5,2,"Duke,Captain",47,2026-02-13T22:10:55-08:00
6129,5,2,"Ambassador,Captain,Duke",9,2026-02-13T22:10:55-08:00
6132,5,4,"Contessa,Captain,Ambassador",12,2026-02-13T22:10:55-08:00
6131,5,4,"Ambassador,Captain,Duke,Assassin,Duke",14,2026-02-13T22:10:55-08:00
6130,5,4,"Ambassador,Captain,Duke,Assassin,Duke",14,2026-02-13T22:10:55-08:00
6128,5,3,"Assassin,Contessa",23,2026-02-13T22:10:55-08:00
6134,5,4,Contessa,16,2026-02-13T22:10:55-08:00
6133,5,3,"Ambassador,Assassin,Duke,Duke",38,2026-02-13T22:10:55-08:00
6137,5,4,Contessa,16,2026-02-13T22:10:55-08:00
6135,5,3,"Ambassador,Assassin,Duke,Duke",38,2026-02-13T22:10:55-08:00
6139,5,0,"Duke,Captain,Ambassador",14,2026-02-13T22:10:55-08:00
6136,5,3,"Ambassador,Assassin,Duke,Duke",38,2026-02-13T22:10:55-08:00
6138,5,2,"Ambassador,Ambassador,Assassin,Assassin,Ambassador",32,2026-02-13T22:10:55-08:00
6140,5,2,"Assassin,Duke",19,2026-02-13T22:10:55-08:00
6141,5,4,"Duke,Assassin,Contessa",19,2026-02-13T22:10:55-08:00
6144,5,0,"Ambassador,Captain",14,2026-02-13T22:10:55-08:00
6142,5,1,"Contessa,Captain,Captain",10,2026-02-13T22:10:55-08:00
6143,5,4,"Duke,Assassin,Contessa",19,2026-02-13T22:10:55-08:00
6145,5,2,"Assassin,Contessa",36,2026-02-13T22:10:55-08:00
6148,5,2,"Assassin,Contessa",36,2026-02-13T22:10:55-08:00
6149,5,4,"Duke,Duke",24,2026-02-13T22:10:55-08:00
6146,5,2,"Assassin,Contessa",36,2026-02-13T22:10:55-08:00
6147,5,4,"Ambassador,Ambassador,Ambassador,Assassin",60,2026-02-13T22:10:55-08:00
6152,5,1,"Assassin,Assassin,Contessa",41,2026-02-13T22:10:55-08:00
6156,5,1,"Duke,Ambassador",27,2026-02-13T22:10:55-08:00
6154,5,1,"Assassin,Assassin,Contessa",41,2026-02-13T22:10:55-08:00
6157,5,4,"Captain,Assassin",18,2026-02-13T22:10:55-08:00
6155,5,1,"Contessa,Captain,Ambassador",62,2026-02-13T22:10:55-08:00
6153,5,4,"Ambassador,Ambassador,Ambassador,Assassin",60,2026-02-13T22:10:55-08:00
6159,5,4,"Captain,Assassin",18,2026-02-13T22:10:55-08:00
6158,5,1,"Assassin,Contessa",10,2026-02-13T22:10:55-08:00
6118,5,4,"Ambassador,Ambassador,Captain",25,2026-02-13T22:10:55-08:00
6160,5,2,"Ambassador,Ambassador,Ambassador",17,2026-02-13T22:10:55-08:00
6150,5,2,"Ambassador,Ambassador",11,2026-02-13T22:10:55-08:00
6151,5,1,"Assassin,Assassin,Contessa",41,2026-02-13T22:10:55-08:00
6161,5,2,"Ambassador,Ambassador,Ambassador",17,2026-02-13T22:10:55-08:00
6169,5,2,Ambassador,67,2026-02-13T22:10:55-08:00
6166,5,0,"Ambassador,Ambassador",22,2026-02-13T22:10:55-08:00
6165,5,4,"Assassin,Ambassador",35,2026-02-13T22:10:55-08:00
6170,5,2,"Captain,Ambassador,Duke,Assassin",14,2026-02-13T22:10:55-08:00
6172,5,3,"Duke,Duke,Duke,Assassin,Contessa,Captain",18,2026-02-13T22:10:55-08:00
6171,5,2,"Assassin,Duke,Contessa",43,2026-02-13T22:10:55-08:00
6173,5,1,"Assassin,Ambassador,Duke,Duke,Contessa",20,2026-02-13T22:10:55-08:00
6174,5,4,"Captain,Duke,Contessa,Duke",24,2026-02-13T22:10:55-08:00
6175,5,3,"Duke,Captain,Captain,Captain",19,2026-02-13T22:10:55-08:00
6176,5,3,"Duke,Captain,Captain,Captain",19,2026-02-13T22:10:55-08:00
6177,5,4,"Duke,Contessa,Ambassador",10,2026-02-13T22:10:55-08:00
6178,5,2,"Assassin,Duke,Duke",12,2026-02-13T22:10:55-08:00
6167,5,1,"Captain,Contessa,Contessa",16,2026-02-13T22:10:55-08:00
6163,5,1,"Assassin,Contessa",10,2026-02-13T22:10:55-08:00
6180,5,1,"Duke,Contessa",23,2026-02-13T22:10:55-08:00
6181,5,3,"Ambassador,Duke,Duke,Assassin,Duke",13,2026-02-13T22:10:55-08:00
6179,5,2,"Assassin,Duke,Duke",12,2026-02-13T22:10:55-08:00
6183,5,3,"Ambassador,Duke,Duke,Assassin,Duke",13,2026-02-13T22:10:55-08:00
6182,5,2,"Assassin,Duke,Duke",12,2026-02-13T22:10:55-08:00
6185,5,0,"Contessa,Assassin",14,2026-02-13T22:10:55-08:00
6184,5,0,"Duke,Captain",24,2026-02-13T22:10:55-08:00
6186,5,0,"Contessa,Assassin",14,2026-02-13T22:10:55-08:00
6168,5,2,"Captain,Ambassador,Duke,Assassin",14,2026-02-13T22:10:55-08:00
6164,5,4,"Assassin,Ambassador",35,2026-02-13T22:10:55-08:00
6191,5,0,"Assassin,Contessa",19,2026-02-13T22:10:55-08:00
6192,5,2,"Ambassador,Captain,Captain,Duke",36,2026-02-13T22:10:55-08:00
6193,5,4,"Contessa,Duke",34,2026-02-13T22:10:55-08:00
6194,5,2,"Ambassador,Captain,Captain,Duke",36,2026-02-13T22:10:55-08:00
6196,5,1,"Contessa,Assassin",28,2026-02-13T22:10:55-08:00
6188,5,0,"Duke,Captain",24,2026-02-13T22:10:55-08:00
6198,5,3,"Assassin,Contessa",18,2026-02-13T22:10:55-08:00
6195,5,4,"Contessa,Duke",34,2026-02-13T22:10:55-08:00
6197,5,4,"Contessa,Duke",34,2026-02-13T22:10:55-08:00
6199,5,3,"Captain,Duke,Duke",10,2026-02-13T22:10:55-08:00
6200,5,2,"Ambassador,Ambassador,Ambassador,Duke",18,2026-02-13T22:10:55-08:00
6202,5,3,"Assassin,Contessa",18,2026-02-13T22:10:55-08:00
6203,5,3,"Assassin,Contessa",18,2026-02-13T22:10:55-08:00
6205,5,4,"Assassin,Duke",12,2026-02-13T22:10:55-08:00
6201,5,2,"Duke,Assassin,Captain,Contessa,Contessa",29,2026-02-13T22:10:55-08:00
6190,5,3,"Duke,Duke",21,2026-02-13T22:10:55-08:00
6206,5,4,"Assassin,Duke",12,2026-02-13T22:10:55-08:00
6208,5,4,"Duke,Duke,Ambassador",13,2026-02-13T22:10:55-08:00
6207,5,2,"Assassin,Captain,Captain",17,2026-02-13T22:10:55-08:00
6187,5,4,"Assassin,Captain",65,2026-02-13T22:10:55-08:00
6209,5,3,Contessa,18,2026-02-13T22:10:55-08:00
6189,5,1,Contessa,16,2026-02-13T22:10:55-08:00
6204,5,1,"Duke,Captain,Duke,Contessa",23,2026-02-13T22:10:55-08:00
6215,5,3,Ambassador,16,2026-02-13T22:10:55-08:00
6162,5,1,"Duke,Ambassador",27,2026-02-13T22:10:55-08:00
6211,5,2,"Duke,Duke,Assassin",18,2026-02-13T22:10:55-08:00
6214,5,2,"Assassin,Duke,Duke,Assassin,Captain,Contessa,Ambassador",42,2026-02-13T22:10:55-08:00
6216,5,4,"Assassin,Captain,Ambassador,Assassin",33,2026-02-13T22:10:55-08:00
6218,5,3,Ambassador,16,2026-02-13T22:10:55-08:00
6220,5,4,"Contessa,Contessa",17,2026-02-13T22:10:55-08:00
6217,5,2,"Duke,Duke,Assassin",25,2026-02-13T22:10:55-08:00
6221,5,0,"Duke,Captain,Duke,Ambassador",15,2026-02-13T22:10:55-08:00
6219,5,3,Assassin,83,2026-02-13T22:10:55-08:00
6224,5,0,"Duke,Captain,Duke,Ambassador",15,2026-02-13T22:10:55-08:00
6212,5,3,Contessa,18,2026-02-13T22:10:55-08:00
6223,5,0,"Ambassador,Assassin,Ambassador,Ambassador,Contessa,Assassin",45,2026-02-13T22:10:55-08:00
6222,5,4,"Assassin,Captain,Ambassador,Assassin",33,2026-02-13T22:10:55-08:00
6210,5,0,"Captain,Ambassador,Assassin,Captain",10,2026-02-13T22:10:55-08:00
6225,5,1,"Captain,Captain",25,2026-02-13T22:10:55-08:00
6226,5,0,"Contessa,Ambassador",29,2026-02-13T22:10:55-08:00
6213,5,4,"Duke,Duke,Ambassador",13,2026-02-13T22:10:55-08:00
6229,5,0,"Duke,Contessa",22,2026-02-13T22:10:55-08:00
6228,5,0,"Contessa,Ambassador",29,2026-02-13T22:10:55-08:00
6227,5,0,"Contessa,Ambassador",29,2026-02-13T22:10:55-08:00
6234,5,0,"Duke,Captain",24,2026-02-13T22:10:55-08:00
6230,5,1,"Captain,Captain",25,2026-02-13T22:10:55-08:00
6233,5,2,"Ambassador,Captain,Captain,Duke,Assassin",9,2026-02-13T22:10:55-08:00
6231,5,1,"Captain,Captain",25,2026-02-13T22:10:55-08:00
6232,5,2,"Contessa,Assassin,Captain",15,2026-02-13T22:10:55-08:00
6237,5,2,"Contessa,Duke",15,2026-02-13T22:10:55-08:00
6236,5,2,"Contessa,Assassin,Captain",15,2026-02-13T22:10:55-08:00
6235,5,2,"Contessa,Duke",15,2026-02-13T22:10:55-08:00
6238,5,2,"Ambassador,Captain,Captain,Duke,Assassin",9,2026-02-13T22:10:55-08:00
6241,5,1,"Assassin,Contessa",22,2026-02-13T22:10:55-08:00
6240,5,2,"Ambassador,Duke,Duke,Ambassador",37,2026-02-13T22:10:55-08:00
6242,5,3,"Contessa,Ambassador",47,2026-02-13T22:10:55-08:00
6239,5,2,"Contessa,Duke",15,2026-02-13T22:10:55-08:00
6245,5,2,"Captain,Duke,Duke,Captain",22,2026-02-13T22:10:55-08:00
6243,5,0,"Duke,Captain,Ambassador,Ambassador",14,2026-02-13T22:10:55-08:00
6246,5,1,"Duke,Assassin,Duke,Duke,Captain,Assassin,Assassin",16,2026-02-13T22:10:55-08:00
6244,5,0,"Duke,Captain,Ambassador,Ambassador",14,2026-02-13T22:10:55-08:00
6248,5,1,"Duke,Duke,Contessa,Assassin",21,2026-02-13T22:10:55-08:00
6247,5,2,"Assassin,Duke",18,2026-02-13T22:10:55-08:00
6250,5,4,"Captain,Captain,Captain,Duke",14,2026-02-13T22:10:55-08:00
6249,5,2,"Captain,Duke,Contessa,Assassin,Captain",15,2026-02-13T22:10:55-08:00
6253,5,1,"Duke,Duke,Contessa,Assassin",21,2026-02-13T22:10:55-08:00
6255,5,0,"Captain,Duke",12,2026-02-13T22:10:55-08:00
6254,5,3,Assassin,31,2026-02-13T22:10:55-08:00
6256,5,3,Assassin,31,2026-02-13T22:10:55-08:00
6258,5,4,Assassin,26,2026-02-13T22:10:55-08:00
6259,5,1,"Ambassador,Contessa",36,2026-02-13T22:10:55-08:00
6260,5,4,Assassin,26,2026-02-13T22:10:55-08:00
6261,5,3,"Contessa,Captain,Ambassador",13,2026-02-13T22:10:55-08:00
6262,5,3,"Duke,Captain",26,2026-02-13T22:10:55-08:00
6264,5,3,"Contessa,Captain,Ambassador",13,2026-02-13T22:10:55-08:00
6263,5,1,"Captain,Ambassador",21,2026-02-13T22:10:55-08:00
6265,5,1,"Captain,Ambassador",21,2026-02-13T22:10:55-08:00
6268,5,1,Assassin,13,2026-02-13T22:10:55-08:00
6267,5,1,Assassin,13,2026-02-13T22:10:55-08:00
6266,5,0,"Contessa,Captain",27,2026-02-13T22:10:55-08:00
6269,5,4,"Duke,Contessa,Assassin",25,2026-02-13T22:10:55-08:00
6270,5,0,"Duke,Captain,Duke",30,2026-02-13T22:10:55-08:00
6271,5,3,"Contessa,Captain,Assassin",10,2026-02-13T22:10:55-08:00
6274,5,3,Ambassador,19,2026-02-13T22:10:55-08:00
6272,5,4,"Ambassador,Ambassador",16,2026-02-13T22:10:55-08:00
6273,5,4,"Duke,Contessa,Assassin",25,2026-02-13T22:10:55-08:00
6275,5,4,"Ambassador,Captain,Captain",15,2026-02-13T22:10:55-08:00
6276,5,4,"Duke,Contessa,Assassin",25,2026-02-13T22:10:55-08:00
6257,5,1,"Ambassador,Contessa",36,2026-02-13T22:10:55-08:00
6280,5,1,Captain,34,2026-02-13T22:10:55-08:00
6278,5,3,Ambassador,19,2026-02-13T22:10:55-08:00
6281,5,3,Ambassador,19,2026-02-13T22:10:55-08:00
6279,5,4,"Ambassador,Captain,Captain",15,2026-02-13T22:10:55-08:00
6282,5,1,"Ambassador,Duke,Contessa",41,2026-02-13T22:10:55-08:00
6283,5,3,"Contessa,Assassin,Duke,Captain",14,2026-02-13T22:10:55-08:00
6284,5,0,"Ambassador,Ambassador,Duke,Duke",14,2026-02-13T22:10:55-08:00
6286,5,0,"Ambassador,Ambassador,Duke,Duke",14,2026-02-13T22:10:55-08:00
6285,5,1,Captain,34,2026-02-13T22:10:55-08:00
6287,5,1,Captain,46,2026-02-13T22:10:55-08:00
6289,5,2,"Ambassador,Ambassador,Ambassador,Duke,Duke,Captain",12,2026-02-13T22:10:55-08:00
6290,5,3,"Ambassador,Duke",17,2026-02-13T22:10:55-08:00
6288,5,2,"Captain,Duke",37,2026-02-13T22:10:55-08:00
6277,5,1,"Ambassador,Duke,Contessa",41,2026-02-13T22:10:55-08:00
6291,5,3,"Ambassador,Duke",17,2026-02-13T22:10:55-08:00
6292,5,3,"Assassin,Duke,Ambassador",11,2026-02-13T22:10:55-08:00
6293,5,2,"Captain,Duke,Ambassador,Duke",12,2026-02-13T22:10:55-08:00
6294,5,4,"Ambassador,Ambassador,Ambassador,Ambassador",15,2026-02-13T22:10:55-08:00
6295,5,4,"Captain,Contessa,Contessa",8,2026-02-13T22:10:55-08:00
6297,5,0,"Ambassador,Assassin",15,2026-02-13T22:10:55-08:00
6296,5,3,"Contessa,Assassin,Duke",28,2026-02-13T22:10:55-08:00
6252,5,2,"Captain,Duke,Contessa,Assassin,Captain",15,2026-02-13T22:10:55-08:00
6251,5,3,Assassin,31,2026-02-13T22:10:55-08:00
6302,5,2,"Captain,Duke",12,2026-02-13T22:10:55-08:00
6299,5,4,"Ambassador,Ambassador,Captain,Contessa",13,2026-02-13T22:10:55-08:00
6303,5,2,"Duke,Captain,Duke,Captain,Ambassador",14,2026-02-13T22:10:55-08:00
6304,5,4,"Contessa,Captain,Ambassador,Contessa,Contessa",24,2026-02-13T22:10:55-08:00
6300,5,4,"Ambassador,Ambassador,Captain,Contessa",13,2026-02-13T22:10:55-08:00
6306,5,3,Contessa,45,2026-02-13T22:10:55-08:00
6308,5,3,Assassin,28,2026-02-13T22:10:55-08:00
6305,5,1,"Contessa,Duke,Contessa",26,2026-02-13T22:10:55-08:00
6307,5,1,"Captain,Assassin,Duke,Assassin,Ambassador",36,2026-02-13T22:10:55-08:00
6309,5,3,"Assassin,Contessa,Captain",28,2026-02-13T22:10:55-08:00
6310,5,1,"Contessa,Duke,Contessa",26,2026-02-13T22:10:55-08:00
6311,5,1,"Contessa,Duke,Contessa",26,2026-02-13T22:10:55-08:00
6312,5,4,"Captain,Assassin,Contessa",52,2026-02-13T22:10:55-08:00
6314,5,4,"Ambassador,Assassin,Captain,Assassin",25,2026-02-13T22:10:55-08:00
6313,5,4,"Captain,Assassin,Contessa",52,2026-02-13T22:10:55-08:00
6315,5,4,"Captain,Assassin,Contessa",52,2026-02-13T22:10:55-08:00
6316,5,2,"Duke,Captain,Ambassador,Ambassador,Contessa",10,2026-02-13T22:10:55-08:00
6318,5,4,Captain,16,2026-02-13T22:10:55-08:00
6317,5,2,"Duke,Captain,Ambassador,Ambassador,Contessa",10,2026-02-13T22:10:55-08:00
6319,5,4,"Duke,Captain",27,2026-02-13T22:10:55-08:00
6298,5,4,"Ambassador,Ambassador,Captain,Contessa",13,2026-02-13T22:10:55-08:00
6301,5,3,Contessa,45,2026-02-13T22:10:55-08:00
6323,5,3,"Duke,Duke",31,2026-02-13T22:10:55-08:00
6325,5,1,"Duke,Duke,Contessa",16,2026-02-13T22:10:55-08:00
6321,5,4,Captain,16,2026-02-13T22:10:55-08:00
6324,5,1,Captain,31,2026-02-13T22:10:55-08:00
6326,5,0,"Captain,Ambassador,Duke,Ambassador,Captain",14,2026-02-13T22:10:55-08:00
6327,5,1,"Duke,Duke,Captain,Captain",15,2026-02-13T22:10:55-08:00
6329,5,2,"Duke,Assassin,Contessa",24,2026-02-13T22:10:55-08:00
6330,5,2,"Duke,Duke,Duke",27,2026-02-13T22:10:55-08:00
6328,5,0,"Assassin,Duke,Contessa,Duke",45,2026-02-13T22:10:55-08:00
6331,5,2,"Duke,Assassin,Contessa",24,2026-02-13T22:10:55-08:00
6332,5,0,"Assassin,Duke,Contessa,Duke",45,2026-02-13T22:10:55-08:00
6333,5,3,Contessa,47,2026-02-13T22:10:55-08:00
6335,5,2,"Duke,Duke,Ambassador",16,2026-02-13T22:10:55-08:00
6337,5,2,"Ambassador,Captain,Contessa",7,2026-02-13T22:10:55-08:00
6334,5,1,Contessa,34,2026-02-13T22:10:55-08:00
6336,5,2,"Captain,Assassin",32,2026-02-13T22:10:55-08:00
6338,5,0,"Assassin,Duke",19,2026-02-13T22:10:55-08:00
6339,5,4,"Captain,Assassin,Ambassador,Duke",19,2026-02-13T22:10:55-08:00
6343,5,1,"Duke,Ambassador,Assassin,Ambassador",10,2026-02-13T22:10:55-08:00
6340,5,4,"Captain,Assassin,Ambassador,Duke",19,2026-02-13T22:10:55-08:00
6342,5,1,"Captain,Ambassador,Duke,Assassin,Assassin",17,2026-02-13T22:10:55-08:00
6344,5,2,"Assassin,Ambassador,Duke,Captain",15,2026-02-13T22:10:55-08:00
6341,5,2,"Captain,Assassin",32,2026-02-13T22:10:55-08:00
6345,5,1,"Duke,Ambassador,Assassin,Ambassador",10,2026-02-13T22:10:55-08:00
6346,5,2,"Ambassador,Contessa,Duke,Contessa",17,2026-02-13T22:10:55-08:00
6348,5,4,"Assassin,Duke,Contessa,Assassin",25,2026-02-13T22:10:55-08:00
6347,5,1,"Captain,Duke,Ambassador",31,2026-02-13T22:10:55-08:00
6350,5,0,"Assassin,Ambassador,Ambassador",20,2026-02-13T22:10:55-08:00
6352,5,2,"Captain,Contessa",16,2026-02-13T22:10:55-08:00
6351,5,4,Assassin,39,2026-02-13T22:10:55-08:00
6355,5,4,"Ambassador,Duke",19,2026-02-13T22:10:55-08:00
6349,5,0,"Assassin,Ambassador,Ambassador",20,2026-02-13T22:10:55-08:00
6354,5,4,Contessa,19,2026-02-13T22:10:55-08:00
6353,5,2,"Ambassador,Contessa,Duke,Contessa",17,2026-02-13T22:10:55-08:00
6320,5,2,"Contessa,Ambassador",46,2026-02-13T22:10:55-08:00
6357,5,4,"Ambassador,Ambassador,Ambassador",27,2026-02-13T22:10:55-08:00
6356,5,1,"Captain,Ambassador,Contessa,Duke,Contessa,Ambassador,Assassin",18,2026-02-13T22:10:55-08:00
6359,5,4,"Ambassador,Ambassador,Ambassador",27,2026-02-13T22:10:55-08:00
6361,5,2,"Ambassador,Contessa,Duke,Captain",12,2026-02-13T22:10:55-08:00
6362,5,2,"Assassin,Ambassador,Captain",16,2026-02-13T22:10:55-08:00
6364,5,1,"Assassin,Ambassador",21,2026-02-13T22:10:55-08:00
6358,5,2,"Captain,Captain,Duke,Contessa",99,2026-02-13T22:10:55-08:00
6363,5,2,"Ambassador,Duke",37,2026-02-13T22:10:55-08:00
6360,5,2,"Captain,Captain,Duke,Contessa",99,2026-02-13T22:10:55-08:00
6365,5,2,"Ambassador,Duke",37,2026-02-13T22:10:55-08:00
6367,5,1,"Assassin,Ambassador",21,2026-02-13T22:10:55-08:00
6366,5,4,Duke,17,2026-02-13T22:10:55-08:00
6368,5,4,"Captain,Duke,Assassin,Captain",16,2026-02-13T22:10:55-08:00
6369,5,1,"Assassin,Ambassador",21,2026-02-13T22:10:55-08:00
6370,5,4,"Captain,Duke,Assassin,Captain",16,2026-02-13T22:10:55-08:00
6372,5,4,"Captain,Duke,Assassin,Captain",16,2026-02-13T22:10:55-08:00
6371,5,1,"Assassin,Ambassador",21,2026-02-13T22:10:55-08:00
6374,5,3,"Captain,Ambassador,Duke,Ambassador",18,2026-02-13T22:10:55-08:00
6373,5,4,"Contessa,Captain",34,2026-02-13T22:10:55-08:00
6376,5,0,Assassin,24,2026-02-13T22:10:55-08:00
6375,5,4,"Captain,Assassin",37,2026-02-13T22:10:55-08:00
6377,5,4,"Captain,Assassin",37,2026-02-13T22:10:55-08:00
6380,5,0,Contessa,14,2026-02-13T22:10:55-08:00
6378,5,1,"Contessa,Assassin,Contessa",21,2026-02-13T22:10:55-08:00
6381,5,4,"Captain,Duke,Duke",20,2026-02-13T22:10:55-08:00
6382,5,2,"Captain,Duke,Contessa,Captain",44,2026-02-13T22:10:55-08:00
6379,5,3,"Contessa,Captain,Duke,Captain,Ambassador",13,2026-02-13T22:10:55-08:00
6384,5,4,"Assassin,Captain,Ambassador",27,2026-02-13T22:10:55-08:00
6383,5,2,Ambassador,70,2026-02-13T22:10:55-08:00
6385,5,4,Assassin,38,2026-02-13T22:10:55-08:00
6386,5,4,"Assassin,Captain,Ambassador",27,2026-02-13T22:10:55-08:00
6387,5,4,Assassin,38,2026-02-13T22:10:55-08:00
6389,5,4,"Assassin,Captain,Ambassador",27,2026-02-13T22:10:55-08:00
6388,5,2,Ambassador,70,2026-02-13T22:10:55-08:00
6390,5,0,"Captain,Captain,Captain,Ambassador",25,2026-02-13T22:10:55-08:00
6391,5,3,"Duke,Duke",26,2026-02-13T22:10:55-08:00
6392,5,3,"Duke,Duke",26,2026-02-13T22:10:55-08:00
6393,5,4,"Ambassador,Assassin",34,2026-02-13T22:10:55-08:00
6394,5,3,"Duke,Duke",26,2026-02-13T22:10:55-08:00
6322,5,4,"Duke,Contessa,Assassin",18,2026-02-13T22:10:55-08:00
6395,5,0,"Captain,Captain,Captain,Ambassador",25,2026-02-13T22:10:55-08:00
6396,5,3,"Duke,Duke",26,2026-02-13T22:10:55-08:00
6397,5,1,"Ambassador,Duke,Ambassador,Duke",26,2026-02-13T22:10:55-08:00
6402,5,2,Captain,16,2026-02-13T22:10:55-08:00
6403,5,2,Captain,16,2026-02-13T22:10:55-08:00
6399,5,1,"Captain,Duke,Ambassador",28,2026-02-13T22:10:55-08:00
6400,5,2,Captain,16,2026-02-13T22:10:55-08:00
6401,5,1,"Captain,Duke,Ambassador",28,2026-02-13T22:10:55-08:00
6404,5,3,"Duke,Duke,Captain,Ambassador,Duke",33,2026-02-13T22:10:55-08:00
6405,5,4,"Duke,Assassin,Captain",25,2026-02-13T22:10:55-08:00
6406,5,4,"Ambassador,Ambassador",28,2026-02-13T22:10:55-08:00
6407,5,4,"Ambassador,Ambassador",28,2026-02-13T22:10:55-08:00
6408,5,3,Ambassador,21,2026-02-13T22:10:55-08:00
6409,5,0,"Assassin,Duke,Captain",15,2026-02-13T22:10:55-08:00
6410,5,3,Ambassador,21,2026-02-13T22:10:55-08:00
6411,5,2,"Duke,Ambassador,Duke",19,2026-02-13T22:10:55-08:00
6412,5,4,"Assassin,Captain",29,2026-02-13T22:10:55-08:00
6413,5,3,Ambassador,21,2026-02-13T22:10:55-08:00
6414,5,3,Ambassador,21,2026-02-13T22:10:55-08:00
6415,5,0,Duke,18,2026-02-13T22:10:55-08:00
6417,5,0,Duke,18,2026-02-13T22:10:55-08:00
6418,5,4,Duke,28,2026-02-13T22:10:55-08:00
6416,5,3,"Duke,Assassin,Captain,Ambassador",23,2026-02-13T22:10:55-08:00
6398,5,1,"Captain,Duke,Ambassador",28,2026-02-13T22:10:55-08:00
6420,5,0,Duke,18,2026-02-13T22:10:55-08:00
6419,5,3,"Duke,Assassin,Captain,Ambassador",23,2026-02-13T22:10:55-08:00
6421,5,0,Ambassador,30,2026-02-13T22:10:55-08:00
6423,5,1,Assassin,16,2026-02-13T22:10:55-08:00
6422,5,1,"Ambassador,Ambassador",36,2026-02-13T22:10:55-08:00
6424,5,0,Ambassador,30,2026-02-13T22:10:55-08:00
6425,5,1,"Assassin,Assassin,Contessa,Captain",21,2026-02-13T22:10:55-08:00
6428,5,3,"Captain,Captain",13,2026-02-13T22:10:55-08:00
6426,5,0,Ambassador,30,2026-02-13T22:10:55-08:00
6429,5,2,"Duke,Duke,Ambassador,Captain",22,2026-02-13T22:10:55-08:00
6430,5,3,"Captain,Captain",13,2026-02-13T22:10:55-08:00
6427,5,0,Ambassador,30,2026-02-13T22:10:55-08:00
6431,5,3,"Captain,Captain",13,2026-02-13T22:10:55-08:00
6432,5,2,"Duke,Captain,Captain,Contessa",22,2026-02-13T22:10:55-08:00
6433,5,2,"Duke,Captain,Captain,Contessa",22,2026-02-13T22:10:55-08:00
6436,5,1,Ambassador,10,2026-02-13T22:10:55-08:00
6435,5,4,"Ambassador,Ambassador",44,2026-02-13T22:10:55-08:00
6438,5,1,"Duke,Ambassador",18,2026-02-13T22:10:55-08:00
6434,5,1,"Assassin,Duke",71,2026-02-13T22:10:55-08:00
6439,5,1,"Duke,Assassin,Captain,Captain",19,2026-02-13T22:10:55-08:00
6443,5,1,"Captain,Captain,Ambassador,Assassin",16,2026-02-13T22:10:55-08:00
6441,5,2,"Assassin,Captain,Captain",36,2026-02-13T22:10:55-08:00
6444,5,2,"Assassin,Captain,Captain",36,2026-02-13T22:10:55-08:00
6447,5,0,"Ambassador,Ambassador,Ambassador,Ambassador",9,2026-02-13T22:10:55-08:00
6446,5,4,"Assassin,Captain,Ambassador",27,2026-02-13T22:10:55-08:00
6445,5,3,"Assassin,Assassin",24,2026-02-13T22:10:55-08:00
6448,5,3,"Ambassador,Ambassador,Ambassador,Duke",10,2026-02-13T22:10:55-08:00
6449,5,0,"Ambassador,Ambassador,Ambassador,Ambassador",9,2026-02-13T22:10:55-08:00
6452,5,1,"Assassin,Duke,Assassin",20,2026-02-13T22:10:55-08:00
6450,5,4,"Duke,Contessa,Duke,Ambassador",20,2026-02-13T22:10:55-08:00
6454,5,3,Contessa,14,2026-02-13T22:10:55-08:00
6453,5,1,"Contessa,Duke,Captain,Captain,Ambassador",20,2026-02-13T22:10:55-08:00
6451,5,0,"Captain,Ambassador",40,2026-02-13T22:10:55-08:00
6455,5,1,"Contessa,Duke,Captain,Captain,Ambassador",20,2026-02-13T22:10:55-08:00
6456,5,4,Assassin,17,2026-02-13T22:10:55-08:00
6459,5,4,"Duke,Captain",8,2026-02-13T22:10:55-08:00
6437,5,3,Captain,14,2026-02-13T22:10:55-08:00
6458,5,2,"Duke,Contessa,Duke,Contessa",37,2026-02-13T22:10:55-08:00
6457,5,1,Contessa,61,2026-02-13T22:10:55-08:00
6460,5,2,"Duke,Contessa,Duke,Contessa",37,2026-02-13T22:10:55-08:00
6440,5,3,"Assassin,Assassin",24,2026-02-13T22:10:55-08:00
6442,5,0,"Ambassador,Ambassador,Ambassador,Ambassador",9,2026-02-13T22:10:55-08:00
6464,5,1,Assassin,15,2026-02-13T22:10:55-08:00
6465,5,1,Contessa,16,2026-02-13T22:10:55-08:00
6462,5,2,Duke,28,2026-02-13T22:10:55-08:00
6467,5,3,"Ambassador,Contessa,Assassin",25,2026-02-13T22:10:55-08:00
6469,5,0,"Captain,Captain,Assassin",17,2026-02-13T22:10:55-08:00
6468,5,3,"Ambassador,Contessa,Assassin",25,2026-02-13T22:10:55-08:00
6466,5,1,"Contessa,Captain,Contessa",46,2026-02-13T22:10:55-08:00
6471,5,3,Assassin,13,2026-02-13T22:10:55-08:00
6473,5,4,Assassin,31,2026-02-13T22:10:55-08:00
6470,5,0,Ambassador,34,2026-02-13T22:10:55-08:00
6474,5,0,"Captain,Captain,Assassin",17,2026-02-13T22:10:55-08:00
6472,5,1,"Duke,Duke,Duke,Captain",19,2026-02-13T22:10:55-08:00
6463,5,1,"Contessa,Contessa",15,2026-02-13T22:10:55-08:00
6461,5,2,"Duke,Contessa,Duke,Contessa",37,2026-02-13T22:10:55-08:00
6475,5,3,"Assassin,Contessa,Captain,Ambassador",21,2026-02-13T22:10:55-08:00
6477,5,3,"Assassin,Contessa,Captain,Ambassador",21,2026-02-13T22:10:55-08:00
6476,5,3,"Assassin,Contessa,Captain,Ambassador",21,2026-02-13T22:10:55-08:00
6478,5,2,"Assassin,Captain,Assassin",38,2026-02-13T22:10:55-08:00
6482,5,4,"Duke,Captain,Ambassador",11,2026-02-13T22:10:55-08:00
6483,5,4,"Duke,Assassin,Captain,Contessa,Ambassador,Captain",32,2026-02-13T22:10:55-08:00
6484,5,1,"Ambassador,Assassin",21,2026-02-13T22:10:55-08:00
6485,5,0,"Ambassador,Captain",49,2026-02-13T22:10:55-08:00
6486,5,1,"Ambassador,Assassin",21,2026-02-13T22:10:55-08:00
6487,5,0,"Ambassador,Captain",49,2026-02-13T22:10:55-08:00
6488,5,0,"Ambassador,Assassin,Duke",20,2026-02-13T22:10:55-08:00
6489,5,2,Assassin,27,2026-02-13T22:10:55-08:00
6480,5,3,"Assassin,Contessa,Captain,Ambassador",21,2026-02-13T22:10:55-08:00
6491,5,2,Assassin,27,2026-02-13T22:10:55-08:00
6490,5,2,"Assassin,Captain",16,2026-02-13T22:10:55-08:00
6492,5,2,"Assassin,Captain",16,2026-02-13T22:10:55-08:00
6481,5,3,"Assassin,Contessa,Captain,Ambassador",21,2026-02-13T22:10:55-08:00
6493,5,1,"Duke,Captain,Captain,Contessa",16,2026-02-13T22:10:55-08:00
6494,5,1,"Ambassador,Captain,Duke,Ambassador,Captain",21,2026-02-13T22:10:55-08:00
6495,5,0,"Assassin,Ambassador,Duke,Ambassador,Duke",27,2026-02-13T22:10:55-08:00
6479,5,0,"Assassin,Duke,Captain,Contessa",43,2026-02-13T22:10:55-08:00
6496,5,1,"Ambassador,Captain,Duke,Ambassador,Captain",21,2026-02-13T22:10:55-08:00
6498,5,3,"Captain,Captain,Ambassador,Duke",16,2026-02-13T22:10:55-08:00
6497,5,0,"Captain,Captain,Duke,Captain",25,2026-02-13T22:10:55-08:00
6499,5,1,"Duke,Captain,Captain,Contessa",16,2026-02-13T22:10:55-08:00
6502,5,3,"Duke,Ambassador,Ambassador,Duke",14,2026-02-13T22:10:55-08:00
6500,5,4,"Ambassador,Duke",29,2026-02-13T22:10:55-08:00
6501,5,0,Duke,34,2026-02-13T22:10:55-08:00
6505,5,2,"Assassin,Duke,Duke",52,2026-02-13T22:10:55-08:00
6504,5,4,"Ambassador,Duke",29,2026-02-13T22:10:55-08:00
6507,5,0,"Contessa,Duke,Contessa",34,2026-02-13T22:10:55-08:00
6509,5,2,"Assassin,Contessa,Assassin,Ambassador",27,2026-02-13T22:10:55-08:00
6510,5,3,"Captain,Duke",43,2026-02-13T22:10:55-08:00
6511,5,3,"Captain,Duke",43,2026-02-13T22:10:55-08:00
6512,5,3,"Captain,Duke",43,2026-02-13T22:10:55-08:00
6513,5,4,"Contessa,Ambassador,Captain,Duke",27,2026-02-13T22:10:55-08:00
6515,5,1,Duke,13,2026-02-13T22:10:55-08:00
6517,5,1,Duke,13,2026-02-13T22:10:55-08:00
6516,5,1,Duke,13,2026-02-13T22:10:55-08:00
6514,5,2,"Captain,Ambassador",37,2026-02-13T22:10:55-08:00
6518,5,3,Duke,19,2026-02-13T22:10:55-08:00
6519,5,0,Ambassador,22,2026-02-13T22:10:55-08:00
6520,5,4,"Assassin,Captain",30,2026-02-13T22:10:55-08:00
6522,5,4,"Assassin,Ambassador,Duke",54,2026-02-13T22:10:55-08:00
6523,5,0,Ambassador,22,2026-02-13T22:10:55-08:00
6503,5,1,Contessa,69,2026-02-13T22:10:55-08:00
6508,5,2,"Duke,Duke,Duke,Contessa,Ambassador",12,2026-02-13T22:10:55-08:00
6525,5,1,"Duke,Captain,Ambassador",16,2026-02-13T22:10:55-08:00
6521,5,3,"Assassin,Captain,Captain",44,2026-02-13T22:10:55-08:00
6527,5,1,"Duke,Captain,Ambassador",16,2026-02-13T22:10:55-08:00
6526,5,4,"Contessa,Contessa",30,2026-02-13T22:10:55-08:00
6529,5,1,"Ambassador,Captain,Ambassador",9,2026-02-13T22:10:55-08:00
6528,5,0,"Captain,Contessa,Assassin",50,2026-02-13T22:10:55-08:00
6524,5,4,"Assassin,Ambassador,Duke",54,2026-02-13T22:10:55-08:00
6530,5,4,"Contessa,Contessa",30,2026-02-13T22:10:55-08:00
6531,5,1,Assassin,48,2026-02-13T22:10:55-08:00
6532,5,4,"Contessa,Contessa",30,2026-02-13T22:10:55-08:00
6535,5,2,"Contessa,Assassin",20,2026-02-13T22:10:55-08:00
6533,5,1,Contessa,36,2026-02-13T22:10:55-08:00
6506,5,1,Duke,32,2026-02-13T22:10:55-08:00
6536,5,2,Ambassador,11,2026-02-13T22:10:55-08:00
6537,5,1,Contessa,36,2026-02-13T22:10:55-08:00
6542,5,0,"Assassin,Duke,Assassin",26,2026-02-13T22:10:55-08:00
6538,5,0,"Contessa,Captain,Ambassador,Duke,Contessa",10,2026-02-13T22:10:55-08:00
6544,5,1,"Captain,Duke,Duke,Captain,Ambassador",16,2026-02-13T22:10:55-08:00
6543,5,0,"Assassin,Duke,Assassin",26,2026-02-13T22:10:55-08:00
6545,5,1,"Ambassador,Ambassador,Ambassador",31,2026-02-13T22:10:55-08:00
6546,5,4,"Duke,Captain,Contessa",22,2026-02-13T22:10:55-08:00
6547,5,4,"Duke,Captain,Contessa",22,2026-02-13T22:10:55-08:00
6540,5,0,"Assassin,Duke,Assassin",26,2026-02-13T22:10:55-08:00
6548,5,0,"Captain,Captain,Ambassador",35,2026-02-13T22:10:55-08:00
6549,5,4,"Duke,Duke,Ambassador,Duke",19,2026-02-13T22:10:55-08:00
6550,5,1,"Contessa,Captain,Captain",18,2026-02-13T22:10:55-08:00
6551,5,1,"Contessa,Captain,Captain",18,2026-02-13T22:10:55-08:00
6552,5,0,"Ambassador,Captain",15,2026-02-13T22:10:55-08:00
6553,5,2,"Duke,Contessa,Contessa,Duke,Ambassador,Contessa",37,2026-02-13T22:10:55-08:00
6554,5,0,"Ambassador,Captain",15,2026-02-13T22:10:55-08:00
6555,5,4,"Duke,Captain,Contessa,Duke,Ambassador",20,2026-02-13T22:10:55-08:00
6556,5,4,"Duke,Captain,Contessa,Duke,Ambassador",20,2026-02-13T22:10:55-08:00
6557,5,4,Assassin,24,2026-02-13T22:10:55-08:00
6558,5,3,"Contessa,Captain,Assassin,Contessa,Ambassador",28,2026-02-13T22:10:55-08:00
6560,5,0,"Duke,Captain,Captain,Assassin",12,2026-02-13T22:10:55-08:00
6559,5,4,Assassin,24,2026-02-13T22:10:55-08:00
6561,5,0,"Duke,Captain,Captain,Assassin",12,2026-02-13T22:10:55-08:00
6562,5,1,"Captain,Captain,Captain",31,2026-02-13T22:10:55-08:00
6563,5,3,Captain,43,2026-02-13T22:10:55-08:00
6566,5,1,"Duke,Captain",35,2026-02-13T22:10:55-08:00
6567,5,3,"Duke,Captain,Ambassador,Assassin",16,2026-02-13T22:10:55-08:00
6564,5,1,"Captain,Captain,Captain",31,2026-02-13T22:10:55-08:00
6565,5,1,"Captain,Captain,Captain",31,2026-02-13T22:10:55-08:00
6568,5,2,Captain,12,2026-02-13T22:10:55-08:00
6569,5,2,Captain,12,2026-02-13T22:10:55-08:00
6570,5,3,Contessa,16,2026-02-13T22:10:55-08:00
6571,5,0,"Ambassador,Ambassador,Ambassador,Duke,Captain",13,2026-02-13T22:10:55-08:00
6539,5,1,Contessa,36,2026-02-13T22:10:55-08:00
6572,5,0,"Ambassador,Ambassador,Ambassador,Duke,Captain",13,2026-02-13T22:10:55-08:00
6573,5,0,"Ambassador,Ambassador,Ambassador,Duke,Captain",13,2026-02-13T22:10:55-08:00
6574,5,0,"Ambassador,Ambassador,Ambassador,Duke,Captain",13,2026-02-13T22:10:55-08:00
6575,5,1,"Contessa,Assassin,Assassin",24,2026-02-13T22:10:55-08:00
6577,5,3,Contessa,16,2026-02-13T22:10:55-08:00
6576,5,2,Ambassador,18,2026-02-13T22:10:55-08:00
6578,5,1,"Contessa,Assassin,Assassin",24,2026-02-13T22:10:55-08:00
6579,5,1,"Contessa,Assassin,Assassin",24,2026-02-13T22:10:55-08:00
6580,5,1,"Contessa,Assassin,Assassin",24,2026-02-13T22:10:55-08:00
6582,5,1,"Contessa,Assassin,Assassin",24,2026-02-13T22:10:55-08:00
6583,5,0,Captain,22,2026-02-13T22:10:55-08:00
6541,5,0,"Assassin,Duke,Assassin",26,2026-02-13T22:10:55-08:00
6534,5,0,"Captain,Contessa,Assassin",50,2026-02-13T22:10:55-08:00
6586,5,0,Captain,22,2026-02-13T22:10:55-08:00
6584,5,0,Captain,22,2026-02-13T22:10:55-08:00
6585,5,0,Captain,22,2026-02-13T22:10:55-08:00
6592,5,4,"Captain,Captain,Captain",8,2026-02-13T22:10:55-08:00
6588,5,0,"Assassin,Captain,Contessa",40,2026-02-13T22:10:55-08:00
6589,5,0,Assassin,22,2026-02-13T22:10:55-08:00
6593,5,4,"Captain,Captain,Captain",8,2026-02-13T22:10:55-08:00
6590,5,2,"Captain,Captain,Contessa,Ambassador",22,2026-02-13T22:10:55-08:00
6591,5,0,"Assassin,Captain,Contessa",40,2026-02-13T22:10:55-08:00
6596,5,4,"Assassin,Captain,Duke",9,2026-02-13T22:10:55-08:00
6594,5,4,Contessa,23,2026-02-13T22:10:55-08:00
6595,5,4,"Duke,Assassin",61,2026-02-13T22:10:55-08:00
6597,5,4,"Duke,Assassin",61,2026-02-13T22:10:55-08:00
6598,5,1,"Captain,Captain,Duke,Contessa",31,2026-02-13T22:10:55-08:00
6600,5,3,"Ambassador,Captain,Duke,Captain,Captain",8,2026-02-13T22:10:55-08:00
6601,5,1,"Ambassador,Contessa,Captain,Duke",24,2026-02-13T22:10:55-08:00
6587,5,2,"Duke,Captain,Contessa",15,2026-02-13T22:10:55-08:00
6602,5,2,"Captain,Duke,Duke",9,2026-02-13T22:10:55-08:00
6603,5,3,"Ambassador,Captain,Duke,Captain,Captain",8,2026-02-13T22:10:55-08:00
6608,5,4,"Captain,Contessa",24,2026-02-13T22:10:55-08:00
6609,5,4,"Ambassador,Ambassador,Ambassador,Duke",14,2026-02-13T22:10:55-08:00
6604,5,1,"Ambassador,Contessa,Captain,Duke",24,2026-02-13T22:10:55-08:00
6606,5,1,Captain,32,2026-02-13T22:10:55-08:00
6605,5,2,"Ambassador,Ambassador,Duke",51,2026-02-13T22:10:55-08:00
6610,5,2,"Contessa,Captain,Captain,Ambassador",12,2026-02-13T22:10:55-08:00
6611,5,4,"Duke,Assassin,Duke",29,2026-02-13T22:10:55-08:00
6612,5,4,"Captain,Contessa",24,2026-02-13T22:10:55-08:00
6614,5,1,"Ambassador,Contessa",16,2026-02-13T22:10:55-08:00
6613,5,0,"Ambassador,Ambassador",54,2026-02-13T22:10:55-08:00
6616,5,0,"Duke,Duke,Assassin",9,2026-02-13T22:10:55-08:00
6615,5,1,"Ambassador,Contessa",16,2026-02-13T22:10:55-08:00
6617,5,0,"Contessa,Duke",20,2026-02-13T22:10:55-08:00
6618,5,3,"Contessa,Ambassador,Assassin,Assassin",23,2026-02-13T22:10:55-08:00
6619,5,3,"Captain,Captain",34,2026-02-13T22:10:55-08:00
6620,5,3,"Captain,Captain",34,2026-02-13T22:10:55-08:00
6621,5,0,"Contessa,Duke",29,2026-02-13T22:10:55-08:00
6622,5,3,"Captain,Captain",34,2026-02-13T22:10:55-08:00
6623,5,3,"Duke,Captain",23,2026-02-13T22:10:55-08:00
6624,5,4,Ambassador,29,2026-02-13T22:10:55-08:00
6607,5,2,"Captain,Duke,Duke",9,2026-02-13T22:10:55-08:00
6581,5,0,Captain,22,2026-02-13T22:10:55-08:00
6629,5,3,"Ambassador,Contessa",9,2026-02-13T22:10:55-08:00
6631,5,1,"Captain,Captain",18,2026-02-13T22:10:55-08:00
6626,5,4,"Captain,Contessa,Captain,Assassin",18,2026-02-13T22:10:55-08:00
6627,5,4,Ambassador,29,2026-02-13T22:10:55-08:00
6599,5,4,"Contessa,Captain,Ambassador,Ambassador,Duke",9,2026-02-13T22:10:55-08:00
6630,5,4,"Captain,Assassin,Duke,Captain",44,2026-02-13T22:10:55-08:00
6632,5,3,Contessa,20,2026-02-13T22:10:55-08:00
6635,5,3,Contessa,20,2026-02-13T22:10:55-08:00
6633,5,2,Ambassador,37,2026-02-13T22:10:55-08:00
6634,5,2,Ambassador,37,2026-02-13T22:10:55-08:00
6636,5,1,"Captain,Captain",18,2026-02-13T22:10:55-08:00
6638,5,0,"Ambassador,Assassin",24,2026-02-13T22:10:55-08:00
6640,5,1,"Assassin,Ambassador,Contessa",11,2026-02-13T22:10:55-08:00
6641,5,1,"Assassin,Ambassador,Contessa",11,2026-02-13T22:10:55-08:00
6637,5,4,"Assassin,Captain,Captain,Duke",12,2026-02-13T22:10:55-08:00
6639,5,2,Ambassador,37,2026-02-13T22:10:55-08:00
6643,5,1,"Assassin,Ambassador,Contessa",11,2026-02-13T22:10:55-08:00
6644,5,3,"Ambassador,Ambassador",18,2026-02-13T22:10:55-08:00
6628,5,3,"Ambassador,Contessa",9,2026-02-13T22:10:55-08:00
6645,5,3,"Ambassador,Ambassador",18,2026-02-13T22:10:55-08:00
6625,5,4,Ambassador,29,2026-02-13T22:10:55-08:00
6642,5,1,"Ambassador,Duke,Captain,Assassin,Assassin",15,2026-02-13T22:10:55-08:00
6646,5,1,"Assassin,Duke",39,2026-02-13T22:10:55-08:00
6653,5,3,Captain,32,2026-02-13T22:10:55-08:00
6651,5,1,"Captain,Contessa",12,2026-02-13T22:10:55-08:00
6654,5,4,"Ambassador,Captain,Ambassador",21,2026-02-13T22:10:55-08:00
6650,5,3,Captain,32,2026-02-13T22:10:55-08:00
6652,5,3,Captain,32,2026-02-13T22:10:55-08:00
6647,5,4,Captain,53,2026-02-13T22:10:55-08:00
6655,5,1,"Captain,Contessa",12,2026-02-13T22:10:55-08:00
6656,5,1,"Assassin,Contessa,Captain",22,2026-02-13T22:10:55-08:00
6657,5,1,"Captain,Contessa",12,2026-02-13T22:10:55-08:00
6659,5,1,"Assassin,Contessa,Captain",22,2026-02-13T22:10:55-08:00
6658,5,2,"Ambassador,Contessa,Assassin",47,2026-02-13T22:10:55-08:00
6660,5,1,Duke,33,2026-02-13T22:10:55-08:00
6662,5,3,"Captain,Contessa,Captain,Assassin,Assassin",18,2026-02-13T22:10:55-08:00
6661,5,2,"Ambassador,Contessa,Assassin",47,2026-02-13T22:10:55-08:00
6664,5,2,"Captain,Contessa",22,2026-02-13T22:10:55-08:00
6663,5,2,"Ambassador,Contessa,Assassin",47,2026-02-13T22:10:55-08:00
6666,5,2,"Captain,Contessa",22,2026-02-13T22:10:55-08:00
6665,5,0,Contessa,45,2026-02-13T22:10:55-08:00
6667,5,4,"Ambassador,Ambassador,Ambassador,Duke",20,2026-02-13T22:10:55-08:00
6669,5,2,"Contessa,Duke,Ambassador",17,2026-02-13T22:10:55-08:00
6668,5,0,Contessa,45,2026-02-13T22:10:55-08:00
6671,5,2,"Contessa,Duke,Ambassador",17,2026-02-13T22:10:55-08:00
6670,5,0,Contessa,45,2026-02-13T22:10:55-08:00
6648,5,0,Captain,35,2026-02-13T22:10:55-08:00
6672,5,0,"Ambassador,Duke,Assassin,Ambassador,Assassin",20,2026-02-13T22:10:55-08:00
6675,5,0,"Captain,Captain,Assassin",45,2026-02-13T22:10:55-08:00
6673,5,0,"Ambassador,Duke,Assassin,Ambassador,Assassin",20,2026-02-13T22:10:55-08:00
6678,5,0,"Contessa,Duke,Assassin,Assassin",15,2026-02-13T22:10:55-08:00
6676,5,0,"Captain,Captain,Assassin",45,2026-02-13T22:10:55-08:00
6677,5,0,"Captain,Captain,Assassin",45,2026-02-13T22:10:55-08:00
6679,5,3,"Duke,Ambassador",28,2026-02-13T22:10:55-08:00
6680,5,0,"Contessa,Duke,Assassin,Assassin",15,2026-02-13T22:10:55-08:00
6681,5,3,"Ambassador,Duke,Ambassador,Ambassador",28,2026-02-13T22:10:55-08:00
6682,5,3,"Ambassador,Duke,Ambassador,Ambassador",28,2026-02-13T22:10:55-08:00
6683,5,3,"Contessa,Contessa",22,2026-02-13T22:10:55-08:00
6684,5,3,"Contessa,Contessa",22,2026-02-13T22:10:55-08:00
6685,5,2,"Duke,Assassin",38,2026-02-13T22:10:55-08:00
6686,5,2,"Captain,Captain",15,2026-02-13T22:10:55-08:00
6687,5,1,"Assassin,Assassin,Duke,Captain,Duke",26,2026-02-13T22:10:55-08:00
6688,5,1,"Assassin,Assassin,Duke,Captain,Duke",26,2026-02-13T22:10:55-08:00
6691,5,4,"Captain,Duke",14,2026-02-13T22:10:55-08:00
6689,5,3,"Ambassador,Captain",33,2026-02-13T22:10:55-08:00
6690,5,3,"Ambassador,Captain",33,2026-02-13T22:10:55-08:00
6649,5,4,"Assassin,Ambassador,Ambassador",9,2026-02-13T22:10:55-08:00
6692,5,0,"Assassin,Duke,Contessa",40,2026-02-13T22:10:55-08:00
6674,5,0,"Captain,Captain,Assassin",45,2026-02-13T22:10:55-08:00
6696,5,4,"Captain,Duke",14,2026-02-13T22:10:55-08:00
6694,5,4,"Duke,Ambassador,Assassin",12,2026-02-13T22:10:55-08:00
6697,5,4,"Captain,Duke",14,2026-02-13T22:10:55-08:00
6699,5,1,Assassin,25,2026-02-13T22:10:55-08:00
6700,5,4,"Duke,Captain,Assassin,Contessa",14,2026-02-13T22:10:55-08:00
6698,5,0,"Ambassador,Contessa",50,2026-02-13T22:10:55-08:00
6701,5,0,"Assassin,Ambassador,Captain,Contessa",28,2026-02-13T22:10:55-08:00
6703,5,4,"Duke,Captain,Assassin,Contessa",14,2026-02-13T22:10:55-08:00
6702,5,4,"Assassin,Ambassador,Assassin",35,2026-02-13T22:10:55-08:00
6704,5,2,"Duke,Assassin,Duke,Duke,Captain",26,2026-02-13T22:10:55-08:00
6705,5,4,Captain,32,2026-02-13T22:10:55-08:00
6706,5,3,"Contessa,Duke",43,2026-02-13T22:10:55-08:00
6707,5,4,Captain,32,2026-02-13T22:10:55-08:00
6708,5,4,Captain,32,2026-02-13T22:10:55-08:00
6709,5,4,"Duke,Ambassador",32,2026-02-13T22:10:55-08:00
6710,5,1,"Duke,Duke,Captain,Ambassador",14,2026-02-13T22:10:55-08:00
6712,5,3,"Assassin,Duke,Ambassador",48,2026-02-13T22:10:55-08:00
6711,5,4,"Duke,Ambassador",32,2026-02-13T22:10:55-08:00
6713,5,4,"Duke,Ambassador",32,2026-02-13T22:10:55-08:00
6717,5,4,"Duke,Ambassador",9,2026-02-13T22:10:55-08:00
6714,5,4,"Duke,Ambassador",32,2026-02-13T22:10:55-08:00
6715,5,4,"Duke,Contessa,Duke,Ambassador",29,2026-02-13T22:10:55-08:00
6716,5,0,"Ambassador,Captain",35,2026-02-13T22:10:55-08:00
6718,5,4,"Contessa,Captain,Assassin",19,2026-02-13T22:10:55-08:00
6720,5,3,"Ambassador,Captain",18,2026-02-13T22:10:55-08:00
6719,5,4,"Duke,Contessa,Duke,Ambassador",29,2026-02-13T22:10:55-08:00
6722,5,3,"Ambassador,Captain",18,2026-02-13T22:10:55-08:00
6721,5,4,"Contessa,Captain,Assassin",19,2026-02-13T22:10:55-08:00
6723,5,0,"Contessa,Captain,Duke,Assassin",10,2026-02-13T22:10:55-08:00
6724,5,3,"Ambassador,Captain",18,2026-02-13T22:10:55-08:00
6725,5,2,"Duke,Assassin",30,2026-02-13T22:10:55-08:00
6726,5,3,"Ambassador,Captain",18,2026-02-13T22:10:55-08:00
6728,5,0,"Ambassador,Duke,Contessa,Captain",41,2026-02-13T22:10:55-08:00
6730,5,4,Duke,28,2026-02-13T22:10:55-08:00
6731,5,0,"Captain,Captain,Ambassador,Duke",30,2026-02-13T22:10:55-08:00
6732,5,4,Duke,28,2026-02-13T22:10:55-08:00
6693,5,4,"Captain,Duke",14,2026-02-13T22:10:55-08:00
6733,5,4,Duke,28,2026-02-13T22:10:55-08:00
6734,5,1,Contessa,48,2026-02-13T22:10:55-08:00
6735,5,4,"Captain,Contessa",16,2026-02-13T22:10:55-08:00
6737,5,1,Contessa,19,2026-02-13T22:10:55-08:00
6739,5,4,"Captain,Contessa",16,2026-02-13T22:10:55-08:00
6738,5,0,"Captain,Captain,Ambassador,Duke",30,2026-02-13T22:10:55-08:00
6736,5,1,Contessa,48,2026-02-13T22:10:55-08:00
6740,5,2,"Assassin,Ambassador",18,2026-02-13T22:10:55-08:00
6741,5,2,"Captain,Captain",16,2026-02-13T22:10:55-08:00
6742,5,2,"Captain,Captain",16,2026-02-13T22:10:55-08:00
6744,5,2,"Captain,Captain",16,2026-02-13T22:10:55-08:00
6745,5,0,Captain,29,2026-02-13T22:10:55-08:00
6743,5,1,Assassin,38,2026-02-13T22:10:55-08:00
6746,5,4,Assassin,51,2026-02-13T22:10:55-08:00
6727,5,2,"Duke,Assassin",30,2026-02-13T22:10:55-08:00
6749,5,0,"Captain,Ambassador",14,2026-02-13T22:10:55-08:00
6747,5,4,Assassin,51,2026-02-13T22:10:55-08:00
6748,5,0,"Ambassador,Ambassador,Ambassador,Ambassador,Duke",20,2026-02-13T22:10:55-08:00
6750,5,2,"Duke,Contessa,Ambassador",27,2026-02-13T22:10:55-08:00
6752,5,0,Captain,29,2026-02-13T22:10:55-08:00
6751,5,2,Ambassador,48,2026-02-13T22:10:55-08:00
6754,5,2,"Captain,Duke,Assassin,Captain,Assassin",42,2026-02-13T22:10:55-08:00
6753,5,2,Ambassador,48,2026-02-13T22:10:55-08:00
6755,5,4,"Ambassador,Captain",24,2026-02-13T22:10:55-08:00
6758,5,1,"Captain,Assassin,Assassin",31,2026-02-13T22:10:55-08:00
6760,5,0,"Captain,Assassin,Captain",25,2026-02-13T22:10:55-08:00
6757,5,1,"Assassin,Captain,Duke,Ambassador,Ambassador,Contessa",51,2026-02-13T22:10:55-08:00
6756,5,2,Ambassador,48,2026-02-13T22:10:55-08:00
6759,5,1,"Assassin,Captain,Duke,Ambassador,Ambassador,Contessa",51,2026-02-13T22:10:55-08:00
6761,5,2,"Duke,Duke",25,2026-02-13T22:10:55-08:00
6763,5,2,"Duke,Duke",25,2026-02-13T22:10:55-08:00
6764,5,0,"Captain,Assassin,Captain",25,2026-02-13T22:10:55-08:00
6766,5,1,"Ambassador,Captain,Ambassador",36,2026-02-13T22:10:55-08:00
6695,5,1,Assassin,25,2026-02-13T22:10:55-08:00
6729,5,1,"Captain,Contessa",21,2026-02-13T22:10:55-08:00
6768,5,4,Contessa,11,2026-02-13T22:10:55-08:00
6767,5,1,"Ambassador,Captain,Ambassador",36,2026-02-13T22:10:55-08:00
6765,5,2,"Duke,Duke",25,2026-02-13T22:10:55-08:00
6769,5,3,Duke,26,2026-02-13T22:10:55-08:00
6771,5,2,"Contessa,Ambassador",30,2026-02-13T22:10:55-08:00
6770,5,2,"Contessa,Ambassador",30,2026-02-13T22:10:55-08:00
6772,5,2,"Contessa,Ambassador",30,2026-02-13T22:10:55-08:00
6773,5,1,"Ambassador,Ambassador,Captain,Contessa",36,2026-02-13T22:10:55-08:00
6774,5,0,"Assassin,Assassin,Duke,Captain,Contessa",25,2026-02-13T22:10:55-08:00
6776,5,1,"Assassin,Assassin",21,2026-02-13T22:10:55-08:00
6775,5,1,"Ambassador,Ambassador,Captain,Contessa",36,2026-02-13T22:10:55-08:00
6777,5,2,Ambassador,34,2026-02-13T22:10:55-08:00
6780,5,2,"Duke,Ambassador,Captain,Duke",17,2026-02-13T22:10:55-08:00
6778,5,1,Ambassador,26,2026-02-13T22:10:55-08:00
6781,5,2,"Duke,Ambassador,Captain,Duke",17,2026-02-13T22:10:55-08:00
6779,5,4,Ambassador,36,2026-02-13T22:10:55-08:00
6782,5,2,"Duke,Ambassador,Captain,Duke",17,2026-02-13T22:10:55-08:00
6783,5,4,Ambassador,36,2026-02-13T22:10:55-08:00
6788,5,0,"Duke,Assassin,Captain,Captain",25,2026-02-13T22:10:55-08:00
6787,5,2,"Ambassador,Ambassador,Ambassador,Duke",23,2026-02-13T22:10:55-08:00
6784,5,3,Assassin,33,2026-02-13T22:10:55-08:00
6789,5,2,"Duke,Captain,Captain",20,2026-02-13T22:10:55-08:00
6790,5,2,"Duke,Ambassador,Captain",19,2026-02-13T22:10:55-08:00
6791,5,0,Captain,25,2026-02-13T22:10:55-08:00
6792,5,3,"Assassin,Assassin,Assassin",21,2026-02-13T22:10:55-08:00
6794,5,0,"Duke,Assassin,Captain,Captain",25,2026-02-13T22:10:55-08:00
6793,5,4,"Duke,Captain,Assassin",24,2026-02-13T22:10:55-08:00
6795,5,0,Captain,25,2026-02-13T22:10:55-08:00
6797,5,4,"Duke,Duke,Ambassador,Ambassador",19,2026-02-13T22:10:55-08:00
6786,5,3,"Captain,Captain,Assassin,Duke",17,2026-02-13T22:10:55-08:00
6798,5,4,"Duke,Duke,Ambassador,Ambassador",19,2026-02-13T22:10:55-08:00
6796,5,0,"Duke,Duke,Assassin,Contessa",30,2026-02-13T22:10:55-08:00
6800,5,0,"Duke,Duke,Assassin,Contessa",30,2026-02-13T22:10:55-08:00
6801,5,0,"Duke,Duke,Assassin,Contessa",30,2026-02-13T22:10:55-08:00
6802,5,3,"Duke,Contessa,Contessa,Captain,Contessa",11,2026-02-13T22:10:55-08:00
6804,5,0,Ambassador,24,2026-02-13T22:10:55-08:00
6799,5,0,"Duke,Duke,Assassin,Contessa",30,2026-02-13T22:10:55-08:00
6785,5,2,"Duke,Ambassador,Captain",19,2026-02-13T22:10:55-08:00
6803,5,0,Duke,49,2026-02-13T22:10:55-08:00
6805,5,0,Ambassador,24,2026-02-13T22:10:55-08:00
6807,5,4,"Duke,Assassin,Captain,Captain",17,2026-02-13T22:10:55-08:00
6811,5,4,"Ambassador,Ambassador",28,2026-02-13T22:10:55-08:00
6808,5,2,"Assassin,Duke,Captain",27,2026-02-13T22:10:55-08:00
6810,5,2,"Duke,Contessa,Captain",14,2026-02-13T22:10:55-08:00
6812,5,2,"Duke,Contessa,Captain",14,2026-02-13T22:10:55-08:00
6809,5,3,"Contessa,Captain,Ambassador",19,2026-02-13T22:10:55-08:00
6806,5,4,"Duke,Assassin,Captain,Captain",17,2026-02-13T22:10:55-08:00
6762,5,3,Ambassador,24,2026-02-13T22:10:55-08:00
6813,5,2,"Assassin,Duke,Captain",27,2026-02-13T22:10:55-08:00
6815,5,0,"Ambassador,Assassin",25,2026-02-13T22:10:55-08:00
6816,5,2,"Ambassador,Captain",12,2026-02-13T22:10:55-08:00
6821,5,2,"Contessa,Contessa,Duke",21,2026-02-13T22:10:55-08:00
6823,5,0,"Captain,Contessa,Duke,Captain",17,2026-02-13T22:10:55-08:00
6824,5,1,"Duke,Captain",16,2026-02-13T22:10:55-08:00
6820,5,1,"Contessa,Assassin",32,2026-02-13T22:10:55-08:00
6819,5,0,"Ambassador,Assassin",25,2026-02-13T22:10:55-08:00
6825,5,3,"Ambassador,Captain,Assassin",13,2026-02-13T22:10:55-08:00
6827,5,3,"Captain,Contessa,Assassin",28,2026-02-13T22:10:55-08:00
6826,5,2,"Assassin,Contessa,Duke,Contessa",22,2026-02-13T22:10:55-08:00
6828,5,0,"Captain,Contessa,Duke,Captain",17,2026-02-13T22:10:55-08:00
6818,5,0,"Ambassador,Assassin",25,2026-02-13T22:10:55-08:00
6829,5,3,"Ambassador,Duke,Captain,Captain",18,2026-02-13T22:10:55-08:00
6817,5,2,"Contessa,Contessa,Duke",21,2026-02-13T22:10:55-08:00
6831,5,3,"Ambassador,Captain,Assassin",13,2026-02-13T22:10:55-08:00
6830,5,2,"Duke,Contessa,Captain",21,2026-02-13T22:10:55-08:00
6832,5,2,"Duke,Contessa,Captain",21,2026-02-13T22:10:55-08:00
6833,5,3,"Ambassador,Duke,Captain,Captain",18,2026-02-13T22:10:55-08:00
6834,5,0,"Captain,Assassin,Captain",10,2026-02-13T22:10:55-08:00
6837,5,0,"Captain,Assassin,Captain",10,2026-02-13T22:10:55-08:00
6835,5,4,"Duke,Assassin,Captain",40,2026-02-13T22:10:55-08:00
6836,5,4,Duke,21,2026-02-13T22:10:55-08:00
6839,5,4,"Captain,Assassin",14,2026-02-13T22:10:55-08:00
6838,5,4,"Duke,Assassin,Captain",40,2026-02-13T22:10:55-08:00
6840,5,0,"Contessa,Ambassador,Ambassador",60,2026-02-13T22:10:55-08:00
6842,5,0,"Contessa,Ambassador,Ambassador",60,2026-02-13T22:10:55-08:00
6843,5,4,"Contessa,Assassin,Ambassador",29,2026-02-13T22:10:55-08:00
6844,5,0,"Contessa,Ambassador,Ambassador",60,2026-02-13T22:10:55-08:00
6841,5,0,"Duke,Contessa",45,2026-02-13T22:10:55-08:00
6845,5,0,"Contessa,Ambassador,Ambassador",60,2026-02-13T22:10:55-08:00
6846,5,2,"Ambassador,Ambassador,Ambassador",32,2026-02-13T22:10:55-08:00
6847,5,4,"Ambassador,Captain,Captain",17,2026-02-13T22:10:55-08:00
6848,5,4,"Assassin,Captain,Ambassador",14,2026-02-13T22:10:55-08:00
6850,5,3,Captain,35,2026-02-13T22:10:55-08:00
6852,5,2,"Duke,Captain,Captain,Ambassador",15,2026-02-13T22:10:55-08:00
6851,5,2,"Ambassador,Ambassador,Ambassador",32,2026-02-13T22:10:55-08:00
6849,5,4,"Ambassador,Captain,Captain",17,2026-02-13T22:10:55-08:00
6855,5,2,"Duke,Captain,Captain,Ambassador",15,2026-02-13T22:10:55-08:00
6854,5,3,"Captain,Assassin,Contessa",30,2026-02-13T22:10:55-08:00
6857,5,2,"Duke,Captain,Captain,Ambassador",15,2026-02-13T22:10:55-08:00
6853,5,4,"Duke,Assassin,Ambassador,Contessa",14,2026-02-13T22:10:55-08:00
6856,5,1,"Duke,Captain",31,2026-02-13T22:10:55-08:00
6858,5,0,Contessa,34,2026-02-13T22:10:55-08:00
6859,5,1,"Duke,Captain",31,2026-02-13T22:10:55-08:00
6822,5,1,"Captain,Captain",41,2026-02-13T22:10:55-08:00
6814,5,2,"Assassin,Duke,Captain",27,2026-02-13T22:10:55-08:00
6860,5,0,Contessa,34,2026-02-13T22:10:55-08:00
6864,5,0,Assassin,27,2026-02-13T22:10:55-08:00
6861,5,1,"Duke,Captain",31,2026-02-13T22:10:55-08:00
6862,5,0,Assassin,27,2026-02-13T22:10:55-08:00
6865,5,3,"Assassin,Contessa,Assassin",38,2026-02-13T22:10:55-08:00
6867,5,0,Assassin,27,2026-02-13T22:10:55-08:00
6866,5,2,"Assassin,Ambassador,Captain",21,2026-02-13T22:10:55-08:00
6869,5,2,"Assassin,Ambassador,Captain",21,2026-02-13T22:10:55-08:00
6870,5,2,"Assassin,Ambassador,Captain",21,2026-02-13T22:10:55-08:00
6868,5,3,"Assassin,Contessa,Assassin",38,2026-02-13T22:10:55-08:00
6871,5,2,"Assassin,Duke,Captain,Duke",22,2026-02-13T22:10:55-08:00
6872,5,2,"Assassin,Duke,Captain,Duke",22,2026-02-13T22:10:55-08:00
6873,5,1,"Duke,Captain,Captain,Captain",25,2026-02-13T22:10:55-08:00
6874,5,2,"Contessa,Ambassador",34,2026-02-13T22:10:55-08:00
6875,5,4,"Duke,Contessa,Contessa",12,2026-02-13T22:10:55-08:00
6876,5,4,"Duke,Contessa,Contessa",12,2026-02-13T22:10:55-08:00
6877,5,4,"Duke,Contessa,Contessa",12,2026-02-13T22:10:55-08:00
6879,5,0,"Captain,Duke,Duke,Assassin",20,2026-02-13T22:10:55-08:00
6878,5,0,"Captain,Duke,Duke,Assassin",20,2026-02-13T22:10:55-08:00
6880,5,2,"Contessa,Ambassador",34,2026-02-13T22:10:55-08:00
6863,5,3,"Ambassador,Ambassador,Captain,Assassin",13,2026-02-13T22:10:55-08:00
6881,5,3,"Ambassador,Duke",25,2026-02-13T22:10:55-08:00
6886,5,4,"Contessa,Duke,Ambassador",32,2026-02-13T22:10:55-08:00
6885,5,2,Duke,42,2026-02-13T22:10:55-08:00
6883,5,1,"Contessa,Duke,Ambassador",17,2026-02-13T22:10:55-08:00
6887,5,3,"Ambassador,Duke",25,2026-02-13T22:10:55-08:00
6888,5,1,"Duke,Assassin,Duke,Captain,Captain",14,2026-02-13T22:10:55-08:00
6884,5,1,"Captain,Ambassador",39,2026-02-13T22:10:55-08:00
6889,5,1,"Duke,Assassin,Duke,Captain,Captain",14,2026-02-13T22:10:55-08:00
6890,5,1,"Duke,Assassin,Duke,Captain,Captain",14,2026-02-13T22:10:55-08:00
6891,5,1,"Duke,Assassin,Duke,Captain,Captain",14,2026-02-13T22:10:55-08:00
6892,5,1,"Duke,Assassin,Duke,Captain,Captain",14,2026-02-13T22:10:55-08:00
6893,5,1,"Assassin,Captain",16,2026-02-13T22:10:55-08:00
6895,5,1,"Assassin,Captain,Captain",16,2026-02-13T22:10:55-08:00
6896,5,2,"Duke,Captain,Captain,Captain",15,2026-02-13T22:10:55-08:00
6897,5,2,"Duke,Captain,Captain,Captain",15,2026-02-13T22:10:55-08:00
6894,5,0,Ambassador,86,2026-02-13T22:10:55-08:00
6898,5,2,"Duke,Captain,Captain,Captain",15,2026-02-13T22:10:55-08:00
6899,5,2,"Duke,Captain,Captain,Captain",15,2026-02-13T22:10:55-08:00
6900,5,4,"Captain,Captain,Ambassador",29,2026-02-13T22:10:55-08:00
6901,5,2,"Duke,Captain,Captain,Captain",15,2026-02-13T22:10:55-08:00
6902,5,0,"Duke,Ambassador,Ambassador",45,2026-02-13T22:10:55-08:00
6905,5,1,Contessa,30,2026-02-13T22:10:55-08:00
6906,5,1,Contessa,30,2026-02-13T22:10:55-08:00
6903,5,0,"Duke,Ambassador,Ambassador",45,2026-02-13T22:10:55-08:00
6907,5,0,"Captain,Captain,Assassin",31,2026-02-13T22:10:55-08:00
6908,5,1,Contessa,30,2026-02-13T22:10:55-08:00
6904,5,2,"Contessa,Contessa,Assassin",42,2026-02-13T22:10:55-08:00
6909,5,1,"Assassin,Captain,Duke",21,2026-02-13T22:10:55-08:00
6912,5,2,"Duke,Duke,Ambassador,Assassin,Duke",7,2026-02-13T22:10:55-08:00
6915,5,4,"Ambassador,Captain,Captain,Assassin",11,2026-02-13T22:10:55-08:00
6913,5,4,"Contessa,Assassin,Duke,Ambassador,Captain,Assassin",14,2026-02-13T22:10:55-08:00
6910,5,1,Contessa,36,2026-02-13T22:10:55-08:00
6911,5,1,Contessa,36,2026-02-13T22:10:55-08:00
6914,5,1,"Assassin,Captain,Duke",21,2026-02-13T22:10:55-08:00
6916,5,4,"Ambassador,Captain,Captain,Assassin",11,2026-02-13T22:10:55-08:00
6918,5,1,"Ambassador,Assassin",15,2026-02-13T22:10:55-08:00
6882,5,4,"Contessa,Ambassador",18,2026-02-13T22:10:55-08:00
6919,5,2,"Captain,Duke",17,2026-02-13T22:10:55-08:00
6917,5,4,"Ambassador,Captain,Captain,Assassin",11,2026-02-13T22:10:55-08:00
6920,5,4,Captain,19,2026-02-13T22:10:55-08:00
6922,5,4,"Duke,Captain,Duke",8,2026-02-13T22:10:55-08:00
6921,5,0,"Contessa,Assassin,Contessa",30,2026-02-13T22:10:55-08:00
6925,5,1,"Ambassador,Assassin",15,2026-02-13T22:10:55-08:00
6926,5,0,Contessa,20,2026-02-13T22:10:55-08:00
6924,5,3,Duke,68,2026-02-13T22:10:55-08:00
6927,5,0,Contessa,20,2026-02-13T22:10:55-08:00
6923,5,3,Duke,68,2026-02-13T22:10:55-08:00
6930,5,2,Captain,27,2026-02-13T22:10:55-08:00
6928,5,0,Contessa,51,2026-02-13T22:10:55-08:00
6929,5,0,Contessa,51,2026-02-13T22:10:55-08:00
6932,5,0,Assassin,50,2026-02-13T22:10:55-08:00
6933,5,4,"Contessa,Ambassador",40,2026-02-13T22:10:55-08:00
6931,5,0,"Duke,Ambassador,Assassin",45,2026-02-13T22:10:55-08:00
6936,5,2,"Ambassador,Duke,Captain,Assassin",9,2026-02-13T22:10:55-08:00
6935,5,0,Contessa,51,2026-02-13T22:10:55-08:00
6937,5,2,"Ambassador,Duke,Captain,Assassin",9,2026-02-13T22:10:55-08:00
6934,5,4,"Contessa,Ambassador",40,2026-02-13T22:10:55-08:00
6943,5,2,"Ambassador,Duke,Captain,Assassin",9,2026-02-13T22:10:55-08:00
6940,5,4,"Assassin,Captain,Assassin",23,2026-02-13T22:10:55-08:00
6944,5,2,"Duke,Ambassador,Ambassador,Duke,Captain",32,2026-02-13T22:10:55-08:00
6942,5,2,"Contessa,Contessa",58,2026-02-13T22:10:55-08:00
6945,5,3,"Duke,Assassin",60,2026-02-13T22:10:55-08:00
6938,5,2,"Assassin,Captain,Ambassador",62,2026-02-13T22:10:55-08:00
6939,5,1,"Duke,Assassin,Duke,Duke",57,2026-02-13T22:10:55-08:00
6947,5,4,"Ambassador,Contessa,Assassin",16,2026-02-13T22:10:55-08:00
6948,5,1,"Captain,Assassin,Contessa",31,2026-02-13T22:10:55-08:00
6949,5,3,"Duke,Captain",19,2026-02-13T22:10:55-08:00
6946,5,4,Assassin,64,2026-02-13T22:10:55-08:00
6951,5,4,"Assassin,Contessa,Assassin",14,2026-02-13T22:10:55-08:00
6950,5,2,"Captain,Contessa,Contessa",32,2026-02-13T22:10:55-08:00
6953,5,4,"Duke,Duke",17,2026-02-13T22:10:55-08:00
6952,5,1,"Captain,Assassin,Contessa",31,2026-02-13T22:10:55-08:00
6956,5,3,"Duke,Captain",19,2026-02-13T22:10:55-08:00
6955,5,4,"Duke,Duke,Duke",29,2026-02-13T22:10:55-08:00
6954,5,2,"Ambassador,Captain,Assassin",39,2026-02-13T22:10:55-08:00
6957,5,3,"Captain,Ambassador",19,2026-02-13T22:10:55-08:00
6958,5,4,"Captain,Ambassador",49,2026-02-13T22:10:55-08:00
6959,5,3,"Captain,Duke,Contessa,Duke",46,2026-02-13T22:10:55-08:00
6960,5,4,"Duke,Duke,Duke",29,2026-02-13T22:10:55-08:00
6961,5,4,"Captain,Ambassador",49,2026-02-13T22:10:55-08:00
6941,5,4,Assassin,64,2026-02-13T22:10:55-08:00
6964,5,4,"Duke,Captain,Ambassador",8,2026-02-13T22:10:55-08:00
6962,5,3,"Duke,Duke",26,2026-02-13T22:10:55-08:00
6966,5,4,"Duke,Captain,Ambassador",8,2026-02-13T22:10:55-08:00
6965,5,1,"Contessa,Ambassador",17,2026-02-13T22:10:55-08:00
6963,5,4,"Assassin,Contessa",37,2026-02-13T22:10:55-08:00
6967,5,1,"Duke,Duke,Ambassador",12,2026-02-13T22:10:55-08:00
6972,5,3,"Assassin,Captain",23,2026-02-13T22:10:55-08:00
6968,5,2,"Captain,Duke,Assassin",37,2026-02-13T22:10:55-08:00
6973,5,3,"Ambassador,Captain,Ambassador",20,2026-02-13T22:10:55-08:00
6969,5,2,"Captain,Duke,Assassin",37,2026-02-13T22:10:55-08:00
6970,5,3,Duke,24,2026-02-13T22:10:55-08:00
6971,5,2,"Captain,Duke,Assassin",37,2026-02-13T22:10:55-08:00
6974,5,0,"Contessa,Duke,Assassin",30,2026-02-13T22:10:55-08:00
6976,5,4,"Ambassador,Captain,Captain",12,2026-02-13T22:10:55-08:00
6975,5,4,"Ambassador,Captain,Captain",12,2026-02-13T22:10:55-08:00
6978,5,1,"Captain,Captain,Contessa",18,2026-02-13T22:10:55-08:00
6977,5,1,"Duke,Duke,Captain",36,2026-02-13T22:10:55-08:00
6979,5,3,"Assassin,Captain,Contessa,Captain,Captain",36,2026-02-13T22:10:55-08:00
6982,5,1,"Captain,Captain,Contessa",18,2026-02-13T22:10:55-08:00
6980,5,1,"Captain,Captain,Contessa",18,2026-02-13T22:10:55-08:00
6984,5,4,"Duke,Captain",17,2026-02-13T22:10:55-08:00
6983,5,1,"Ambassador,Contessa,Ambassador",22,2026-02-13T22:10:55-08:00
6985,5,2,"Assassin,Captain,Contessa",23,2026-02-13T22:10:55-08:00
6986,5,2,"Assassin,Captain,Contessa",23,2026-02-13T22:10:55-08:00
6987,5,4,"Ambassador,Duke,Captain",45,2026-02-13T22:10:55-08:00
6989,5,3,"Captain,Assassin,Duke,Captain",28,2026-02-13T22:10:55-08:00
6988,5,1,"Ambassador,Contessa,Ambassador",22,2026-02-13T22:10:55-08:00
6990,5,2,Captain,50,2026-02-13T22:10:55-08:00
6991,5,2,Captain,50,2026-02-13T22:10:55-08:00
6992,5,2,Captain,50,2026-02-13T22:10:55-08:00
6993,5,2,Captain,50,2026-02-13T22:10:55-08:00
6994,5,3,"Assassin,Duke,Assassin,Captain,Ambassador",23,2026-02-13T22:10:55-08:00
6995,5,1,Duke,23,2026-02-13T22:10:55-08:00
6998,5,3,"Duke,Contessa",24,2026-02-13T22:10:55-08:00
6996,5,2,Captain,50,2026-02-13T22:10:55-08:00
6997,5,3,"Duke,Contessa",24,2026-02-13T22:10:55-08:00
6999,5,3,"Duke,Contessa",24,2026-02-13T22:10:55-08:00
6981,5,1,"Captain,Captain,Contessa",18,2026-02-13T22:10:55-08:00
7002,5,2,"Ambassador,Duke,Ambassador,Duke,Ambassador",19,2026-02-13T22:10:55-08:00
7003,5,1,"Ambassador,Ambassador,Ambassador,Assassin",16,2026-02-13T22:10:55-08:00
7005,5,2,"Captain,Ambassador",14,2026-02-13T22:10:55-08:00
7007,5,1,"Ambassador,Ambassador,Ambassador,Assassin",16,2026-02-13T22:10:55-08:00
7006,5,4,"Captain,Assassin",38,2026-02-13T22:10:55-08:00
7001,5,1,"Ambassador,Ambassador,Ambassador,Assassin",16,2026-02-13T22:10:55-08:00
7010,5,4,"Ambassador,Ambassador,Ambassador,Ambassador",10,2026-02-13T22:10:55-08:00
7011,5,1,"Ambassador,Assassin",10,2026-02-13T22:10:55-08:00
7009,5,0,"Assassin,Captain",35,2026-02-13T22:10:55-08:00
7012,5,4,"Ambassador,Ambassador,Ambassador,Ambassador",10,2026-02-13T22:10:55-08:00
7013,5,0,"Assassin,Captain,Contessa,Captain",15,2026-02-13T22:10:55-08:00
7014,5,0,"Assassin,Captain,Contessa,Captain",15,2026-02-13T22:10:55-08:00
7015,5,4,"Ambassador,Ambassador,Ambassador,Ambassador",10,2026-02-13T22:10:55-08:00
7016,5,3,"Duke,Duke,Duke",34,2026-02-13T22:10:55-08:00
7017,5,3,"Duke,Duke,Duke",34,2026-02-13T22:10:55-08:00
7019,5,4,Contessa,34,2026-02-13T22:10:55-08:00
7020,5,3,"Duke,Duke,Duke",34,2026-02-13T22:10:55-08:00
7021,5,3,Captain,33,2026-02-13T22:10:55-08:00
7022,5,3,Captain,33,2026-02-13T22:10:55-08:00
7023,5,0,"Duke,Ambassador",35,2026-02-13T22:10:55-08:00
7024,5,4,Contessa,34,2026-02-13T22:10:55-08:00
7000,5,3,"Duke,Contessa",24,2026-02-13T22:10:55-08:00
7025,5,1,"Duke,Assassin,Assassin",19,2026-02-13T22:10:55-08:00
7004,5,2,"Ambassador,Duke,Ambassador,Duke,Ambassador",19,2026-02-13T22:10:55-08:00
7029,5,1,"Ambassador,Duke,Ambassador",31,2026-02-13T22:10:55-08:00
7030,5,0,Assassin,49,2026-02-13T22:10:55-08:00
7031,5,1,Ambassador,56,2026-02-13T22:10:55-08:00
7008,5,4,"Captain,Assassin",38,2026-02-13T22:10:55-08:00
7027,5,1,Contessa,33,2026-02-13T22:10:55-08:00
7032,5,0,Assassin,49,2026-02-13T22:10:55-08:00
7033,5,1,"Contessa,Duke,Contessa,Captain",51,2026-02-13T22:10:55-08:00
7035,5,2,Captain,31,2026-02-13T22:10:55-08:00
7036,5,0,"Captain,Assassin,Ambassador,Captain,Captain",14,2026-02-13T22:10:55-08:00
7034,5,4,"Duke,Contessa,Ambassador",48,2026-02-13T22:10:55-08:00
7038,5,3,Duke,12,2026-02-13T22:10:55-08:00
7037,5,1,"Captain,Captain,Duke,Captain,Duke",6,2026-02-13T22:10:55-08:00
7039,5,1,"Duke,Assassin",28,2026-02-13T22:10:55-08:00
7040,5,2,"Assassin,Contessa",14,2026-02-13T22:10:55-08:00
7041,5,1,"Duke,Assassin",28,2026-02-13T22:10:55-08:00
7043,5,2,"Assassin,Contessa",14,2026-02-13T22:10:55-08:00
7042,5,2,Contessa,20,2026-02-13T22:10:55-08:00
7044,5,2,"Assassin,Contessa",14,2026-02-13T22:10:55-08:00
7048,5,2,"Duke,Contessa",9,2026-02-13T22:10:55-08:00
7046,5,2,"Assassin,Contessa",14,2026-02-13T22:10:55-08:00
7028,5,0,"Duke,Ambassador",35,2026-02-13T22:10:55-08:00
7045,5,2,"Assassin,Contessa",45,2026-02-13T22:10:55-08:00
7049,5,2,"Assassin,Contessa",45,2026-02-13T22:10:55-08:00
7051,5,2,"Assassin,Contessa",45,2026-02-13T22:10:55-08:00
7050,5,0,"Captain,Ambassador,Captain",34,2026-02-13T22:10:55-08:00
7052,5,2,"Duke,Contessa",9,2026-02-13T22:10:55-08:00
7053,5,0,Assassin,30,2026-02-13T22:10:55-08:00
7056,5,4,"Captain,Captain,Contessa,Captain",33,2026-02-13T22:10:55-08:00
7054,5,4,"Captain,Contessa,Ambassador",19,2026-02-13T22:10:55-08:00
7055,5,0,"Captain,Ambassador,Captain",34,2026-02-13T22:10:55-08:00
7057,5,1,"Assassin,Assassin,Captain",21,2026-02-13T22:10:55-08:00
7060,5,1,"Ambassador,Duke,Duke,Ambassador",14,2026-02-13T22:10:55-08:00
7018,5,4,Contessa,34,2026-02-13T22:10:55-08:00
7059,5,0,"Duke,Captain",48,2026-02-13T22:10:55-08:00
7062,5,3,"Assassin,Assassin",20,2026-02-13T22:10:55-08:00
7061,5,4,"Captain,Captain,Contessa,Captain",33,2026-02-13T22:10:55-08:00
7063,5,0,"Assassin,Ambassador,Captain,Assassin",10,2026-02-13T22:10:55-08:00
7064,5,1,"Duke,Ambassador,Ambassador",15,2026-02-13T22:10:55-08:00
7065,5,4,"Captain,Ambassador,Duke,Captain",16,2026-02-13T22:10:55-08:00
7047,5,2,"Assassin,Duke",19,2026-02-13T22:10:55-08:00
7067,5,3,Ambassador,20,2026-02-13T22:10:55-08:00
7066,5,2,"Duke,Assassin",33,2026-02-13T22:10:55-08:00
7068,5,1,"Duke,Contessa,Contessa",16,2026-02-13T22:10:55-08:00
7069,5,2,"Contessa,Ambassador,Captain",10,2026-02-13T22:10:55-08:00
7073,5,3,"Duke,Captain,Ambassador",19,2026-02-13T22:10:55-08:00
7070,5,0,"Ambassador,Assassin,Captain",60,2026-02-13T22:10:55-08:00
7071,5,0,"Ambassador,Assassin,Captain",60,2026-02-13T22:10:55-08:00
7072,5,0,"Ambassador,Assassin,Captain",60,2026-02-13T22:10:55-08:00
7075,5,4,Contessa,27,2026-02-13T22:10:55-08:00
7074,5,0,"Ambassador,Ambassador",70,2026-02-13T22:10:55-08:00
7077,5,0,"Ambassador,Ambassador",70,2026-02-13T22:10:55-08:00
7078,5,0,"Ambassador,Ambassador",70,2026-02-13T22:10:55-08:00
7076,5,0,"Ambassador,Ambassador",70,2026-02-13T22:10:55-08:00
7079,5,4,"Ambassador,Captain,Assassin,Captain",19,2026-02-13T22:10:55-08:00
7080,5,1,"Assassin,Ambassador,Captain,Duke",12,2026-02-13T22:10:55-08:00
7081,5,3,"Ambassador,Captain,Captain,Duke",18,2026-02-13T22:10:55-08:00
7082,5,3,"Ambassador,Captain,Captain,Duke",18,2026-02-13T22:10:55-08:00
7026,5,1,"Duke,Assassin,Assassin",19,2026-02-13T22:10:55-08:00
7058,5,0,"Duke,Captain",48,2026-02-13T22:10:55-08:00
7088,5,0,"Assassin,Assassin",14,2026-02-13T22:10:55-08:00
7087,5,0,"Assassin,Assassin",14,2026-02-13T22:10:55-08:00
7086,5,1,Duke,59,2026-02-13T22:10:55-08:00
7089,5,0,"Duke,Captain",31,2026-02-13T22:10:55-08:00
7090,5,4,"Duke,Contessa,Ambassador,Assassin",16,2026-02-13T22:10:55-08:00
7091,5,1,"Duke,Duke,Ambassador,Ambassador,Captain",21,2026-02-13T22:10:55-08:00
7092,5,3,Assassin,20,2026-02-13T22:10:55-08:00
7093,5,0,Duke,35,2026-02-13T22:10:55-08:00
7096,5,2,"Duke,Duke",22,2026-02-13T22:10:55-08:00
7095,5,1,"Contessa,Assassin,Ambassador",31,2026-02-13T22:10:55-08:00
7099,5,4,"Captain,Ambassador,Captain,Captain",9,2026-02-13T22:10:55-08:00
7084,5,3,"Assassin,Assassin,Contessa",18,2026-02-13T22:10:55-08:00
7097,5,0,"Assassin,Duke,Assassin",21,2026-02-13T22:10:55-08:00
7100,5,4,Contessa,23,2026-02-13T22:10:55-08:00
7101,5,4,"Duke,Duke,Captain",34,2026-02-13T22:10:55-08:00
7098,5,0,"Ambassador,Ambassador,Ambassador,Ambassador",16,2026-02-13T22:10:55-08:00
7102,5,4,"Duke,Duke,Captain",34,2026-02-13T22:10:55-08:00
7103,5,3,"Assassin,Ambassador",23,2026-02-13T22:10:55-08:00
7104,5,2,"Captain,Captain",22,2026-02-13T22:10:55-08:00
7105,5,4,Contessa,23,2026-02-13T22:10:55-08:00
7094,5,0,Duke,35,2026-02-13T22:10:55-08:00
7108,5,2,"Captain,Captain",22,2026-02-13T22:10:55-08:00
7107,5,3,"Captain,Duke",38,2026-02-13T22:10:55-08:00
7106,5,0,Assassin,40,2026-02-13T22:10:55-08:00
7109,5,2,"Duke,Assassin,Contessa,Ambassador",18,2026-02-13T22:10:55-08:00
7111,5,2,"Duke,Assassin,Contessa,Ambassador",18,2026-02-13T22:10:55-08:00
7110,5,0,Assassin,40,2026-02-13T22:10:55-08:00
7114,5,1,"Captain,Captain,Captain,Assassin,Duke",11,2026-02-13T22:10:55-08:00
7113,5,3,"Contessa,Captain",33,2026-02-13T22:10:55-08:00
7115,5,3,"Duke,Ambassador",28,2026-02-13T22:10:55-08:00
7112,5,4,"Captain,Captain",29,2026-02-13T22:10:55-08:00
7118,5,2,"Duke,Assassin,Duke,Captain",8,2026-02-13T22:10:55-08:00
7116,5,3,"Assassin,Ambassador,Contessa,Duke",31,2026-02-13T22:10:55-08:00
7117,5,4,"Assassin,Ambassador",19,2026-02-13T22:10:55-08:00
7119,5,1,"Captain,Captain,Captain,Assassin,Duke",11,2026-02-13T22:10:55-08:00
7121,5,2,"Duke,Assassin,Duke,Captain",8,2026-02-13T22:10:55-08:00
7083,5,4,"Ambassador,Captain,Assassin,Captain",19,2026-02-13T22:10:55-08:00
7120,5,1,"Duke,Ambassador,Duke,Contessa",22,2026-02-13T22:10:55-08:00
7122,5,2,"Duke,Assassin,Duke,Captain",8,2026-02-13T22:10:55-08:00
7123,5,2,"Duke,Assassin,Duke,Captain",8,2026-02-13T22:10:55-08:00
7124,5,4,Assassin,27,2026-02-13T22:10:55-08:00
7126,5,4,Assassin,27,2026-02-13T22:10:55-08:00
7125,5,0,"Assassin,Duke,Contessa",25,2026-02-13T22:10:55-08:00
7127,5,0,Ambassador,20,2026-02-13T22:10:55-08:00
7129,5,4,Assassin,27,2026-02-13T22:10:55-08:00
7128,5,4,Assassin,27,2026-02-13T22:10:55-08:00
7130,5,2,"Assassin,Duke,Duke,Contessa",12,2026-02-13T22:10:55-08:00
7131,5,1,"Captain,Duke",21,2026-02-13T22:10:55-08:00
7132,5,1,"Captain,Duke",21,2026-02-13T22:10:55-08:00
7133,5,2,"Contessa,Contessa,Contessa",19,2026-02-13T22:10:55-08:00
7135,5,2,"Assassin,Duke,Duke,Contessa",12,2026-02-13T22:10:55-08:00
7134,5,3,"Ambassador,Ambassador,Duke",18,2026-02-13T22:10:55-08:00
7137,5,0,"Duke,Contessa,Ambassador",20,2026-02-13T22:10:55-08:00
7138,5,4,"Contessa,Duke,Duke",19,2026-02-13T22:10:55-08:00
7139,5,4,"Contessa,Duke,Duke",19,2026-02-13T22:10:55-08:00
7136,5,4,"Assassin,Contessa",31,2026-02-13T22:10:55-08:00
7140,5,3,"Ambassador,Assassin,Duke,Duke",24,2026-02-13T22:10:55-08:00
7141,5,4,"Contessa,Duke,Duke",19,2026-02-13T22:10:55-08:00
7085,5,1,"Duke,Duke,Ambassador,Ambassador,Captain",21,2026-02-13T22:10:55-08:00
7144,5,3,"Ambassador,Assassin,Duke,Duke",24,2026-02-13T22:10:55-08:00
7142,5,3,"Duke,Contessa",22,2026-02-13T22:10:55-08:00
7145,5,3,"Duke,Contessa",22,2026-02-13T22:10:55-08:00
7146,5,0,"Assassin,Captain",26,2026-02-13T22:10:55-08:00
7143,5,3,Duke,28,2026-02-13T22:10:55-08:00
7147,5,1,"Ambassador,Contessa",22,2026-02-13T22:10:55-08:00
7148,5,0,"Assassin,Captain",26,2026-02-13T22:10:55-08:00
7152,5,3,"Duke,Captain,Captain",7,2026-02-13T22:10:55-08:00
7149,5,1,"Ambassador,Contessa",22,2026-02-13T22:10:55-08:00
7150,5,0,"Assassin,Captain",26,2026-02-13T22:10:55-08:00
7151,5,1,"Ambassador,Contessa",22,2026-02-13T22:10:55-08:00
7153,5,3,"Duke,Captain,Captain",7,2026-02-13T22:10:55-08:00
7155,5,0,"Ambassador,Captain",17,2026-02-13T22:10:55-08:00
7154,5,4,"Duke,Assassin",34,2026-02-13T22:10:55-08:00
7157,5,3,"Duke,Captain,Captain",7,2026-02-13T22:10:55-08:00
7156,5,2,Assassin,29,2026-02-13T22:10:55-08:00
7158,5,3,"Assassin,Contessa,Captain,Assassin,Contessa,Captain",23,2026-02-13T22:10:55-08:00
7165,5,3,"Captain,Captain,Assassin",12,2026-02-13T22:10:55-08:00
7160,5,2,"Captain,Captain,Captain",12,2026-02-13T22:10:55-08:00
7159,5,3,"Duke,Captain,Captain",7,2026-02-13T22:10:55-08:00
7164,5,2,"Captain,Captain,Captain",12,2026-02-13T22:10:55-08:00
7163,5,1,"Captain,Ambassador,Duke,Ambassador,Captain",16,2026-02-13T22:10:55-08:00
7166,5,4,"Duke,Ambassador,Captain,Captain",12,2026-02-13T22:10:55-08:00
7167,5,1,"Duke,Captain,Assassin",8,2026-02-13T22:10:55-08:00
7168,5,1,"Duke,Captain,Assassin",8,2026-02-13T22:10:55-08:00
7169,5,4,"Duke,Ambassador,Captain,Captain",12,2026-02-13T22:10:55-08:00
7170,5,3,"Captain,Captain,Assassin",12,2026-02-13T22:10:55-08:00
7172,5,4,"Duke,Captain,Assassin,Ambassador",34,2026-02-13T22:10:55-08:00
7173,5,2,"Duke,Duke,Contessa",22,2026-02-13T22:10:55-08:00
7171,5,4,"Duke,Captain,Assassin,Ambassador",34,2026-02-13T22:10:55-08:00
7174,5,2,"Duke,Duke,Contessa",22,2026-02-13T22:10:55-08:00
7176,5,2,"Assassin,Captain,Ambassador",13,2026-02-13T22:10:55-08:00
7178,5,1,"Ambassador,Ambassador,Ambassador",24,2026-02-13T22:10:55-08:00
7177,5,2,"Duke,Duke,Contessa",22,2026-02-13T22:10:55-08:00
7179,5,3,"Ambassador,Assassin,Ambassador,Assassin,Contessa",27,2026-02-13T22:10:55-08:00
7181,5,3,"Ambassador,Assassin,Ambassador,Assassin,Contessa",27,2026-02-13T22:10:55-08:00
7182,5,2,"Duke,Duke,Duke,Ambassador",30,2026-02-13T22:10:55-08:00
7180,5,3,"Assassin,Captain,Assassin",53,2026-02-13T22:10:55-08:00
7161,5,2,"Assassin,Duke",12,2026-02-13T22:10:55-08:00
7162,5,1,"Captain,Ambassador,Duke,Ambassador,Captain",16,2026-02-13T22:10:55-08:00
7184,5,1,"Captain,Ambassador,Duke",11,2026-02-13T22:10:55-08:00
7183,5,3,"Assassin,Captain,Assassin",53,2026-02-13T22:10:55-08:00
7185,5,4,"Duke,Captain,Captain",33,2026-02-13T22:10:55-08:00
7186,5,1,"Duke,Assassin,Contessa",32,2026-02-13T22:10:55-08:00
7188,5,2,"Duke,Duke,Duke,Ambassador",30,2026-02-13T22:10:55-08:00
7187,5,1,"Duke,Assassin,Contessa",32,2026-02-13T22:10:55-08:00
7190,5,3,"Captain,Assassin,Duke",32,2026-02-13T22:10:55-08:00
7189,5,3,"Captain,Assassin,Duke",32,2026-02-13T22:10:55-08:00
7191,5,3,"Captain,Assassin,Duke",32,2026-02-13T22:10:55-08:00
7192,5,3,"Captain,Assassin,Duke",32,2026-02-13T22:10:55-08:00
7194,5,4,"Ambassador,Ambassador,Duke,Ambassador",26,2026-02-13T22:10:55-08:00
7193,5,2,Contessa,34,2026-02-13T22:10:55-08:00
7196,5,2,Contessa,34,2026-02-13T22:10:55-08:00
7195,5,4,"Ambassador,Captain,Captain",48,2026-02-13T22:10:55-08:00
7197,5,2,Assassin,54,2026-02-13T22:10:55-08:00
7198,5,4,"Ambassador,Captain,Captain",48,2026-02-13T22:10:55-08:00
7175,5,4,"Duke,Captain,Assassin,Ambassador",34,2026-02-13T22:10:55-08:00
7201,5,1,"Duke,Captain,Ambassador,Captain,Contessa",10,2026-02-13T22:10:55-08:00
7202,5,1,Ambassador,9,2026-02-13T22:10:55-08:00
7203,5,1,Ambassador,9,2026-02-13T22:10:55-08:00
7204,5,1,Ambassador,9,2026-02-13T22:10:55-08:00
7200,5,4,"Ambassador,Captain,Captain",48,2026-02-13T22:10:55-08:00
7205,5,1,"Duke,Duke,Captain",32,2026-02-13T22:10:55-08:00
7206,5,3,"Duke,Duke,Assassin",22,2026-02-13T22:10:55-08:00
7207,5,2,"Captain,Duke,Contessa,Duke",17,2026-02-13T22:10:55-08:00
7209,5,4,"Duke,Duke,Ambassador,Duke",19,2026-02-13T22:10:55-08:00
7208,5,4,"Duke,Duke,Ambassador,Duke",19,2026-02-13T22:10:55-08:00
7211,5,1,"Ambassador,Captain,Captain,Ambassador",20,2026-02-13T22:10:55-08:00
7210,5,4,"Duke,Duke,Ambassador,Duke",19,2026-02-13T22:10:55-08:00
7213,5,4,"Duke,Assassin,Ambassador",12,2026-02-13T22:10:55-08:00
7212,5,4,"Duke,Duke,Ambassador,Duke",19,2026-02-13T22:10:55-08:00
7214,5,3,"Duke,Assassin,Captain,Ambassador",23,2026-02-13T22:10:55-08:00
7215,5,2,"Ambassador,Assassin",37,2026-02-13T22:10:55-08:00
7216,5,0,"Captain,Assassin",43,2026-02-13T22:10:55-08:00
7217,5,3,"Duke,Assassin,Captain,Ambassador",23,2026-02-13T22:10:55-08:00
7199,5,4,"Ambassador,Captain,Captain",48,2026-02-13T22:10:55-08:00
7222,5,4,"Captain,Duke,Duke,Duke",11,2026-02-13T22:10:55-08:00
7220,5,2,"Ambassador,Ambassador",45,2026-02-13T22:10:55-08:00
7221,5,2,"Ambassador,Ambassador",45,2026-02-13T22:10:55-08:00
7223,5,3,"Captain,Duke,Contessa",30,2026-02-13T22:10:55-08:00
7224,5,1,"Duke,Assassin,Contessa,Ambassador",20,2026-02-13T22:10:55-08:00
7225,5,0,"Ambassador,Captain,Contessa,Captain,Duke",15,2026-02-13T22:10:55-08:00
7218,5,0,"Captain,Assassin",43,2026-02-13T22:10:55-08:00
7226,5,0,"Duke,Ambassador",22,2026-02-13T22:10:55-08:00
7228,5,2,"Duke,Duke,Duke,Contessa,Ambassador",27,2026-02-13T22:10:55-08:00
7230,5,2,"Duke,Duke,Duke,Contessa,Ambassador",27,2026-02-13T22:10:55-08:00
7227,5,2,"Duke,Duke,Duke,Contessa,Ambassador",27,2026-02-13T22:10:55-08:00
7229,5,1,"Captain,Duke,Ambassador,Duke,Duke,Ambassador",16,2026-02-13T22:10:55-08:00
7231,5,4,"Assassin,Duke,Captain,Duke",29,2026-02-13T22:10:55-08:00
7232,5,2,"Duke,Assassin,Ambassador",32,2026-02-13T22:10:55-08:00
7233,5,2,Assassin,32,2026-02-13T22:10:55-08:00
7236,5,4,"Captain,Duke,Captain,Captain",13,2026-02-13T22:10:55-08:00
7235,5,1,"Captain,Duke,Ambassador,Duke,Duke,Ambassador",16,2026-02-13T22:10:55-08:00
7237,5,4,"Captain,Ambassador,Duke,Duke",14,2026-02-13T22:10:55-08:00
7234,5,2,"Duke,Assassin,Ambassador",32,2026-02-13T22:10:55-08:00
7219,5,2,"Assassin,Captain,Captain,Duke,Ambassador",12,2026-02-13T22:10:55-08:00
7238,5,4,"Captain,Duke,Captain,Captain",13,2026-02-13T22:10:55-08:00
7240,5,4,"Captain,Ambassador,Duke,Duke",14,2026-02-13T22:10:55-08:00
7239,5,0,"Duke,Contessa",22,2026-02-13T22:10:55-08:00
7241,5,2,Duke,19,2026-02-13T22:10:55-08:00
7244,5,3,"Ambassador,Duke",29,2026-02-13T22:10:55-08:00
7245,5,0,"Duke,Contessa",22,2026-02-13T22:10:55-08:00
7247,5,4,"Duke,Duke",22,2026-02-13T22:10:55-08:00
7248,5,2,"Captain,Captain",12,2026-02-13T22:10:55-08:00
7243,5,1,"Assassin,Contessa,Captain",61,2026-02-13T22:10:55-08:00
7246,5,1,"Assassin,Contessa,Captain",61,2026-02-13T22:10:55-08:00
7249,5,4,Assassin,19,2026-02-13T22:10:55-08:00
7250,5,1,"Ambassador,Ambassador,Ambassador",21,2026-02-13T22:10:55-08:00
7252,5,0,"Ambassador,Ambassador,Ambassador,Ambassador,Duke",12,2026-02-13T22:10:55-08:00
7251,5,4,"Duke,Duke",22,2026-02-13T22:10:55-08:00
7255,5,4,"Duke,Assassin,Captain,Contessa",34,2026-02-13T22:10:55-08:00
7256,5,4,"Duke,Assassin,Captain,Contessa",34,2026-02-13T22:10:55-08:00
7253,5,1,"Ambassador,Ambassador,Contessa,Captain",46,2026-02-13T22:10:55-08:00
7254,5,1,"Ambassador,Ambassador,Contessa,Captain",46,2026-02-13T22:10:55-08:00
7258,5,4,Contessa,21,2026-02-13T22:10:55-08:00
7257,5,4,"Duke,Ambassador",25,2026-02-13T22:10:55-08:00
7262,5,2,"Captain,Contessa,Assassin",7,2026-02-13T22:10:55-08:00
7263,5,2,"Captain,Contessa,Assassin",7,2026-02-13T22:10:55-08:00
7260,5,4,Contessa,21,2026-02-13T22:10:55-08:00
7261,5,4,Contessa,21,2026-02-13T22:10:55-08:00
7259,5,1,"Ambassador,Ambassador,Contessa,Captain",46,2026-02-13T22:10:55-08:00
7268,5,1,"Duke,Ambassador",13,2026-02-13T22:10:55-08:00
7269,5,1,"Duke,Ambassador",13,2026-02-13T22:10:55-08:00
7264,5,4,Assassin,30,2026-02-13T22:10:55-08:00
7266,5,3,Duke,20,2026-02-13T22:10:55-08:00
7270,5,1,"Duke,Ambassador",13,2026-02-13T22:10:55-08:00
7267,5,3,Duke,20,2026-02-13T22:10:55-08:00
7265,5,4,"Assassin,Duke,Captain,Duke",34,2026-02-13T22:10:55-08:00
7273,5,3,"Ambassador,Captain,Assassin",21,2026-02-13T22:10:55-08:00
7276,5,2,"Duke,Ambassador,Duke,Captain,Duke",17,2026-02-13T22:10:55-08:00
7271,5,4,"Ambassador,Assassin,Captain",34,2026-02-13T22:10:55-08:00
7274,5,1,Assassin,26,2026-02-13T22:10:55-08:00
7277,5,2,"Duke,Ambassador,Duke,Captain,Duke",17,2026-02-13T22:10:55-08:00
7272,5,4,"Ambassador,Assassin,Captain",34,2026-02-13T22:10:55-08:00
7275,5,2,"Duke,Ambassador",22,2026-02-13T22:10:55-08:00
7278,5,2,"Duke,Ambassador,Duke,Captain,Duke",17,2026-02-13T22:10:55-08:00
7279,5,4,"Captain,Duke,Assassin,Duke",21,2026-02-13T22:10:55-08:00
7242,5,4,"Duke,Assassin,Captain,Duke",15,2026-02-13T22:10:55-08:00
7282,5,2,"Duke,Contessa",11,2026-02-13T22:10:55-08:00
7284,5,4,"Captain,Duke,Assassin,Duke",21,2026-02-13T22:10:55-08:00
7280,5,0,"Duke,Contessa,Assassin,Contessa",35,2026-02-13T22:10:55-08:00
7281,5,4,"Captain,Captain,Assassin",15,2026-02-13T22:10:55-08:00
7285,5,0,Assassin,20,2026-02-13T22:10:55-08:00
7286,5,4,"Assassin,Assassin",19,2026-02-13T22:10:55-08:00
7287,5,0,"Duke,Duke,Duke,Contessa",20,2026-02-13T22:10:55-08:00
7288,5,0,"Ambassador,Assassin",35,2026-02-13T22:10:55-08:00
7290,5,0,"Ambassador,Assassin",35,2026-02-13T22:10:55-08:00
7289,5,1,Duke,42,2026-02-13T22:10:55-08:00
7291,5,4,"Assassin,Ambassador,Assassin,Contessa,Captain,Captain",44,2026-02-13T22:10:55-08:00
7293,5,4,"Duke,Assassin,Duke,Captain",14,2026-02-13T22:10:55-08:00
7292,5,4,"Duke,Ambassador,Assassin,Duke",32,2026-02-13T22:10:55-08:00
7294,5,1,"Ambassador,Assassin",9,2026-02-13T22:10:55-08:00
7295,5,2,"Assassin,Captain,Captain",27,2026-02-13T22:10:55-08:00
7301,5,1,"Assassin,Ambassador",18,2026-02-13T22:10:55-08:00
7299,5,3,Duke,39,2026-02-13T22:10:55-08:00
7283,5,4,"Captain,Duke,Assassin,Duke",21,2026-02-13T22:10:55-08:00
7298,5,3,Duke,39,2026-02-13T22:10:55-08:00
7302,5,1,"Assassin,Contessa",29,2026-02-13T22:10:55-08:00
7303,5,0,Duke,15,2026-02-13T22:10:55-08:00
7305,5,1,"Assassin,Contessa",29,2026-02-13T22:10:55-08:00
7296,5,4,"Duke,Assassin,Duke,Captain",14,2026-02-13T22:10:55-08:00
7304,5,4,Duke,39,2026-02-13T22:10:55-08:00
7307,5,3,"Contessa,Captain,Captain,Ambassador",16,2026-02-13T22:10:55-08:00
7306,5,1,"Ambassador,Captain,Duke",16,2026-02-13T22:10:55-08:00
7310,5,1,"Ambassador,Captain,Duke",16,2026-02-13T22:10:55-08:00
7309,5,0,Duke,15,2026-02-13T22:10:55-08:00
7313,5,2,"Assassin,Captain,Ambassador",14,2026-02-13T22:10:55-08:00
7311,5,4,"Ambassador,Captain,Captain,Captain",28,2026-02-13T22:10:55-08:00
7314,5,4,"Ambassador,Captain,Captain,Captain",28,2026-02-13T22:10:55-08:00
7300,5,2,"Contessa,Contessa",19,2026-02-13T22:10:55-08:00
7315,5,4,"Ambassador,Captain,Captain,Captain",28,2026-02-13T22:10:55-08:00
7317,5,3,Captain,23,2026-02-13T22:10:55-08:00
7316,5,3,Captain,23,2026-02-13T22:10:55-08:00
7297,5,4,"Assassin,Ambassador,Assassin,Contessa,Captain,Captain",44,2026-02-13T22:10:55-08:00
7312,5,4,"Ambassador,Captain,Captain,Captain",28,2026-02-13T22:10:55-08:00
7318,5,1,"Ambassador,Ambassador,Captain,Contessa,Assassin,Captain",31,2026-02-13T22:10:55-08:00
7319,5,3,Captain,23,2026-02-13T22:10:55-08:00
7325,5,1,Duke,28,2026-02-13T22:10:55-08:00
7324,5,3,Ambassador,24,2026-02-13T22:10:55-08:00
7322,5,3,Ambassador,24,2026-02-13T22:10:55-08:00
7321,5,3,"Ambassador,Duke,Captain",52,2026-02-13T22:10:55-08:00
7326,5,0,"Assassin,Captain,Captain,Captain",25,2026-02-13T22:10:55-08:00
7328,5,1,Contessa,41,2026-02-13T22:10:55-08:00
7308,5,3,"Duke,Assassin,Duke",12,2026-02-13T22:10:55-08:00
7330,5,4,"Ambassador,Duke,Captain,Contessa",29,2026-02-13T22:10:55-08:00
7327,5,0,"Assassin,Captain,Captain,Captain",25,2026-02-13T22:10:55-08:00
7331,5,3,"Duke,Ambassador",23,2026-02-13T22:10:55-08:00
7333,5,2,Contessa,18,2026-02-13T22:10:55-08:00
7332,5,0,"Assassin,Captain",32,2026-02-13T22:10:55-08:00
7334,5,1,"Ambassador,Ambassador,Duke",21,2026-02-13T22:10:55-08:00
7335,5,1,"Duke,Contessa,Duke",16,2026-02-13T22:10:55-08:00
7336,5,1,"Ambassador,Ambassador,Duke",21,2026-02-13T22:10:55-08:00
7337,5,2,"Duke,Ambassador",19,2026-02-13T22:10:55-08:00
7338,5,4,"Assassin,Assassin,Ambassador",10,2026-02-13T22:10:55-08:00
7340,5,4,"Assassin,Assassin,Ambassador",10,2026-02-13T22:10:55-08:00
7339,5,2,"Duke,Ambassador",19,2026-02-13T22:10:55-08:00
7341,5,2,"Duke,Ambassador",19,2026-02-13T22:10:55-08:00
7320,5,0,"Captain,Captain,Captain",20,2026-02-13T22:10:55-08:00
7323,5,3,"Duke,Captain,Ambassador",35,2026-02-13T22:10:55-08:00
7343,5,3,"Duke,Captain,Captain",12,2026-02-13T22:10:55-08:00
7344,5,4,"Duke,Assassin,Contessa,Ambassador",9,2026-02-13T22:10:55-08:00
7342,5,2,Duke,57,2026-02-13T22:10:55-08:00
7346,5,3,"Duke,Duke,Captain,Ambassador",18,2026-02-13T22:10:55-08:00
7345,5,3,"Duke,Duke,Captain,Ambassador",18,2026-02-13T22:10:55-08:00
7349,5,0,"Contessa,Assassin",11,2026-02-13T22:10:55-08:00
7348,5,2,"Duke,Captain,Captain,Ambassador,Captain",20,2026-02-13T22:10:55-08:00
7350,5,4,Ambassador,20,2026-02-13T22:10:55-08:00
7351,5,0,"Duke,Duke,Captain,Ambassador",40,2026-02-13T22:10:55-08:00
7353,5,0,"Contessa,Assassin",11,2026-02-13T22:10:55-08:00
7347,5,0,"Duke,Duke,Captain,Ambassador",40,2026-02-13T22:10:55-08:00
7354,5,1,"Duke,Ambassador,Assassin,Contessa",26,2026-02-13T22:10:55-08:00
7355,5,0,"Contessa,Assassin",11,2026-02-13T22:10:55-08:00
7352,5,3,"Ambassador,Assassin",14,2026-02-13T22:10:55-08:00
7357,5,3,"Assassin,Ambassador,Duke,Captain,Duke",28,2026-02-13T22:10:55-08:00
7356,5,3,"Ambassador,Assassin",14,2026-02-13T22:10:55-08:00
7358,5,4,"Ambassador,Captain,Ambassador",9,2026-02-13T22:10:55-08:00
7359,5,4,Duke,12,2026-02-13T22:10:55-08:00
7365,5,3,"Assassin,Assassin",33,2026-02-13T22:10:55-08:00
7362,5,0,Assassin,38,2026-02-13T22:10:55-08:00
7363,5,3,"Assassin,Assassin",33,2026-02-13T22:10:55-08:00
7360,5,0,"Duke,Duke,Captain,Captain,Contessa",25,2026-02-13T22:10:55-08:00
7364,5,0,Assassin,38,2026-02-13T22:10:55-08:00
7368,5,4,"Contessa,Contessa,Duke",20,2026-02-13T22:10:55-08:00
7369,5,2,"Duke,Contessa,Captain,Ambassador,Captain",12,2026-02-13T22:10:55-08:00
7366,5,0,"Duke,Duke,Captain,Captain,Contessa",25,2026-02-13T22:10:55-08:00
7367,5,3,"Ambassador,Contessa,Ambassador",22,2026-02-13T22:10:55-08:00
7370,5,1,"Captain,Contessa,Assassin,Ambassador",11,2026-02-13T22:10:55-08:00
7371,5,3,"Duke,Ambassador",9,2026-02-13T22:10:55-08:00
7373,5,3,"Duke,Ambassador",9,2026-02-13T22:10:55-08:00
7372,5,1,"Assassin,Captain,Assassin",25,2026-02-13T22:10:55-08:00
7374,5,2,"Duke,Contessa,Captain,Ambassador,Captain",12,2026-02-13T22:10:55-08:00
7375,5,3,Captain,15,2026-02-13T22:10:55-08:00
7377,5,1,"Captain,Duke,Assassin",20,2026-02-13T22:10:55-08:00
7376,5,1,"Assassin,Captain,Assassin",25,2026-02-13T22:10:55-08:00
7379,5,0,"Captain,Captain,Captain,Ambassador",18,2026-02-13T22:10:55-08:00
7378,5,4,Ambassador,24,2026-02-13T22:10:55-08:00
7384,5,0,"Duke,Captain",21,2026-02-13T22:10:55-08:00
7329,5,4,"Ambassador,Duke,Captain,Contessa",29,2026-02-13T22:10:55-08:00
7383,5,0,"Duke,Captain",21,2026-02-13T22:10:55-08:00
7381,5,1,"Captain,Captain,Ambassador",63,2026-02-13T22:10:55-08:00
7380,5,3,"Ambassador,Captain,Duke,Assassin",23,2026-02-13T22:10:55-08:00
7382,5,3,"Captain,Assassin,Ambassador",10,2026-02-13T22:10:55-08:00
7388,5,1,"Captain,Ambassador",23,2026-02-13T22:10:55-08:00
7387,5,0,"Captain,Captain",30,2026-02-13T22:10:55-08:00
7385,5,0,"Contessa,Assassin",35,2026-02-13T22:10:55-08:00
7361,5,4,"Captain,Duke",7,2026-02-13T22:10:55-08:00
7389,5,3,"Contessa,Ambassador,Contessa",40,2026-02-13T22:10:55-08:00
7393,5,4,"Captain,Duke,Assassin,Assassin",14,2026-02-13T22:10:55-08:00
7390,5,3,"Contessa,Ambassador,Contessa",40,2026-02-13T22:10:55-08:00
7396,5,1,Captain,33,2026-02-13T22:10:55-08:00
7386,5,1,"Contessa,Assassin,Contessa",11,2026-02-13T22:10:55-08:00
7394,5,3,"Duke,Assassin",33,2026-02-13T22:10:55-08:00
7392,5,3,"Ambassador,Ambassador",46,2026-02-13T22:10:55-08:00
7400,5,0,"Contessa,Contessa,Duke",61,2026-02-13T22:10:55-08:00
7395,5,4,"Captain,Duke,Assassin,Assassin",14,2026-02-13T22:10:55-08:00
7401,5,1,"Captain,Captain",16,2026-02-13T22:10:55-08:00
7403,5,2,"Ambassador,Ambassador,Duke",23,2026-02-13T22:10:55-08:00
7402,5,2,"Ambassador,Ambassador,Duke",23,2026-02-13T22:10:55-08:00
7404,5,1,"Captain,Captain",16,2026-02-13T22:10:55-08:00
7405,5,2,"Ambassador,Captain,Captain,Captain,Ambassador",14,2026-02-13T22:10:55-08:00
7406,5,1,"Captain,Captain",16,2026-02-13T22:10:55-08:00
7407,5,4,"Assassin,Captain,Captain,Ambassador,Captain",19,2026-02-13T22:10:55-08:00
7408,5,2,"Ambassador,Captain,Captain,Captain,Ambassador",14,2026-02-13T22:10:55-08:00
7409,5,1,"Contessa,Duke,Ambassador",20,2026-02-13T22:10:55-08:00
7410,5,2,"Ambassador,Captain,Captain,Captain,Ambassador",14,2026-02-13T22:10:55-08:00
7397,5,4,"Ambassador,Assassin,Contessa",33,2026-02-13T22:10:55-08:00
7414,5,1,"Contessa,Duke,Ambassador",20,2026-02-13T22:10:55-08:00
7412,5,1,"Contessa,Duke,Ambassador",20,2026-02-13T22:10:55-08:00
7413,5,1,"Contessa,Captain,Duke",18,2026-02-13T22:10:55-08:00
7415,5,4,"Assassin,Captain,Assassin",23,2026-02-13T22:10:55-08:00
7416,5,1,"Captain,Duke",33,2026-02-13T22:10:55-08:00
7411,5,3,Contessa,119,2026-02-13T22:10:55-08:00
7417,5,4,"Assassin,Captain,Assassin",23,2026-02-13T22:10:55-08:00
7419,5,1,Captain,46,2026-02-13T22:10:55-08:00
7418,5,1,Captain,46,2026-02-13T22:10:55-08:00
7420,5,0,"Assassin,Contessa",29,2026-02-13T22:10:55-08:00
7422,5,4,"Ambassador,Ambassador,Duke,Captain,Contessa",17,2026-02-13T22:10:55-08:00
7421,5,0,"Contessa,Contessa",19,2026-02-13T22:10:55-08:00
7425,5,1,"Assassin,Duke,Ambassador,Captain",13,2026-02-13T22:10:55-08:00
7424,5,2,"Captain,Duke",15,2026-02-13T22:10:55-08:00
7426,5,2,"Duke,Contessa,Captain",11,2026-02-13T22:10:55-08:00
7423,5,1,Duke,40,2026-02-13T22:10:55-08:00
7428,5,2,"Duke,Contessa,Captain",11,2026-02-13T22:10:55-08:00
7427,5,2,"Duke,Contessa,Captain",11,2026-02-13T22:10:55-08:00
7398,5,4,"Assassin,Captain,Duke",39,2026-02-13T22:10:55-08:00
7430,5,1,"Assassin,Captain",28,2026-02-13T22:10:55-08:00
7432,5,1,"Assassin,Captain",28,2026-02-13T22:10:55-08:00
7431,5,0,Assassin,19,2026-02-13T22:10:55-08:00
7429,5,0,"Assassin,Captain,Duke",25,2026-02-13T22:10:55-08:00
7433,5,0,"Assassin,Captain,Duke",25,2026-02-13T22:10:55-08:00
7434,5,1,"Assassin,Captain",28,2026-02-13T22:10:55-08:00
7436,5,0,"Ambassador,Ambassador,Ambassador,Ambassador",15,2026-02-13T22:10:55-08:00
7435,5,2,"Contessa,Duke",27,2026-02-13T22:10:55-08:00
7437,5,2,"Ambassador,Assassin,Captain",13,2026-02-13T22:10:55-08:00
7391,5,4,Captain,64,2026-02-13T22:10:55-08:00
7438,5,1,"Ambassador,Contessa",15,2026-02-13T22:10:55-08:00
7439,5,3,"Assassin,Ambassador,Duke,Captain,Contessa",18,2026-02-13T22:10:55-08:00
7399,5,1,"Duke,Captain,Captain,Duke,Duke",36,2026-02-13T22:10:55-08:00
7443,5,1,"Duke,Duke,Assassin,Captain",20,2026-02-13T22:10:55-08:00
7444,5,1,"Duke,Duke,Assassin,Captain",20,2026-02-13T22:10:55-08:00
7446,5,1,"Duke,Duke,Assassin,Captain",20,2026-02-13T22:10:55-08:00
7445,5,2,"Ambassador,Assassin,Captain,Captain,Ambassador,Assassin,Contessa",16,2026-02-13T22:10:55-08:00
7447,5,1,Captain,26,2026-02-13T22:10:55-08:00
7450,5,1,"Captain,Assassin,Captain",18,2026-02-13T22:10:55-08:00
7448,5,4,"Assassin,Captain,Ambassador,Captain",34,2026-02-13T22:10:55-08:00
7449,5,4,"Assassin,Captain,Ambassador,Captain",34,2026-02-13T22:10:55-08:00
7452,5,1,"Captain,Assassin,Captain",18,2026-02-13T22:10:55-08:00
7451,5,3,"Assassin,Ambassador,Ambassador",18,2026-02-13T22:10:55-08:00
7456,5,4,"Ambassador,Ambassador,Ambassador",14,2026-02-13T22:10:55-08:00
7454,5,2,"Duke,Ambassador,Ambassador",7,2026-02-13T22:10:55-08:00
7455,5,2,"Duke,Ambassador,Ambassador",7,2026-02-13T22:10:55-08:00
7453,5,4,Duke,36,2026-02-13T22:10:55-08:00
7458,5,2,"Assassin,Captain",22,2026-02-13T22:10:55-08:00
7457,5,1,"Captain,Duke,Ambassador",25,2026-02-13T22:10:55-08:00
7460,5,4,"Ambassador,Duke,Duke",24,2026-02-13T22:10:55-08:00
7459,5,4,"Ambassador,Duke,Duke",24,2026-02-13T22:10:55-08:00
7440,5,3,"Assassin,Ambassador,Duke,Captain,Contessa",18,2026-02-13T22:10:55-08:00
7442,5,3,"Duke,Assassin",53,2026-02-13T22:10:55-08:00
7465,5,4,Assassin,16,2026-02-13T22:10:55-08:00
7466,5,4,"Duke,Ambassador,Ambassador",12,2026-02-13T22:10:55-08:00
7462,5,0,"Ambassador,Captain,Contessa,Assassin",22,2026-02-13T22:10:55-08:00
7464,5,1,"Contessa,Contessa,Assassin,Contessa",38,2026-02-13T22:10:55-08:00
7467,5,4,Assassin,16,2026-02-13T22:10:55-08:00
7469,5,4,Assassin,16,2026-02-13T22:10:55-08:00
7472,5,0,"Duke,Duke",25,2026-02-13T22:10:55-08:00
7471,5,0,"Duke,Duke",25,2026-02-13T22:10:55-08:00
7470,5,4,Assassin,16,2026-02-13T22:10:55-08:00
7468,5,3,"Duke,Captain,Ambassador",42,2026-02-13T22:10:55-08:00
7474,5,2,"Assassin,Ambassador,Assassin",17,2026-02-13T22:10:55-08:00
7473,5,4,"Duke,Duke,Captain,Contessa,Captain",18,2026-02-13T22:10:55-08:00
7477,5,3,Assassin,19,2026-02-13T22:10:55-08:00
7475,5,1,"Ambassador,Duke,Ambassador,Assassin",46,2026-02-13T22:10:55-08:00
7476,5,2,"Captain,Captain,Duke,Ambassador",31,2026-02-13T22:10:55-08:00
7479,5,1,"Duke,Assassin,Captain",23,2026-02-13T22:10:55-08:00
7478,5,4,"Duke,Duke",46,2026-02-13T22:10:55-08:00
7480,5,0,Duke,30,2026-02-13T22:10:55-08:00
7461,5,1,"Captain,Duke,Ambassador",25,2026-02-13T22:10:55-08:00
7481,5,0,Duke,30,2026-02-13T22:10:55-08:00
7463,5,2,"Ambassador,Duke",22,2026-02-13T22:10:55-08:00
7441,5,3,"Assassin,Ambassador",18,2026-02-13T22:10:55-08:00
7484,5,2,"Ambassador,Contessa",30,2026-02-13T22:10:55-08:00
7486,5,3,Captain,17,2026-02-13T22:10:55-08:00
7483,5,0,Duke,30,2026-02-13T22:10:55-08:00
7485,5,0,"Contessa,Captain,Captain",35,2026-02-13T22:10:55-08:00
7487,5,0,"Contessa,Captain,Captain",35,2026-02-13T22:10:55-08:00
7489,5,3,Captain,17,2026-02-13T22:10:55-08:00
7488,5,2,"Ambassador,Contessa",30,2026-02-13T22:10:55-08:00
7490,5,3,"Ambassador,Ambassador,Ambassador,Duke",11,2026-02-13T22:10:55-08:00
7493,5,3,"Ambassador,Ambassador,Ambassador,Duke",11,2026-02-13T22:10:55-08:00
7492,5,3,"Ambassador,Ambassador,Ambassador,Duke",11,2026-02-13T22:10:55-08:00
7491,5,0,Contessa,44,2026-02-13T22:10:55-08:00
7496,5,2,"Assassin,Captain,Captain",17,2026-02-13T22:10:55-08:00
7495,5,3,"Duke,Ambassador,Ambassador,Assassin",27,2026-02-13T22:10:55-08:00
7494,5,0,Contessa,49,2026-02-13T22:10:55-08:00
7497,5,3,"Duke,Assassin,Captain",28,2026-02-13T22:10:55-08:00
7498,5,0,"Contessa,Duke,Captain,Captain,Assassin,Ambassador",35,2026-02-13T22:10:55-08:00
7501,5,3,"Duke,Assassin,Captain",28,2026-02-13T22:10:55-08:00
7503,5,0,"Captain,Duke,Assassin,Contessa,Duke,Ambassador,Captain",10,2026-02-13T22:10:55-08:00
7502,5,4,"Captain,Captain,Captain",10,2026-02-13T22:10:55-08:00
7500,5,2,"Assassin,Ambassador,Duke",28,2026-02-13T22:10:55-08:00
7499,5,3,"Duke,Assassin,Captain",28,2026-02-13T22:10:55-08:00
7504,5,3,"Contessa,Contessa",33,2026-02-13T22:10:55-08:00
7505,5,2,"Assassin,Ambassador,Duke",28,2026-02-13T22:10:55-08:00
7508,5,1,"Contessa,Ambassador",23,2026-02-13T22:10:55-08:00
7506,5,2,"Assassin,Ambassador,Duke",28,2026-02-13T22:10:55-08:00
7507,5,2,"Assassin,Ambassador,Duke",28,2026-02-13T22:10:55-08:00
7509,5,2,"Ambassador,Duke,Assassin,Captain",14,2026-02-13T22:10:55-08:00
7510,5,3,"Ambassador,Captain,Duke",11,2026-02-13T22:10:55-08:00
7511,5,2,"Ambassador,Duke,Assassin,Captain",14,2026-02-13T22:10:55-08:00
7512,5,4,"Duke,Duke",27,2026-02-13T22:10:55-08:00
7513,5,2,"Assassin,Captain",47,2026-02-13T22:10:55-08:00
7514,5,0,"Ambassador,Ambassador,Ambassador,Ambassador,Ambassador",42,2026-02-13T22:10:55-08:00
7517,5,0,"Assassin,Captain,Contessa",30,2026-02-13T22:10:55-08:00
7519,5,2,"Ambassador,Contessa,Assassin",7,2026-02-13T22:10:55-08:00
7516,5,3,"Duke,Captain,Assassin",79,2026-02-13T22:10:55-08:00
7520,5,3,"Assassin,Captain",25,2026-02-13T22:10:55-08:00
7522,5,0,"Duke,Duke",30,2026-02-13T22:10:55-08:00
7521,5,4,Contessa,39,2026-02-13T22:10:55-08:00
7515,5,0,"Ambassador,Ambassador,Ambassador,Ambassador,Ambassador",42,2026-02-13T22:10:55-08:00
7523,5,0,"Duke,Duke",30,2026-02-13T22:10:55-08:00
7524,5,4,"Ambassador,Captain,Duke,Captain",14,2026-02-13T22:10:55-08:00
7525,5,3,"Captain,Duke,Ambassador,Captain,Captain",13,2026-02-13T22:10:55-08:00
7526,5,3,"Captain,Duke,Ambassador,Captain,Captain",13,2026-02-13T22:10:55-08:00
7527,5,4,"Contessa,Assassin,Duke,Assassin",15,2026-02-13T22:10:55-08:00
7529,5,4,"Ambassador,Captain,Duke,Captain",14,2026-02-13T22:10:55-08:00
7528,5,4,"Contessa,Assassin,Duke,Assassin",15,2026-02-13T22:10:55-08:00
7530,5,3,"Ambassador,Ambassador,Duke,Duke",23,2026-02-13T22:10:55-08:00
7531,5,1,"Ambassador,Ambassador",9,2026-02-13T22:10:55-08:00
7532,5,1,"Ambassador,Ambassador",9,2026-02-13T22:10:55-08:00
7535,5,1,"Ambassador,Ambassador",9,2026-02-13T22:10:55-08:00
7533,5,4,"Ambassador,Ambassador,Duke",21,2026-02-13T22:10:55-08:00
7536,5,2,"Assassin,Ambassador",16,2026-02-13T22:10:55-08:00
7537,5,4,"Ambassador,Ambassador,Ambassador,Ambassador,Duke,Duke",14,2026-02-13T22:10:55-08:00
7534,5,3,"Duke,Duke",29,2026-02-13T22:10:55-08:00
7538,5,4,"Ambassador,Ambassador,Ambassador,Ambassador,Duke,Duke",14,2026-02-13T22:10:55-08:00
7539,5,1,"Ambassador,Ambassador,Ambassador",14,2026-02-13T22:10:55-08:00
7540,5,4,"Ambassador,Ambassador,Ambassador,Ambassador,Duke,Duke",14,2026-02-13T22:10:55-08:00
7542,5,1,"Duke,Captain",15,2026-02-13T22:10:55-08:00
7543,5,3,"Duke,Contessa",22,2026-02-13T22:10:55-08:00
7541,5,2,"Contessa,Ambassador",42,2026-02-13T22:10:55-08:00
7545,5,3,"Duke,Contessa",22,2026-02-13T22:10:55-08:00
7544,5,2,Captain,67,2026-02-13T22:10:55-08:00
7547,5,0,"Duke,Duke,Contessa,Assassin,Ambassador",22,2026-02-13T22:10:55-08:00
7549,5,3,"Duke,Duke,Captain,Duke",7,2026-02-13T22:10:55-08:00
7546,5,2,Captain,67,2026-02-13T22:10:55-08:00
7548,5,2,Assassin,32,2026-02-13T22:10:55-08:00
7552,5,3,"Duke,Duke,Captain,Duke",7,2026-02-13T22:10:55-08:00
7550,5,2,Assassin,32,2026-02-13T22:10:55-08:00
7551,5,3,"Duke,Captain,Assassin,Ambassador",23,2026-02-13T22:10:55-08:00
7482,5,3,"Captain,Captain",23,2026-02-13T22:10:55-08:00
7518,5,3,"Duke,Captain,Assassin",79,2026-02-13T22:10:55-08:00
7553,5,2,"Contessa,Contessa",22,2026-02-13T22:10:55-08:00
7554,5,0,"Duke,Duke",10,2026-02-13T22:10:55-08:00
7555,5,0,"Contessa,Captain,Captain,Contessa",25,2026-02-13T22:10:55-08:00
7556,5,0,"Contessa,Captain,Captain,Contessa",25,2026-02-13T22:10:55-08:00
7557,5,0,"Contessa,Captain,Captain,Contessa",25,2026-02-13T22:10:55-08:00
7558,5,0,"Contessa,Captain,Captain,Contessa",25,2026-02-13T22:10:55-08:00
7560,5,1,Duke,29,2026-02-13T22:10:55-08:00
7559,5,2,"Duke,Assassin,Duke",35,2026-02-13T22:10:55-08:00
7561,5,1,Assassin,19,2026-02-13T22:10:55-08:00
7562,5,3,"Contessa,Captain",18,2026-02-13T22:10:55-08:00
7563,5,3,"Contessa,Captain",18,2026-02-13T22:10:55-08:00
7564,5,3,"Contessa,Captain",18,2026-02-13T22:10:55-08:00
7565,5,3,"Contessa,Captain",18,2026-02-13T22:10:55-08:00
7568,5,2,"Ambassador,Assassin",19,2026-02-13T22:10:55-08:00
7567,5,1,Duke,29,2026-02-13T22:10:55-08:00
7570,5,4,"Ambassador,Duke,Assassin,Duke,Duke,Duke",23,2026-02-13T22:10:55-08:00
7571,5,4,"Ambassador,Duke,Assassin,Duke,Duke,Duke",23,2026-02-13T22:10:55-08:00
7569,5,4,"Ambassador,Duke,Assassin,Duke,Duke,Duke",23,2026-02-13T22:10:55-08:00
7575,5,4,"Ambassador,Duke,Assassin,Duke,Duke,Duke",23,2026-02-13T22:10:55-08:00
7566,5,1,"Ambassador,Duke,Ambassador",41,2026-02-13T22:10:55-08:00
7572,5,4,"Ambassador,Duke,Assassin,Duke,Duke,Duke",23,2026-02-13T22:10:55-08:00
7576,5,2,"Assassin,Duke,Contessa,Duke,Duke",32,2026-02-13T22:10:55-08:00
7577,5,2,"Assassin,Duke,Contessa,Duke,Duke",32,2026-02-13T22:10:55-08:00
7574,5,4,"Ambassador,Duke,Assassin,Duke,Duke,Duke",23,2026-02-13T22:10:55-08:00
7578,5,1,"Captain,Assassin,Ambassador,Duke",20,2026-02-13T22:10:55-08:00
7579,5,1,Duke,26,2026-02-13T22:10:55-08:00
7580,5,0,"Ambassador,Captain",27,2026-02-13T22:10:55-08:00
7581,5,1,"Captain,Assassin,Ambassador,Duke",20,2026-02-13T22:10:55-08:00
7582,5,0,"Ambassador,Captain",27,2026-02-13T22:10:55-08:00
7583,5,0,"Ambassador,Captain",27,2026-02-13T22:10:55-08:00
7584,5,2,"Ambassador,Contessa",24,2026-02-13T22:10:55-08:00
7586,5,4,"Captain,Assassin,Contessa",24,2026-02-13T22:10:55-08:00
7585,5,3,"Ambassador,Contessa",33,2026-02-13T22:10:55-08:00
7587,5,0,Assassin,25,2026-02-13T22:10:55-08:00
7589,5,0,Assassin,25,2026-02-13T22:10:55-08:00
7588,5,3,"Ambassador,Contessa",33,2026-02-13T22:10:55-08:00
7591,5,1,Assassin,33,2026-02-13T22:10:55-08:00
7590,5,0,Assassin,25,2026-02-13T22:10:55-08:00
7592,5,1,Assassin,33,2026-02-13T22:10:55-08:00
7573,5,4,"Ambassador,Duke,Assassin,Duke,Duke,Duke",23,2026-02-13T22:10:55-08:00
7593,5,3,Duke,43,2026-02-13T22:10:55-08:00
7594,5,4,"Captain,Contessa",37,2026-02-13T22:10:55-08:00
7595,5,2,"Duke,Duke",37,2026-02-13T22:10:55-08:00
7598,5,4,"Captain,Contessa",37,2026-02-13T22:10:55-08:00
7597,5,4,"Captain,Contessa",37,2026-02-13T22:10:55-08:00
7596,5,3,Duke,43,2026-02-13T22:10:55-08:00
7599,5,4,"Captain,Captain",14,2026-02-13T22:10:55-08:00
7600,5,1,"Captain,Ambassador",15,2026-02-13T22:10:55-08:00
7602,5,1,"Contessa,Contessa,Assassin",38,2026-02-13T22:10:55-08:00
7606,5,4,"Captain,Ambassador,Duke",12,2026-02-13T22:10:55-08:00
7607,5,4,"Duke,Duke",29,2026-02-13T22:10:55-08:00
7601,5,1,"Ambassador,Ambassador,Ambassador,Ambassador",12,2026-02-13T22:10:55-08:00
7605,5,4,"Captain,Ambassador,Duke",12,2026-02-13T22:10:55-08:00
7609,5,0,"Assassin,Duke,Duke,Duke,Duke,Contessa",30,2026-02-13T22:10:55-08:00
7612,5,4,Duke,17,2026-02-13T22:10:55-08:00
7611,5,2,"Contessa,Duke",28,2026-02-13T22:10:55-08:00
7604,5,1,"Ambassador,Ambassador,Ambassador,Ambassador",12,2026-02-13T22:10:55-08:00
7614,5,0,"Duke,Captain",21,2026-02-13T22:10:55-08:00
7610,5,0,"Duke,Contessa,Duke",34,2026-02-13T22:10:55-08:00
7615,5,0,"Duke,Captain",21,2026-02-13T22:10:55-08:00
7613,5,4,Duke,17,2026-02-13T22:10:55-08:00
7608,5,3,"Duke,Assassin,Assassin",42,2026-02-13T22:10:55-08:00
7618,5,4,"Contessa,Assassin",21,2026-02-13T22:10:55-08:00
7617,5,0,"Contessa,Captain,Contessa",34,2026-02-13T22:10:55-08:00
7616,5,4,"Ambassador,Ambassador,Ambassador",17,2026-02-13T22:10:55-08:00
7619,5,0,"Assassin,Contessa,Contessa",20,2026-02-13T22:10:55-08:00
7622,5,4,Assassin,24,2026-02-13T22:10:55-08:00
7620,5,1,Captain,41,2026-02-13T22:10:55-08:00
7621,5,1,Captain,41,2026-02-13T22:10:55-08:00
7626,5,1,"Duke,Captain,Ambassador,Assassin,Duke",21,2026-02-13T22:10:55-08:00
7624,5,2,"Ambassador,Duke,Duke,Ambassador",23,2026-02-13T22:10:55-08:00
7623,5,1,"Duke,Captain,Ambassador,Assassin,Duke",21,2026-02-13T22:10:55-08:00
7628,5,2,"Captain,Assassin,Captain,Captain",16,2026-02-13T22:10:55-08:00
7629,5,2,"Captain,Assassin,Captain,Captain",16,2026-02-13T22:10:55-08:00
7625,5,4,"Captain,Contessa,Ambassador,Captain",23,2026-02-13T22:10:55-08:00
7627,5,4,"Duke,Duke",55,2026-02-13T22:10:55-08:00
7630,5,2,"Captain,Assassin,Captain,Captain",16,2026-02-13T22:10:55-08:00
7631,5,2,"Captain,Assassin,Captain,Captain",16,2026-02-13T22:10:55-08:00
7633,5,2,"Contessa,Captain",26,2026-02-13T22:10:55-08:00
7632,5,2,"Contessa,Captain",26,2026-02-13T22:10:55-08:00
7635,5,3,"Captain,Contessa,Ambassador",30,2026-02-13T22:10:55-08:00
7638,5,2,"Duke,Captain,Ambassador",33,2026-02-13T22:10:55-08:00
7637,5,2,"Duke,Captain,Ambassador",33,2026-02-13T22:10:55-08:00
7639,5,1,Duke,46,2026-02-13T22:10:55-08:00
7640,5,0,"Captain,Duke,Ambassador",14,2026-02-13T22:10:55-08:00
7641,5,4,"Duke,Ambassador",18,2026-02-13T22:10:55-08:00
7643,5,0,"Captain,Duke,Ambassador",14,2026-02-13T22:10:55-08:00
7644,5,1,Assassin,11,2026-02-13T22:10:55-08:00
7642,5,1,Duke,46,2026-02-13T22:10:55-08:00
7645,5,2,"Assassin,Captain,Ambassador,Captain",37,2026-02-13T22:10:55-08:00
7647,5,3,"Duke,Duke,Assassin",8,2026-02-13T22:10:55-08:00
7646,5,3,"Assassin,Captain",13,2026-02-13T22:10:55-08:00
7648,5,3,"Assassin,Captain",13,2026-02-13T22:10:55-08:00
7650,5,3,"Duke,Captain",12,2026-02-13T22:10:55-08:00
7649,5,2,"Assassin,Captain,Ambassador,Captain",37,2026-02-13T22:10:55-08:00
7652,5,3,"Captain,Duke,Captain",23,2026-02-13T22:10:55-08:00
7651,5,0,"Contessa,Duke,Ambassador",35,2026-02-13T22:10:55-08:00
7653,5,3,Ambassador,20,2026-02-13T22:10:55-08:00
7634,5,2,"Contessa,Captain",26,2026-02-13T22:10:55-08:00
7636,5,1,Duke,46,2026-02-13T22:10:55-08:00
7655,5,1,"Ambassador,Duke,Assassin",23,2026-02-13T22:10:55-08:00
7654,5,4,"Assassin,Duke,Ambassador",14,2026-02-13T22:10:55-08:00
7656,5,0,"Duke,Captain,Ambassador",20,2026-02-13T22:10:55-08:00
7603,5,0,"Captain,Assassin,Assassin,Contessa",22,2026-02-13T22:10:55-08:00
7662,5,2,Contessa,17,2026-02-13T22:10:55-08:00
7660,5,2,Contessa,17,2026-02-13T22:10:55-08:00
7664,5,1,"Duke,Captain,Duke,Captain",7,2026-02-13T22:10:55-08:00
7659,5,3,"Captain,Duke",24,2026-02-13T22:10:55-08:00
7663,5,0,Duke,36,2026-02-13T22:10:55-08:00
7665,5,4,"Duke,Assassin,Captain",18,2026-02-13T22:10:55-08:00
7666,5,0,"Contessa,Ambassador",29,2026-02-13T22:10:55-08:00
7667,5,2,Contessa,17,2026-02-13T22:10:55-08:00
7668,5,3,Assassin,33,2026-02-13T22:10:55-08:00
7669,5,0,"Captain,Captain,Contessa",17,2026-02-13T22:10:55-08:00
7670,5,0,"Captain,Captain,Contessa",17,2026-02-13T22:10:55-08:00
7671,5,3,"Ambassador,Captain",13,2026-02-13T22:10:55-08:00
7673,5,3,"Duke,Duke",12,2026-02-13T22:10:55-08:00
7674,5,0,"Assassin,Captain,Duke",19,2026-02-13T22:10:55-08:00
7675,5,0,"Assassin,Captain,Duke",19,2026-02-13T22:10:55-08:00
7672,5,3,Assassin,33,2026-02-13T22:10:55-08:00
7676,5,4,"Contessa,Assassin,Captain",30,2026-02-13T22:10:55-08:00
7677,5,4,"Assassin,Duke,Captain",13,2026-02-13T22:10:55-08:00
7678,5,4,Ambassador,27,2026-02-13T22:10:55-08:00
7679,5,4,Ambassador,27,2026-02-13T22:10:55-08:00
7661,5,0,"Duke,Captain,Ambassador",20,2026-02-13T22:10:55-08:00
7680,5,4,"Duke,Duke,Assassin",10,2026-02-13T22:10:55-08:00
7657,5,2,"Captain,Contessa,Assassin,Contessa",42,2026-02-13T22:10:55-08:00
7681,5,4,"Duke,Duke,Assassin",10,2026-02-13T22:10:55-08:00
7658,5,2,"Captain,Contessa,Assassin,Contessa",42,2026-02-13T22:10:55-08:00
7682,5,4,"Contessa,Assassin,Captain",30,2026-02-13T22:10:55-08:00
7684,5,2,"Duke,Contessa,Contessa",13,2026-02-13T22:10:55-08:00
7683,5,2,"Assassin,Captain,Duke",20,2026-02-13T22:10:55-08:00
7685,5,0,"Captain,Assassin,Duke",10,2026-02-13T22:10:55-08:00
7686,5,2,"Assassin,Assassin",32,2026-02-13T22:10:55-08:00
7689,5,2,Ambassador,45,2026-02-13T22:10:55-08:00
7690,5,2,Ambassador,45,2026-02-13T22:10:55-08:00
7692,5,2,"Contessa,Duke",22,2026-02-13T22:10:55-08:00
7691,5,0,"Captain,Ambassador,Assassin,Duke,Ambassador",31,2026-02-13T22:10:55-08:00
7693,5,3,"Duke,Duke,Captain",37,2026-02-13T22:10:55-08:00
7694,5,1,Assassin,26,2026-02-13T22:10:55-08:00
7695,5,1,Assassin,26,2026-02-13T22:10:55-08:00
7688,5,2,"Assassin,Assassin,Duke,Duke,Contessa,Contessa",24,2026-02-13T22:10:55-08:00
7696,5,4,"Ambassador,Ambassador",33,2026-02-13T22:10:55-08:00
7698,5,3,"Duke,Assassin,Contessa",12,2026-02-13T22:10:55-08:00
7699,5,2,"Contessa,Duke",22,2026-02-13T22:10:55-08:00
7702,5,3,"Captain,Contessa",18,2026-02-13T22:10:55-08:00
7703,5,4,"Contessa,Assassin",9,2026-02-13T22:10:55-08:00
7701,5,3,"Ambassador,Assassin",17,2026-02-13T22:10:55-08:00
7700,5,3,"Ambassador,Assassin",17,2026-02-13T22:10:55-08:00
7697,5,2,"Contessa,Duke",22,2026-02-13T22:10:55-08:00
7687,5,2,"Assassin,Assassin",32,2026-02-13T22:10:55-08:00
7707,5,0,Assassin,27,2026-02-13T22:10:55-08:00
7706,5,1,"Captain,Contessa,Duke,Ambassador",13,2026-02-13T22:10:55-08:00
7704,5,2,"Ambassador,Ambassador",17,2026-02-13T22:10:55-08:00
7711,5,3,Captain,23,2026-02-13T22:10:55-08:00
7713,5,2,"Captain,Duke,Duke,Duke",8,2026-02-13T22:10:55-08:00
7712,5,2,"Contessa,Captain,Ambassador",44,2026-02-13T22:10:55-08:00
7705,5,3,"Captain,Contessa",18,2026-02-13T22:10:55-08:00
7715,5,2,"Captain,Duke,Duke,Duke",8,2026-02-13T22:10:55-08:00
7714,5,2,"Duke,Duke,Ambassador",49,2026-02-13T22:10:55-08:00
7708,5,4,Contessa,40,2026-02-13T22:10:55-08:00
7717,5,1,"Ambassador,Duke,Assassin,Ambassador",26,2026-02-13T22:10:55-08:00
7716,5,2,"Contessa,Captain,Ambassador",44,2026-02-13T22:10:55-08:00
7719,5,4,"Duke,Captain,Contessa",23,2026-02-13T22:10:55-08:00
7720,5,1,"Ambassador,Duke,Assassin,Ambassador",26,2026-02-13T22:10:55-08:00
7718,5,2,"Duke,Duke,Ambassador",49,2026-02-13T22:10:55-08:00
7721,5,1,Captain,36,2026-02-13T22:10:55-08:00
7724,5,1,"Assassin,Ambassador,Duke",20,2026-02-13T22:10:55-08:00
7722,5,0,"Duke,Ambassador,Captain",55,2026-02-13T22:10:55-08:00
7723,5,1,Captain,36,2026-02-13T22:10:55-08:00
7726,5,1,Captain,36,2026-02-13T22:10:55-08:00
7725,5,0,"Duke,Ambassador,Captain",55,2026-02-13T22:10:55-08:00
7727,5,3,"Captain,Duke,Duke,Contessa,Captain",28,2026-02-13T22:10:55-08:00
7728,5,0,"Duke,Ambassador,Captain",55,2026-02-13T22:10:55-08:00
7729,5,3,"Duke,Duke,Captain",27,2026-02-13T22:10:55-08:00
7730,5,3,"Assassin,Duke,Ambassador,Duke",35,2026-02-13T22:10:55-08:00
7731,5,3,Captain,9,2026-02-13T22:10:55-08:00
7710,5,3,Captain,23,2026-02-13T22:10:55-08:00
7734,5,3,Captain,9,2026-02-13T22:10:55-08:00
7735,5,1,"Duke,Duke,Contessa",15,2026-02-13T22:10:55-08:00
7709,5,2,"Duke,Captain,Contessa",37,2026-02-13T22:10:55-08:00
7736,5,2,"Captain,Duke,Assassin,Duke,Contessa",18,2026-02-13T22:10:55-08:00
7738,5,0,"Ambassador,Duke,Assassin,Assassin",10,2026-02-13T22:10:55-08:00
7740,5,0,"Captain,Ambassador,Ambassador",5,2026-02-13T22:10:55-08:00
7739,5,0,"Ambassador,Duke,Assassin,Assassin",10,2026-02-13T22:10:55-08:00
7737,5,3,"Captain,Captain,Captain",48,2026-02-13T22:10:55-08:00
7741,5,0,"Captain,Ambassador,Ambassador",5,2026-02-13T22:10:55-08:00
7745,5,0,"Captain,Captain,Ambassador",10,2026-02-13T22:10:55-08:00
7743,5,0,"Duke,Ambassador",47,2026-02-13T22:10:55-08:00
7744,5,3,"Duke,Duke,Ambassador,Duke,Ambassador",15,2026-02-13T22:10:55-08:00
7742,5,0,"Duke,Ambassador",47,2026-02-13T22:10:55-08:00
7746,5,4,"Ambassador,Captain,Assassin",9,2026-02-13T22:10:55-08:00
7747,5,4,Assassin,20,2026-02-13T22:10:55-08:00
7748,5,0,"Captain,Duke,Captain",14,2026-02-13T22:10:55-08:00
7750,5,1,"Assassin,Contessa",17,2026-02-13T22:10:55-08:00
7749,5,3,"Duke,Duke,Ambassador,Duke,Ambassador",15,2026-02-13T22:10:55-08:00
7732,5,4,Assassin,23,2026-02-13T22:10:55-08:00
7751,5,4,"Duke,Assassin",17,2026-02-13T22:10:55-08:00
7733,5,3,"Assassin,Duke,Ambassador,Duke",35,2026-02-13T22:10:55-08:00
7754,5,3,"Assassin,Duke,Ambassador",18,2026-02-13T22:10:55-08:00
7755,5,1,"Assassin,Duke",20,2026-02-13T22:10:55-08:00
7757,5,1,"Assassin,Duke",20,2026-02-13T22:10:55-08:00
7752,5,4,"Captain,Assassin",54,2026-02-13T22:10:55-08:00
7756,5,0,"Captain,Assassin",40,2026-02-13T22:10:55-08:00
7759,5,2,Assassin,30,2026-02-13T22:10:55-08:00
7758,5,0,"Assassin,Duke",21,2026-02-13T22:10:55-08:00
7760,5,0,"Assassin,Duke",21,2026-02-13T22:10:55-08:00
7762,5,2,"Ambassador,Ambassador,Ambassador,Duke",17,2026-02-13T22:10:55-08:00
7763,5,2,"Ambassador,Ambassador,Ambassador,Duke",17,2026-02-13T22:10:55-08:00
7761,5,0,Contessa,27,2026-02-13T22:10:55-08:00
7765,5,0,"Ambassador,Assassin,Contessa",14,2026-02-13T22:10:55-08:00
7764,5,4,"Captain,Ambassador,Ambassador",29,2026-02-13T22:10:55-08:00
7767,5,0,Contessa,27,2026-02-13T22:10:55-08:00
7753,5,2,Assassin,30,2026-02-13T22:10:55-08:00
7766,5,0,"Duke,Assassin",29,2026-02-13T22:10:55-08:00
7768,5,3,Contessa,28,2026-02-13T22:10:55-08:00
7769,5,0,"Duke,Assassin",29,2026-02-13T22:10:55-08:00
7770,5,1,"Contessa,Captain,Assassin,Contessa",26,2026-02-13T22:10:55-08:00
7771,5,1,"Contessa,Captain,Assassin,Contessa",26,2026-02-13T22:10:55-08:00
7772,5,4,"Duke,Ambassador",22,2026-02-13T22:10:55-08:00
7778,5,0,"Duke,Assassin,Duke",29,2026-02-13T22:10:55-08:00
7777,5,0,"Captain,Captain,Ambassador",20,2026-02-13T22:10:55-08:00
7779,5,0,"Duke,Assassin,Duke",29,2026-02-13T22:10:55-08:00
7775,5,4,"Duke,Ambassador",22,2026-02-13T22:10:55-08:00
7774,5,4,"Duke,Ambassador",22,2026-02-13T22:10:55-08:00
7773,5,4,"Duke,Ambassador",22,2026-02-13T22:10:55-08:00
7780,5,2,Ambassador,20,2026-02-13T22:10:55-08:00
7782,5,1,"Ambassador,Captain,Captain",23,2026-02-13T22:10:55-08:00
7784,5,4,"Duke,Assassin",18,2026-02-13T22:10:55-08:00
7781,5,4,"Duke,Duke",34,2026-02-13T22:10:55-08:00
7785,5,3,"Assassin,Contessa",23,2026-02-13T22:10:55-08:00
7783,5,2,Duke,35,2026-02-13T22:10:55-08:00
7786,5,0,"Duke,Duke,Duke",14,2026-02-13T22:10:55-08:00
7787,5,1,"Assassin,Duke,Ambassador",18,2026-02-13T22:10:55-08:00
7788,5,1,Ambassador,9,2026-02-13T22:10:55-08:00
7789,5,3,"Assassin,Duke,Duke,Ambassador,Assassin",13,2026-02-13T22:10:55-08:00
7790,5,3,"Assassin,Duke,Duke,Ambassador,Assassin",13,2026-02-13T22:10:55-08:00
7791,5,1,"Ambassador,Captain",21,2026-02-13T22:10:55-08:00
7792,5,1,"Assassin,Duke,Ambassador",18,2026-02-13T22:10:55-08:00
7793,5,1,"Captain,Duke",28,2026-02-13T22:10:55-08:00
7794,5,1,Duke,18,2026-02-13T22:10:55-08:00
7795,5,1,"Ambassador,Captain",21,2026-02-13T22:10:55-08:00
7796,5,0,Captain,20,2026-02-13T22:10:55-08:00
7776,5,4,"Duke,Duke",34,2026-02-13T22:10:55-08:00
7800,5,2,"Duke,Duke",18,2026-02-13T22:10:55-08:00
7798,5,1,"Ambassador,Contessa",16,2026-02-13T22:10:55-08:00
7801,5,3,"Duke,Captain,Assassin,Ambassador",22,2026-02-13T22:10:55-08:00
7802,5,1,"Ambassador,Contessa",16,2026-02-13T22:10:55-08:00
7799,5,1,Duke,18,2026-02-13T22:10:55-08:00
7803,5,1,"Ambassador,Duke,Assassin",21,2026-02-13T22:10:55-08:00
7807,5,1,"Duke,Ambassador,Duke,Captain,Captain",6,2026-02-13T22:10:55-08:00
7804,5,4,"Captain,Duke,Contessa",34,2026-02-13T22:10:55-08:00
7805,5,1,"Assassin,Contessa,Captain,Assassin",65,2026-02-13T22:10:55-08:00
7806,5,1,"Assassin,Contessa,Captain,Assassin",65,2026-02-13T22:10:55-08:00
7808,5,0,"Captain,Contessa,Ambassador",39,2026-02-13T22:10:55-08:00
7810,5,1,"Duke,Ambassador,Duke,Captain,Captain",6,2026-02-13T22:10:55-08:00
7809,5,1,"Assassin,Contessa,Captain,Assassin",65,2026-02-13T22:10:55-08:00
7811,5,4,"Ambassador,Captain,Duke",14,2026-02-13T22:10:55-08:00
7812,5,1,"Ambassador,Ambassador,Ambassador,Duke",17,2026-02-13T22:10:55-08:00
7813,5,3,"Contessa,Captain,Captain,Assassin",17,2026-02-13T22:10:55-08:00
7814,5,3,"Contessa,Captain,Captain,Assassin",17,2026-02-13T22:10:55-08:00
7816,5,1,"Ambassador,Ambassador,Ambassador,Duke",17,2026-02-13T22:10:55-08:00
7815,5,0,"Ambassador,Ambassador,Ambassador,Assassin",25,2026-02-13T22:10:55-08:00
7818,5,4,Captain,21,2026-02-13T22:10:55-08:00
7817,5,3,"Contessa,Captain,Captain,Assassin",17,2026-02-13T22:10:55-08:00
7820,5,0,"Ambassador,Ambassador,Captain,Ambassador,Captain",30,2026-02-13T22:10:55-08:00
7821,5,0,"Ambassador,Ambassador,Captain,Ambassador,Captain",30,2026-02-13T22:10:55-08:00
7822,5,0,"Ambassador,Ambassador,Captain,Ambassador,Captain",30,2026-02-13T22:10:55-08:00
7819,5,3,"Duke,Duke",15,2026-02-13T22:10:55-08:00
7823,5,3,"Contessa,Duke,Duke,Captain",28,2026-02-13T22:10:55-08:00
7825,5,3,"Duke,Duke",15,2026-02-13T22:10:55-08:00
7824,5,1,"Ambassador,Duke",29,2026-02-13T22:10:55-08:00
7826,5,1,"Ambassador,Captain,Duke",16,2026-02-13T22:10:55-08:00
7829,5,0,"Duke,Captain,Ambassador,Contessa,Ambassador",10,2026-02-13T22:10:55-08:00
7827,5,1,"Ambassador,Captain,Duke",16,2026-02-13T22:10:55-08:00
7828,5,1,"Ambassador,Captain,Duke",16,2026-02-13T22:10:55-08:00
7830,5,1,"Ambassador,Duke",29,2026-02-13T22:10:55-08:00
7832,5,1,"Ambassador,Ambassador,Ambassador,Ambassador,Ambassador",21,2026-02-13T22:10:55-08:00
7831,5,2,"Assassin,Duke,Duke",19,2026-02-13T22:10:55-08:00
7833,5,1,"Ambassador,Ambassador,Ambassador,Ambassador,Ambassador",21,2026-02-13T22:10:55-08:00
7835,5,0,"Contessa,Captain,Ambassador",25,2026-02-13T22:10:55-08:00
7836,5,0,"Contessa,Captain,Ambassador",25,2026-02-13T22:10:55-08:00
7837,5,3,"Duke,Ambassador,Captain,Assassin",13,2026-02-13T22:10:55-08:00
7834,5,4,"Assassin,Captain",36,2026-02-13T22:10:55-08:00
7797,5,0,Captain,20,2026-02-13T22:10:55-08:00
7838,5,4,"Contessa,Ambassador",8,2026-02-13T22:10:55-08:00
7840,5,1,"Captain,Captain",34,2026-02-13T22:10:55-08:00
7843,5,0,Contessa,20,2026-02-13T22:10:55-08:00
7844,5,2,"Ambassador,Ambassador,Ambassador",25,2026-02-13T22:10:55-08:00
7841,5,1,"Captain,Captain",34,2026-02-13T22:10:55-08:00
7842,5,1,"Captain,Captain",34,2026-02-13T22:10:55-08:00
7845,5,2,"Captain,Assassin",24,2026-02-13T22:10:55-08:00
7849,5,0,"Ambassador,Captain",10,2026-02-13T22:10:55-08:00
7846,5,0,"Ambassador,Contessa",22,2026-02-13T22:10:55-08:00
7848,5,3,"Duke,Captain,Captain",18,2026-02-13T22:10:55-08:00
7847,5,0,"Ambassador,Contessa",22,2026-02-13T22:10:55-08:00
7850,5,2,Ambassador,32,2026-02-13T22:10:55-08:00
7851,5,2,Ambassador,32,2026-02-13T22:10:55-08:00
7852,5,2,Ambassador,32,2026-02-13T22:10:55-08:00
7855,5,1,"Assassin,Duke,Duke,Duke",11,2026-02-13T22:10:55-08:00
7853,5,3,"Captain,Contessa,Assassin",28,2026-02-13T22:10:55-08:00
7856,5,1,"Ambassador,Ambassador,Ambassador,Duke",21,2026-02-13T22:10:55-08:00
7854,5,3,"Captain,Contessa,Assassin",28,2026-02-13T22:10:55-08:00
7857,5,1,"Ambassador,Ambassador,Ambassador,Duke",21,2026-02-13T22:10:55-08:00
7858,5,1,"Ambassador,Ambassador,Ambassador,Duke",21,2026-02-13T22:10:55-08:00
7859,5,1,"Ambassador,Ambassador,Ambassador,Duke",21,2026-02-13T22:10:55-08:00
7860,5,3,"Captain,Contessa,Assassin",28,2026-02-13T22:10:55-08:00
7839,5,1,"Ambassador,Assassin,Captain,Assassin",24,2026-02-13T22:10:55-08:00
7863,5,0,"Duke,Captain,Assassin",23,2026-02-13T22:10:55-08:00
7861,5,2,"Ambassador,Duke",33,2026-02-13T22:10:55-08:00
7864,5,2,"Ambassador,Duke",33,2026-02-13T22:10:55-08:00
7865,5,2,"Ambassador,Duke",33,2026-02-13T22:10:55-08:00
7866,5,2,"Ambassador,Duke",33,2026-02-13T22:10:55-08:00
7867,5,3,"Assassin,Duke,Captain",16,2026-02-13T22:10:55-08:00
7868,5,0,"Duke,Captain,Assassin",23,2026-02-13T22:10:55-08:00
7869,5,4,"Duke,Ambassador",24,2026-02-13T22:10:55-08:00
7871,5,4,"Duke,Ambassador",24,2026-02-13T22:10:55-08:00
7870,5,3,Ambassador,29,2026-02-13T22:10:55-08:00
7872,5,4,"Duke,Ambassador",24,2026-02-13T22:10:55-08:00
7873,5,4,"Duke,Ambassador",24,2026-02-13T22:10:55-08:00
7874,5,0,"Assassin,Duke,Contessa",28,2026-02-13T22:10:55-08:00
7875,5,0,"Captain,Ambassador,Assassin,Captain",18,2026-02-13T22:10:55-08:00
7862,5,3,"Assassin,Duke,Captain",16,2026-02-13T22:10:55-08:00
7876,5,2,"Duke,Assassin,Captain",27,2026-02-13T22:10:55-08:00
7878,5,4,"Ambassador,Contessa",12,2026-02-13T22:10:55-08:00
7877,5,3,Ambassador,29,2026-02-13T22:10:55-08:00
7879,5,0,Captain,22,2026-02-13T22:10:55-08:00
7880,5,1,Ambassador,37,2026-02-13T22:10:55-08:00
7881,5,4,"Ambassador,Contessa",12,2026-02-13T22:10:55-08:00
7882,5,2,"Captain,Duke",20,2026-02-13T22:10:55-08:00
7883,5,3,"Duke,Assassin",17,2026-02-13T22:10:55-08:00
7886,5,1,"Contessa,Captain,Captain,Duke",11,2026-02-13T22:10:55-08:00
7884,5,2,"Captain,Ambassador",22,2026-02-13T22:10:55-08:00
7885,5,3,"Duke,Assassin",17,2026-02-13T22:10:55-08:00
7887,5,4,"Assassin,Assassin",44,2026-02-13T22:10:55-08:00
7888,5,2,"Duke,Captain",37,2026-02-13T22:10:55-08:00
7889,5,4,Contessa,24,2026-02-13T22:10:55-08:00
7890,5,1,"Ambassador,Assassin",15,2026-02-13T22:10:55-08:00
7891,5,0,"Contessa,Duke,Duke,Duke",23,2026-02-13T22:10:55-08:00
7892,5,4,"Duke,Captain,Ambassador",17,2026-02-13T22:10:55-08:00
7897,5,2,"Contessa,Assassin",11,2026-02-13T22:10:55-08:00
7896,5,3,"Duke,Assassin,Captain",21,2026-02-13T22:10:55-08:00
7898,5,0,"Assassin,Duke,Captain",15,2026-02-13T22:10:55-08:00
7893,5,1,"Contessa,Captain,Captain,Duke",11,2026-02-13T22:10:55-08:00
7894,5,0,"Assassin,Duke,Captain",15,2026-02-13T22:10:55-08:00
7900,5,0,"Duke,Duke",33,2026-02-13T22:10:55-08:00
7899,5,0,"Ambassador,Duke",34,2026-02-13T22:10:55-08:00
7902,5,3,"Duke,Duke,Captain",11,2026-02-13T22:10:55-08:00
7901,5,0,"Ambassador,Duke",34,2026-02-13T22:10:55-08:00
7903,5,2,"Ambassador,Assassin,Duke,Duke",17,2026-02-13T22:10:55-08:00
7905,5,3,"Assassin,Contessa",13,2026-02-13T22:10:55-08:00
7904,5,0,"Duke,Duke",33,2026-02-13T22:10:55-08:00
7906,5,2,"Captain,Duke",24,2026-02-13T22:10:55-08:00
7907,5,1,"Duke,Assassin,Captain,Contessa,Ambassador",19,2026-02-13T22:10:55-08:00
7908,5,4,"Ambassador,Ambassador,Ambassador",24,2026-02-13T22:10:55-08:00
7909,5,1,"Duke,Assassin,Captain,Contessa,Ambassador",19,2026-02-13T22:10:55-08:00
7910,5,4,"Contessa,Assassin",25,2026-02-13T22:10:55-08:00
7911,5,4,"Assassin,Duke,Captain,Captain",10,2026-02-13T22:10:55-08:00
7913,5,4,"Assassin,Duke,Captain,Captain",10,2026-02-13T22:10:55-08:00
7912,5,4,"Contessa,Assassin",25,2026-02-13T22:10:55-08:00
7895,5,0,"Contessa,Duke,Duke,Duke",23,2026-02-13T22:10:55-08:00
7915,5,0,"Ambassador,Duke,Ambassador,Contessa",29,2026-02-13T22:10:55-08:00
7916,5,2,"Duke,Duke",15,2026-02-13T22:10:55-08:00
7914,5,2,"Duke,Duke",15,2026-02-13T22:10:55-08:00
7917,5,2,"Ambassador,Duke,Assassin,Captain",27,2026-02-13T22:10:55-08:00
7919,5,4,Captain,22,2026-02-13T22:10:55-08:00
7920,5,4,Captain,22,2026-02-13T22:10:55-08:00
7918,5,3,"Assassin,Duke,Contessa",38,2026-02-13T22:10:55-08:00
7921,5,4,"Duke,Captain,Ambassador,Duke",19,2026-02-13T22:10:55-08:00
7922,5,4,"Duke,Ambassador",19,2026-02-13T22:10:55-08:00
7923,5,4,"Assassin,Contessa",14,2026-02-13T22:10:55-08:00
7924,5,2,"Duke,Assassin,Assassin",16,2026-02-13T22:10:55-08:00
7925,5,3,"Ambassador,Ambassador,Ambassador,Ambassador,Contessa",23,2026-02-13T22:10:55-08:00
7927,5,4,"Duke,Ambassador",19,2026-02-13T22:10:55-08:00
7929,5,3,"Assassin,Duke,Captain",18,2026-02-13T22:10:55-08:00
7931,5,1,"Ambassador,Captain",16,2026-02-13T22:10:55-08:00
7933,5,4,"Captain,Duke",25,2026-02-13T22:10:55-08:00
7935,5,2,"Captain,Captain,Ambassador",4,2026-02-13T22:10:55-08:00
7930,5,4,"Captain,Duke",25,2026-02-13T22:10:55-08:00
7934,5,3,"Assassin,Duke,Captain",18,2026-02-13T22:10:55-08:00
7936,5,3,Captain,38,2026-02-13T22:10:55-08:00
7940,5,2,"Captain,Captain,Ambassador",4,2026-02-13T22:10:55-08:00
7937,5,4,"Contessa,Ambassador,Duke,Ambassador",24,2026-02-13T22:10:55-08:00
7939,5,2,"Contessa,Captain,Captain,Ambassador",20,2026-02-13T22:10:55-08:00
7941,5,0,Duke,9,2026-02-13T22:10:55-08:00
7942,5,1,Assassin,17,2026-02-13T22:10:55-08:00
7943,5,0,"Duke,Duke,Ambassador",24,2026-02-13T22:10:55-08:00
7944,5,0,"Ambassador,Ambassador,Ambassador,Ambassador,Duke",23,2026-02-13T22:10:55-08:00
7945,5,0,"Duke,Duke,Ambassador",24,2026-02-13T22:10:55-08:00
7946,5,2,"Contessa,Captain,Captain,Ambassador",20,2026-02-13T22:10:55-08:00
7947,5,0,"Ambassador,Ambassador,Ambassador,Ambassador,Duke",23,2026-02-13T22:10:55-08:00
7948,5,3,"Duke,Ambassador",15,2026-02-13T22:10:55-08:00
7949,5,0,"Ambassador,Ambassador,Ambassador,Ambassador,Duke",23,2026-02-13T22:10:55-08:00
7928,5,3,"Ambassador,Ambassador,Ambassador,Ambassador,Contessa",23,2026-02-13T22:10:55-08:00
7951,5,3,"Duke,Ambassador",15,2026-02-13T22:10:55-08:00
7952,5,3,Duke,12,2026-02-13T22:10:55-08:00
7953,5,3,"Duke,Ambassador",15,2026-02-13T22:10:55-08:00
7955,5,3,Duke,12,2026-02-13T22:10:55-08:00
7954,5,3,"Duke,Ambassador",15,2026-02-13T22:10:55-08:00
7957,5,3,Duke,12,2026-02-13T22:10:55-08:00
7959,5,1,Captain,36,2026-02-13T22:10:55-08:00
7950,5,3,"Duke,Ambassador,Duke,Contessa",11,2026-02-13T22:10:55-08:00
7958,5,3,Duke,29,2026-02-13T22:10:55-08:00
7961,5,3,Duke,29,2026-02-13T22:10:55-08:00
7926,5,3,"Ambassador,Ambassador,Ambassador,Ambassador,Contessa",23,2026-02-13T22:10:55-08:00
7938,5,0,Duke,9,2026-02-13T22:10:55-08:00
7962,5,4,"Ambassador,Assassin,Assassin",39,2026-02-13T22:10:55-08:00
7963,5,1,"Ambassador,Duke,Captain,Assassin",21,2026-02-13T22:10:55-08:00
7932,5,3,Captain,38,2026-02-13T22:10:55-08:00
7964,5,2,Duke,25,2026-02-13T22:10:55-08:00
7966,5,2,Duke,25,2026-02-13T22:10:55-08:00
7965,5,1,"Ambassador,Duke,Captain,Assassin",21,2026-02-13T22:10:55-08:00
7967,5,0,"Duke,Ambassador",29,2026-02-13T22:10:55-08:00
7968,5,0,"Duke,Ambassador",29,2026-02-13T22:10:55-08:00
7960,5,3,Duke,29,2026-02-13T22:10:55-08:00
7956,5,4,"Ambassador,Assassin,Assassin",39,2026-02-13T22:10:55-08:00
7975,5,2,"Duke,Contessa",18,2026-02-13T22:10:55-08:00
7971,5,2,"Duke,Captain",35,2026-02-13T22:10:55-08:00
7972,5,0,"Duke,Ambassador",29,2026-02-13T22:10:55-08:00
7974,5,4,"Assassin,Duke,Ambassador",44,2026-02-13T22:10:55-08:00
7976,5,3,"Contessa,Ambassador",33,2026-02-13T22:10:55-08:00
7978,5,3,"Ambassador,Assassin,Assassin",26,2026-02-13T22:10:55-08:00
7979,5,4,"Captain,Duke,Ambassador",9,2026-02-13T22:10:55-08:00
7977,5,4,"Assassin,Duke,Ambassador",44,2026-02-13T22:10:55-08:00
7981,5,0,"Assassin,Ambassador",30,2026-02-13T22:10:55-08:00
7980,5,2,Duke,80,2026-02-13T22:10:55-08:00
7982,5,4,"Contessa,Ambassador,Captain",28,2026-02-13T22:10:55-08:00
7984,5,4,"Contessa,Ambassador,Captain",28,2026-02-13T22:10:55-08:00
7983,5,4,Assassin,47,2026-02-13T22:10:55-08:00
7985,5,3,Assassin,19,2026-02-13T22:10:55-08:00
7986,5,3,"Assassin,Duke,Captain",18,2026-02-13T22:10:55-08:00
7987,5,3,"Assassin,Duke,Captain",18,2026-02-13T22:10:55-08:00
7989,5,0,Contessa,31,2026-02-13T22:10:55-08:00
7988,5,0,Contessa,31,2026-02-13T22:10:55-08:00
7991,5,2,Contessa,22,2026-02-13T22:10:55-08:00
7990,5,1,"Captain,Contessa",39,2026-02-13T22:10:55-08:00
7969,5,0,"Captain,Captain,Captain",39,2026-02-13T22:10:55-08:00
7970,5,0,Ambassador,25,2026-02-13T22:10:55-08:00
7992,5,2,Contessa,22,2026-02-13T22:10:55-08:00
7993,5,2,"Duke,Duke",30,2026-02-13T22:10:55-08:00
7973,5,4,"Assassin,Duke,Ambassador",44,2026-02-13T22:10:55-08:00
7994,5,1,"Captain,Contessa",39,2026-02-13T22:10:55-08:00
7996,5,2,"Duke,Duke",30,2026-02-13T22:10:55-08:00
7995,5,3,"Duke,Duke,Captain,Ambassador",26,2026-02-13T22:10:55-08:00
7998,5,2,"Duke,Ambassador,Duke",29,2026-02-13T22:10:55-08:00
7997,5,2,"Duke,Ambassador,Duke",29,2026-02-13T22:10:55-08:00
7999,5,4,"Ambassador,Contessa,Captain",17,2026-02-13T22:10:55-08:00
8000,6,4,"Ambassador,Assassin",28,2026-02-13T22:10:55-08:00
8002,6,0,"Contessa,Captain",23,2026-02-13T22:10:55-08:00
8004,6,0,Captain,19,2026-02-13T22:10:55-08:00
8003,6,2,Captain,35,2026-02-13T22:10:55-08:00
8006,6,0,"Contessa,Captain",23,2026-02-13T22:10:55-08:00
8005,6,5,"Contessa,Duke",22,2026-02-13T22:10:55-08:00
8008,6,4,"Contessa,Assassin",22,2026-02-13T22:10:55-08:00
8001,6,3,"Duke,Duke,Captain,Captain,Contessa,Ambassador,Assassin",44,2026-02-13T22:10:55-08:00
8007,6,5,"Duke,Captain,Ambassador",23,2026-02-13T22:10:55-08:00
8009,6,2,"Captain,Contessa,Captain",12,2026-02-13T22:10:55-08:00
8016,6,0,"Captain,Captain,Ambassador",18,2026-02-13T22:10:55-08:00
8012,6,2,"Captain,Contessa,Captain",12,2026-02-13T22:10:55-08:00
8015,6,0,"Duke,Ambassador,Contessa,Captain",27,2026-02-13T22:10:55-08:00
8017,6,2,"Ambassador,Ambassador,Ambassador",31,2026-02-13T22:10:55-08:00
8019,6,0,"Captain,Contessa,Captain",27,2026-02-13T22:10:55-08:00
8020,6,5,"Contessa,Duke,Duke",21,2026-02-13T22:10:55-08:00
8021,6,1,"Contessa,Captain",42,2026-02-13T22:10:55-08:00
8010,6,0,"Assassin,Ambassador,Assassin,Contessa,Captain",28,2026-02-13T22:10:55-08:00
8023,6,0,"Captain,Contessa,Captain",27,2026-02-13T22:10:55-08:00
8022,6,1,"Duke,Contessa",54,2026-02-13T22:10:55-08:00
8011,6,0,"Assassin,Ambassador,Assassin,Contessa,Captain",28,2026-02-13T22:10:55-08:00
8013,6,4,"Assassin,Ambassador",16,2026-02-13T22:10:55-08:00
8024,6,2,"Captain,Assassin,Captain",14,2026-02-13T22:10:55-08:00
8014,6,4,"Assassin,Duke,Assassin",22,2026-02-13T22:10:55-08:00
8025,6,2,"Captain,Duke,Duke",12,2026-02-13T22:10:55-08:00
8027,6,2,"Captain,Assassin,Captain",14,2026-02-13T22:10:55-08:00
8028,6,2,Duke,38,2026-02-13T22:10:55-08:00
8031,6,0,"Contessa,Ambassador",22,2026-02-13T22:10:55-08:00
8034,6,3,"Assassin,Ambassador",26,2026-02-13T22:10:55-08:00
8026,6,1,"Duke,Contessa",54,2026-02-13T22:10:55-08:00
8035,6,3,"Duke,Captain,Contessa,Assassin,Captain",157,2026-02-13T22:10:55-08:00
8036,6,2,"Duke,Duke",62,2026-02-13T22:10:55-08:00
8032,6,0,"Contessa,Ambassador",22,2026-02-13T22:10:55-08:00
8029,6,0,"Contessa,Ambassador",22,2026-02-13T22:10:55-08:00
8018,6,2,"Ambassador,Ambassador,Ambassador",31,2026-02-13T22:10:55-08:00
8040,6,1,"Ambassador,Ambassador,Ambassador",16,2026-02-13T22:10:55-08:00
8039,6,3,"Assassin,Ambassador",30,2026-02-13T22:10:55-08:00
8041,6,1,Assassin,54,2026-02-13T22:10:55-08:00
8043,6,0,"Captain,Contessa,Captain,Captain,Captain,Duke",10,2026-02-13T22:10:55-08:00
8038,6,0,"Captain,Assassin",36,2026-02-13T22:10:55-08:00
8042,6,1,"Assassin,Contessa,Duke,Contessa",28,2026-02-13T22:10:55-08:00
8044,6,0,"Captain,Contessa,Captain,Captain,Captain,Duke",10,2026-02-13T22:10:55-08:00
8045,6,1,Duke,34,2026-02-13T22:10:55-08:00
8046,6,1,"Assassin,Contessa,Duke,Contessa",28,2026-02-13T22:10:55-08:00
8047,6,1,Duke,34,2026-02-13T22:10:55-08:00
8048,6,0,Contessa,36,2026-02-13T22:10:55-08:00
8049,6,1,Duke,34,2026-02-13T22:10:55-08:00
8051,6,4,Duke,46,2026-02-13T22:10:55-08:00
8050,6,4,"Assassin,Assassin,Duke",24,2026-02-13T22:10:55-08:00
8052,6,4,"Assassin,Assassin,Duke",24,2026-02-13T22:10:55-08:00
8030,6,2,"Duke,Duke",62,2026-02-13T22:10:55-08:00
8054,6,4,"Assassin,Assassin,Duke",24,2026-02-13T22:10:55-08:00
8053,6,3,"Ambassador,Ambassador,Duke",38,2026-02-13T22:10:55-08:00
8055,6,2,"Captain,Captain,Ambassador",36,2026-02-13T22:10:55-08:00
8058,6,2,"Duke,Assassin,Contessa,Ambassador",8,2026-02-13T22:10:55-08:00
8060,6,1,"Captain,Ambassador,Captain,Duke,Captain",18,2026-02-13T22:10:55-08:00
8059,6,1,"Captain,Contessa,Assassin,Ambassador,Assassin",43,2026-02-13T22:10:55-08:00
8057,6,1,"Captain,Contessa,Assassin,Ambassador,Assassin",43,2026-02-13T22:10:55-08:00
8056,6,5,"Duke,Captain,Contessa,Captain",41,2026-02-13T22:10:55-08:00
8061,6,2,"Contessa,Assassin,Ambassador,Ambassador",35,2026-02-13T22:10:55-08:00
8062,6,5,"Contessa,Captain,Duke,Ambassador",20,2026-02-13T22:10:55-08:00
8064,6,2,"Duke,Assassin,Contessa,Ambassador",8,2026-02-13T22:10:55-08:00
8063,6,5,"Contessa,Captain,Duke,Ambassador",20,2026-02-13T22:10:55-08:00
8065,6,2,"Captain,Contessa",24,2026-02-13T22:10:55-08:00
8067,6,5,"Contessa,Captain,Duke,Ambassador",20,2026-02-13T22:10:55-08:00
8068,6,5,"Contessa,Captain",33,2026-02-13T22:10:55-08:00
8066,6,4,"Assassin,Duke",122,2026-02-13T22:10:55-08:00
8070,6,5,Ambassador,32,2026-02-13T22:10:55-08:00
8069,6,3,"Ambassador,Ambassador,Contessa,Assassin",27,2026-02-13T22:10:55-08:00
8071,6,5,"Captain,Captain,Ambassador",41,2026-02-13T22:10:55-08:00
8072,6,5,"Captain,Captain,Ambassador",41,2026-02-13T22:10:55-08:00
8073,6,5,"Ambassador,Ambassador,Ambassador,Duke,Duke",26,2026-02-13T22:10:55-08:00
8033,6,2,"Duke,Duke",62,2026-02-13T22:10:55-08:00
8074,6,5,"Contessa,Captain",33,2026-02-13T22:10:55-08:00
8075,6,1,Ambassador,49,2026-02-13T22:10:55-08:00
8076,6,1,"Duke,Assassin,Captain",37,2026-02-13T22:10:55-08:00
8078,6,0,"Captain,Contessa,Contessa",63,2026-02-13T22:10:55-08:00
8077,6,3,"Captain,Duke,Contessa",63,2026-02-13T22:10:55-08:00
8037,6,2,"Duke,Duke",62,2026-02-13T22:10:55-08:00
8079,6,3,Captain,26,2026-02-13T22:10:55-08:00
8080,6,1,"Duke,Assassin,Captain",37,2026-02-13T22:10:55-08:00
8081,6,1,Duke,26,2026-02-13T22:10:55-08:00
8082,6,4,Captain,49,2026-02-13T22:10:55-08:00
8084,6,5,"Contessa,Duke,Assassin,Captain",29,2026-02-13T22:10:55-08:00
8083,6,1,Contessa,33,2026-02-13T22:10:55-08:00
8087,6,5,"Duke,Assassin",20,2026-02-13T22:10:55-08:00
8086,6,1,Contessa,33,2026-02-13T22:10:55-08:00
8085,6,0,"Captain,Contessa,Contessa",63,2026-02-13T22:10:55-08:00
8089,6,2,"Ambassador,Contessa,Duke,Captain",26,2026-02-13T22:10:55-08:00
8090,6,4,"Assassin,Duke,Captain",41,2026-02-13T22:10:55-08:00
8088,6,0,"Assassin,Captain,Contessa,Duke,Captain",40,2026-02-13T22:10:55-08:00
8094,6,5,"Duke,Contessa",25,2026-02-13T22:10:55-08:00
8091,6,5,"Duke,Contessa",25,2026-02-13T22:10:55-08:00
8093,6,2,"Ambassador,Contessa,Duke,Captain",26,2026-02-13T22:10:55-08:00
8092,6,5,"Duke,Contessa",25,2026-02-13T22:10:55-08:00
8097,6,1,"Contessa,Assassin,Assassin",15,2026-02-13T22:10:55-08:00
8096,6,5,"Duke,Contessa",25,2026-02-13T22:10:55-08:00
8095,6,5,"Duke,Contessa",25,2026-02-13T22:10:55-08:00
8098,6,0,Ambassador,21,2026-02-13T22:10:55-08:00
8100,6,3,"Ambassador,Ambassador,Duke,Duke",18,2026-02-13T22:10:55-08:00
8101,6,1,"Contessa,Assassin,Assassin",15,2026-02-13T22:10:55-08:00
8099,6,5,Duke,41,2026-02-13T22:10:55-08:00
8102,6,3,"Ambassador,Ambassador,Duke,Duke",18,2026-02-13T22:10:55-08:00
8103,6,0,Ambassador,21,2026-02-13T22:10:55-08:00
8105,6,3,"Captain,Captain,Assassin",28,2026-02-13T22:10:55-08:00
8106,6,3,"Captain,Captain,Assassin",28,2026-02-13T22:10:55-08:00
8107,6,2,"Ambassador,Ambassador,Ambassador",35,2026-02-13T22:10:55-08:00
8104,6,2,"Ambassador,Ambassador,Ambassador",35,2026-02-13T22:10:55-08:00
8108,6,4,"Ambassador,Ambassador,Ambassador,Ambassador",82,2026-02-13T22:10:55-08:00
8110,6,3,"Captain,Captain,Assassin",28,2026-02-13T22:10:55-08:00
8109,6,3,"Contessa,Assassin,Duke,Assassin",58,2026-02-13T22:10:55-08:00
8111,6,3,"Ambassador,Duke,Duke",15,2026-02-13T22:10:55-08:00
8112,6,3,"Ambassador,Duke,Duke",15,2026-02-13T22:10:55-08:00
8115,6,4,"Captain,Duke,Captain,Ambassador,Duke",18,2026-02-13T22:10:55-08:00
8113,6,3,"Contessa,Assassin,Duke,Assassin",58,2026-02-13T22:10:55-08:00
8114,6,3,"Ambassador,Duke,Assassin",33,2026-02-13T22:10:55-08:00
8117,6,2,"Duke,Duke,Duke,Duke,Assassin",27,2026-02-13T22:10:55-08:00
8116,6,5,"Contessa,Ambassador",29,2026-02-13T22:10:55-08:00
8119,6,4,"Captain,Duke,Captain,Ambassador,Duke",18,2026-02-13T22:10:55-08:00
8118,6,5,Ambassador,24,2026-02-13T22:10:55-08:00
8121,6,2,"Duke,Duke,Duke,Duke,Assassin",27,2026-02-13T22:10:55-08:00
8120,6,3,"Duke,Ambassador",38,2026-02-13T22:10:55-08:00
8122,6,3,"Duke,Ambassador",38,2026-02-13T22:10:55-08:00
8123,6,0,"Duke,Contessa,Captain",10,2026-02-13T22:10:55-08:00
8124,6,0,"Duke,Duke,Ambassador",60,2026-02-13T22:10:55-08:00
8126,6,1,"Ambassador,Duke,Contessa",49,2026-02-13T22:10:55-08:00
8128,6,3,Contessa,75,2026-02-13T22:10:55-08:00
8127,6,0,"Duke,Contessa,Captain",10,2026-02-13T22:10:55-08:00
8130,6,0,"Ambassador,Duke,Assassin",15,2026-02-13T22:10:55-08:00
8129,6,1,"Ambassador,Duke,Contessa",49,2026-02-13T22:10:55-08:00
8131,6,2,"Duke,Assassin,Contessa",36,2026-02-13T22:10:55-08:00
8132,6,2,"Duke,Assassin,Contessa",36,2026-02-13T22:10:55-08:00
8125,6,3,Assassin,81,2026-02-13T22:10:55-08:00
8134,6,0,"Ambassador,Duke,Assassin",15,2026-02-13T22:10:55-08:00
8133,6,2,"Duke,Assassin,Contessa",36,2026-02-13T22:10:55-08:00
8135,6,5,"Duke,Ambassador",65,2026-02-13T22:10:55-08:00
8139,6,1,"Duke,Duke,Duke",13,2026-02-13T22:10:55-08:00
8141,6,1,"Contessa,Captain,Captain",56,2026-02-13T22:10:55-08:00
8140,6,1,"Contessa,Captain,Captain",56,2026-02-13T22:10:55-08:00
8137,6,2,Captain,56,2026-02-13T22:10:55-08:00
8138,6,1,"Duke,Duke,Duke",13,2026-02-13T22:10:55-08:00
8142,6,2,"Duke,Duke,Duke",68,2026-02-13T22:10:55-08:00
8144,6,2,"Captain,Contessa,Ambassador,Assassin",35,2026-02-13T22:10:55-08:00
8143,6,2,"Duke,Duke,Duke",68,2026-02-13T22:10:55-08:00
8145,6,1,"Duke,Duke,Duke",13,2026-02-13T22:10:55-08:00
8148,6,5,"Ambassador,Captain",29,2026-02-13T22:10:55-08:00
8147,6,2,"Captain,Contessa,Ambassador,Assassin",35,2026-02-13T22:10:55-08:00
8146,6,2,"Duke,Duke,Duke",68,2026-02-13T22:10:55-08:00
8149,6,1,"Contessa,Captain",37,2026-02-13T22:10:55-08:00
8150,6,5,Assassin,18,2026-02-13T22:10:55-08:00
8151,6,5,"Ambassador,Captain",29,2026-02-13T22:10:55-08:00
8152,6,0,"Assassin,Assassin,Captain",36,2026-02-13T22:10:55-08:00
8153,6,5,"Contessa,Assassin,Ambassador",29,2026-02-13T22:10:55-08:00
8155,6,5,Assassin,18,2026-02-13T22:10:55-08:00
8154,6,2,Duke,38,2026-02-13T22:10:55-08:00
8156,6,2,Duke,36,2026-02-13T22:10:55-08:00
8157,6,5,"Contessa,Duke,Captain",43,2026-02-13T22:10:55-08:00
8158,6,0,"Ambassador,Ambassador,Assassin,Assassin",24,2026-02-13T22:10:55-08:00
8136,6,2,"Duke,Assassin,Contessa",36,2026-02-13T22:10:55-08:00
8162,6,0,"Ambassador,Duke,Assassin,Ambassador",42,2026-02-13T22:10:55-08:00
8165,6,3,"Ambassador,Duke,Duke,Duke",27,2026-02-13T22:10:55-08:00
8163,6,1,"Captain,Assassin",36,2026-02-13T22:10:55-08:00
8160,6,5,"Assassin,Duke",41,2026-02-13T22:10:55-08:00
8159,6,5,"Captain,Contessa,Ambassador",43,2026-02-13T22:10:55-08:00
8164,6,1,"Captain,Captain,Captain,Assassin",55,2026-02-13T22:10:55-08:00
8166,6,1,"Captain,Assassin",36,2026-02-13T22:10:55-08:00
8168,6,0,"Ambassador,Ambassador",19,2026-02-13T22:10:55-08:00
8170,6,2,"Duke,Assassin",27,2026-02-13T22:10:55-08:00
8167,6,1,"Captain,Captain,Captain,Assassin",55,2026-02-13T22:10:55-08:00
8171,6,3,Duke,51,2026-02-13T22:10:55-08:00
8173,6,0,"Ambassador,Ambassador,Duke,Captain",13,2026-02-13T22:10:55-08:00
8172,6,2,"Duke,Ambassador,Assassin",38,2026-02-13T22:10:55-08:00
8169,6,2,"Captain,Captain,Ambassador,Captain,Captain,Ambassador,Duke",80,2026-02-13T22:10:55-08:00
8175,6,2,"Captain,Captain,Duke",14,2026-02-13T22:10:55-08:00
8174,6,2,"Duke,Ambassador,Assassin",38,2026-02-13T22:10:55-08:00
8176,6,3,"Assassin,Ambassador",41,2026-02-13T22:10:55-08:00
8177,6,2,"Duke,Assassin",27,2026-02-13T22:10:55-08:00
8178,6,5,Duke,37,2026-02-13T22:10:55-08:00
8180,6,4,"Assassin,Duke,Assassin,Captain",40,2026-02-13T22:10:55-08:00
8182,6,0,"Ambassador,Ambassador,Ambassador,Ambassador",32,2026-02-13T22:10:55-08:00
8181,6,0,"Duke,Captain",24,2026-02-13T22:10:55-08:00
8161,6,0,"Ambassador,Ambassador,Assassin,Assassin",24,2026-02-13T22:10:55-08:00
8186,6,3,"Assassin,Assassin,Duke",21,2026-02-13T22:10:55-08:00
8183,6,5,"Duke,Duke,Assassin,Duke",29,2026-02-13T22:10:55-08:00
8187,6,3,"Assassin,Assassin,Duke",21,2026-02-13T22:10:55-08:00
8188,6,5,"Duke,Assassin,Captain,Captain",35,2026-02-13T22:10:55-08:00
8185,6,0,"Assassin,Captain,Assassin,Captain,Captain",36,2026-02-13T22:10:55-08:00
8189,6,0,"Duke,Assassin,Assassin",34,2026-02-13T22:10:55-08:00
8190,6,5,"Duke,Assassin,Captain,Captain",35,2026-02-13T22:10:55-08:00
8191,6,3,"Assassin,Assassin,Duke",21,2026-02-13T22:10:55-08:00
8192,6,2,"Assassin,Duke,Ambassador,Contessa,Assassin,Assassin",30,2026-02-13T22:10:55-08:00
8193,6,0,"Duke,Ambassador",42,2026-02-13T22:10:55-08:00
8194,6,2,"Assassin,Duke,Ambassador,Contessa,Assassin,Assassin",30,2026-02-13T22:10:55-08:00
8195,6,2,"Assassin,Duke,Ambassador,Contessa,Assassin,Assassin",30,2026-02-13T22:10:55-08:00
8196,6,1,Assassin,40,2026-02-13T22:10:55-08:00
8197,6,4,"Ambassador,Captain,Assassin,Ambassador",28,2026-02-13T22:10:55-08:00
8198,6,3,"Duke,Captain,Assassin,Duke,Ambassador,Ambassador",27,2026-02-13T22:10:55-08:00
8199,6,1,"Assassin,Captain",31,2026-02-13T22:10:55-08:00
8202,6,5,"Ambassador,Ambassador,Duke",18,2026-02-13T22:10:55-08:00
8200,6,3,"Duke,Captain,Assassin,Duke,Ambassador,Ambassador",27,2026-02-13T22:10:55-08:00
8201,6,3,"Duke,Captain,Assassin,Duke,Ambassador,Ambassador",27,2026-02-13T22:10:55-08:00
8184,6,0,"Assassin,Captain,Assassin,Captain,Captain",36,2026-02-13T22:10:55-08:00
8208,6,2,"Duke,Captain,Duke",18,2026-02-13T22:10:55-08:00
8207,6,2,"Duke,Captain,Duke",18,2026-02-13T22:10:55-08:00
8206,6,5,"Ambassador,Duke",37,2026-02-13T22:10:55-08:00
8204,6,4,Duke,58,2026-02-13T22:10:55-08:00
8209,6,3,Ambassador,43,2026-02-13T22:10:55-08:00
8205,6,3,Ambassador,43,2026-02-13T22:10:55-08:00
8212,6,0,"Duke,Duke,Captain,Contessa",15,2026-02-13T22:10:55-08:00
8211,6,3,"Assassin,Contessa",47,2026-02-13T22:10:55-08:00
8210,6,5,"Ambassador,Duke",37,2026-02-13T22:10:55-08:00
8214,6,0,"Duke,Duke,Captain,Contessa",15,2026-02-13T22:10:55-08:00
8213,6,3,"Assassin,Contessa",47,2026-02-13T22:10:55-08:00
8215,6,0,"Duke,Assassin,Ambassador",22,2026-02-13T22:10:55-08:00
8216,6,2,"Captain,Duke,Ambassador",23,2026-02-13T22:10:55-08:00
8218,6,4,"Captain,Contessa,Contessa",20,2026-02-13T22:10:55-08:00
8217,6,4,"Captain,Contessa,Contessa",20,2026-02-13T22:10:55-08:00
8220,6,5,"Duke,Duke,Assassin,Duke",20,2026-02-13T22:10:55-08:00
8219,6,0,"Duke,Assassin,Ambassador",22,2026-02-13T22:10:55-08:00
8221,6,5,"Duke,Duke",27,2026-02-13T22:10:55-08:00
8223,6,1,"Assassin,Duke,Captain,Duke,Duke",18,2026-02-13T22:10:55-08:00
8179,6,4,"Assassin,Duke,Assassin,Captain",40,2026-02-13T22:10:55-08:00
8225,6,5,"Duke,Duke",27,2026-02-13T22:10:55-08:00
8222,6,4,Assassin,40,2026-02-13T22:10:55-08:00
8228,6,3,"Assassin,Assassin",34,2026-02-13T22:10:55-08:00
8227,6,5,"Duke,Duke",27,2026-02-13T22:10:55-08:00
8229,6,5,Contessa,41,2026-02-13T22:10:55-08:00
8232,6,5,"Ambassador,Ambassador,Ambassador,Ambassador",34,2026-02-13T22:10:55-08:00
8231,6,5,"Assassin,Captain",59,2026-02-13T22:10:55-08:00
8233,6,5,"Ambassador,Assassin",59,2026-02-13T22:10:55-08:00
8234,6,5,"Assassin,Captain",59,2026-02-13T22:10:55-08:00
8236,6,0,"Contessa,Duke,Ambassador,Duke,Contessa",24,2026-02-13T22:10:55-08:00
8235,6,4,"Captain,Ambassador",51,2026-02-13T22:10:55-08:00
8237,6,2,Duke,50,2026-02-13T22:10:55-08:00
8238,6,5,Duke,65,2026-02-13T22:10:55-08:00
8239,6,5,"Captain,Captain",35,2026-02-13T22:10:55-08:00
8240,6,5,Duke,65,2026-02-13T22:10:55-08:00
8242,6,5,"Captain,Captain",35,2026-02-13T22:10:55-08:00
8241,6,3,"Duke,Contessa,Ambassador",41,2026-02-13T22:10:55-08:00
8243,6,4,"Duke,Duke",25,2026-02-13T22:10:55-08:00
8224,6,1,"Assassin,Duke,Captain,Duke,Duke",18,2026-02-13T22:10:55-08:00
8226,6,5,"Ambassador,Ambassador,Ambassador,Ambassador",34,2026-02-13T22:10:55-08:00
8244,6,5,"Captain,Captain",35,2026-02-13T22:10:55-08:00
8230,6,5,"Ambassador,Assassin",59,2026-02-13T22:10:55-08:00
8203,6,5,"Ambassador,Ambassador,Duke",18,2026-02-13T22:10:55-08:00
8245,6,4,"Captain,Duke,Ambassador",58,2026-02-13T22:10:55-08:00
8246,6,4,"Captain,Duke,Ambassador",58,2026-02-13T22:10:55-08:00
8247,6,5,"Ambassador,Captain,Ambassador,Contessa",21,2026-02-13T22:10:55-08:00
8248,6,5,"Ambassador,Captain,Ambassador,Contessa",21,2026-02-13T22:10:55-08:00
8249,6,2,Duke,44,2026-02-13T22:10:55-08:00
8250,6,2,Duke,44,2026-02-13T22:10:55-08:00
8251,6,5,"Assassin,Contessa",33,2026-02-13T22:10:55-08:00
8252,6,5,"Assassin,Contessa",33,2026-02-13T22:10:55-08:00
8253,6,4,"Contessa,Captain,Ambassador",36,2026-02-13T22:10:55-08:00
8254,6,4,"Contessa,Captain,Ambassador",36,2026-02-13T22:10:55-08:00
8255,6,5,"Assassin,Assassin,Captain",35,2026-02-13T22:10:55-08:00
8256,6,5,"Assassin,Assassin,Captain",35,2026-02-13T22:10:55-08:00
8257,6,5,"Duke,Contessa",40,2026-02-13T22:10:55-08:00
8258,6,5,"Duke,Contessa",40,2026-02-13T22:10:55-08:00
8259,6,0,"Assassin,Duke,Assassin",32,2026-02-13T22:10:55-08:00
8260,6,0,"Assassin,Duke,Assassin",32,2026-02-13T22:10:55-08:00
8261,6,0,"Assassin,Duke,Assassin",32,2026-02-13T22:10:55-08:00
8264,6,4,"Duke,Captain,Assassin",19,2026-02-13T22:10:55-08:00
8268,6,2,"Assassin,Duke,Contessa,Assassin",44,2026-02-13T22:10:55-08:00
8269,6,2,"Assassin,Duke,Contessa,Assassin",44,2026-02-13T22:10:55-08:00
8270,6,5,"Contessa,Duke,Duke,Assassin,Ambassador",31,2026-02-13T22:10:55-08:00
8272,6,3,"Captain,Captain,Assassin,Captain",29,2026-02-13T22:10:55-08:00
8271,6,3,"Captain,Captain,Assassin,Captain",29,2026-02-13T22:10:55-08:00
8275,6,4,Duke,37,2026-02-13T22:10:55-08:00
8273,6,4,"Contessa,Duke,Duke,Captain,Ambassador,Captain",27,2026-02-13T22:10:55-08:00
8262,6,2,"Duke,Captain",31,2026-02-13T22:10:55-08:00
8276,6,4,"Captain,Assassin,Ambassador",11,2026-02-13T22:10:55-08:00
8277,6,3,"Captain,Contessa,Captain",61,2026-02-13T22:10:55-08:00
8278,6,0,Captain,34,2026-02-13T22:10:55-08:00
8279,6,0,Captain,34,2026-02-13T22:10:55-08:00
8266,6,4,"Duke,Captain,Assassin",19,2026-02-13T22:10:55-08:00
8280,6,2,"Assassin,Ambassador",24,2026-02-13T22:10:55-08:00
8281,6,3,"Contessa,Captain",63,2026-02-13T22:10:55-08:00
8263,6,4,"Duke,Captain,Assassin",19,2026-02-13T22:10:55-08:00
8284,6,1,"Duke,Contessa,Ambassador,Captain",30,2026-02-13T22:10:55-08:00
8282,6,3,"Contessa,Captain",63,2026-02-13T22:10:55-08:00
8283,6,2,Contessa,62,2026-02-13T22:10:55-08:00
8285,6,5,"Duke,Captain,Captain,Assassin",35,2026-02-13T22:10:55-08:00
8265,6,5,"Contessa,Duke,Duke,Assassin,Ambassador",31,2026-02-13T22:10:55-08:00
8267,6,2,"Duke,Captain",31,2026-02-13T22:10:55-08:00
8289,6,3,"Assassin,Captain,Captain,Assassin,Captain",51,2026-02-13T22:10:55-08:00
8291,6,1,"Ambassador,Ambassador,Contessa",41,2026-02-13T22:10:55-08:00
8274,6,1,"Assassin,Assassin",32,2026-02-13T22:10:55-08:00
8287,6,3,"Assassin,Captain,Captain,Assassin,Captain",51,2026-02-13T22:10:55-08:00
8292,6,5,"Assassin,Duke,Duke,Duke",29,2026-02-13T22:10:55-08:00
8294,6,4,"Ambassador,Captain,Captain,Captain",18,2026-02-13T22:10:55-08:00
8295,6,2,Assassin,26,2026-02-13T22:10:55-08:00
8293,6,5,"Assassin,Duke,Duke,Duke",29,2026-02-13T22:10:55-08:00
8296,6,1,"Ambassador,Ambassador,Contessa",41,2026-02-13T22:10:55-08:00
8297,6,1,"Ambassador,Ambassador,Contessa",41,2026-02-13T22:10:55-08:00
8298,6,1,Contessa,23,2026-02-13T22:10:55-08:00
8299,6,2,"Duke,Duke",14,2026-02-13T22:10:55-08:00
8302,6,2,"Duke,Duke",14,2026-02-13T22:10:55-08:00
8300,6,2,Ambassador,52,2026-02-13T22:10:55-08:00
8303,6,0,"Captain,Assassin",17,2026-02-13T22:10:55-08:00
8305,6,4,"Contessa,Ambassador",23,2026-02-13T22:10:55-08:00
8301,6,2,"Duke,Duke",14,2026-02-13T22:10:55-08:00
8306,6,4,"Contessa,Ambassador",23,2026-02-13T22:10:55-08:00
8307,6,3,"Assassin,Duke,Assassin",26,2026-02-13T22:10:55-08:00
8308,6,3,Contessa,33,2026-02-13T22:10:55-08:00
8290,6,3,"Duke,Assassin",48,2026-02-13T22:10:55-08:00
8286,6,3,"Assassin,Captain,Captain,Assassin,Captain",51,2026-02-13T22:10:55-08:00
8309,6,5,"Ambassador,Duke,Assassin",16,2026-02-13T22:10:55-08:00
8310,6,0,"Captain,Assassin",17,2026-02-13T22:10:55-08:00
8288,6,5,"Assassin,Duke,Duke,Duke",29,2026-02-13T22:10:55-08:00
8313,6,2,"Duke,Assassin,Captain,Duke",48,2026-02-13T22:10:55-08:00
8315,6,2,Duke,50,2026-02-13T22:10:55-08:00
8314,6,2,Duke,50,2026-02-13T22:10:55-08:00
8312,6,5,"Assassin,Ambassador,Captain",56,2026-02-13T22:10:55-08:00
8311,6,1,"Duke,Contessa",73,2026-02-13T22:10:55-08:00
8319,6,5,"Assassin,Contessa,Ambassador,Duke,Contessa",22,2026-02-13T22:10:55-08:00
8304,6,1,"Assassin,Captain,Duke",43,2026-02-13T22:10:55-08:00
8320,6,5,"Duke,Assassin",33,2026-02-13T22:10:55-08:00
8317,6,4,"Duke,Contessa",70,2026-02-13T22:10:55-08:00
8318,6,2,"Contessa,Ambassador,Assassin",38,2026-02-13T22:10:55-08:00
8322,6,3,"Ambassador,Ambassador,Assassin,Duke",26,2026-02-13T22:10:55-08:00
8323,6,3,"Assassin,Captain,Captain,Duke",12,2026-02-13T22:10:55-08:00
8324,6,2,"Duke,Captain,Captain,Captain",45,2026-02-13T22:10:55-08:00
8327,6,1,"Captain,Assassin,Captain,Duke,Assassin,Assassin",31,2026-02-13T22:10:55-08:00
8321,6,4,"Duke,Contessa",70,2026-02-13T22:10:55-08:00
8326,6,0,"Contessa,Duke",35,2026-02-13T22:10:55-08:00
8325,6,2,"Duke,Captain,Captain,Captain",45,2026-02-13T22:10:55-08:00
8330,6,4,Ambassador,52,2026-02-13T22:10:55-08:00
8328,6,0,"Captain,Ambassador",58,2026-02-13T22:10:55-08:00
8331,6,1,"Ambassador,Ambassador",53,2026-02-13T22:10:55-08:00
8335,6,2,"Contessa,Ambassador",32,2026-02-13T22:10:55-08:00
8329,6,0,"Contessa,Duke",35,2026-02-13T22:10:55-08:00
8334,6,1,"Ambassador,Ambassador",53,2026-02-13T22:10:55-08:00
8336,6,4,"Assassin,Captain,Contessa",46,2026-02-13T22:10:55-08:00
8337,6,4,"Assassin,Captain,Contessa",46,2026-02-13T22:10:55-08:00
8339,6,2,Assassin,46,2026-02-13T22:10:55-08:00
8338,6,4,"Captain,Ambassador,Duke",23,2026-02-13T22:10:55-08:00
8340,6,4,"Assassin,Captain,Contessa",46,2026-02-13T22:10:55-08:00
8341,6,1,"Duke,Duke,Assassin",34,2026-02-13T22:10:55-08:00
8343,6,2,"Duke,Duke",28,2026-02-13T22:10:55-08:00
8344,6,1,"Duke,Duke,Assassin",34,2026-02-13T22:10:55-08:00
8342,6,1,"Duke,Duke,Assassin",34,2026-02-13T22:10:55-08:00
8345,6,1,"Duke,Duke,Assassin",34,2026-02-13T22:10:55-08:00
8349,6,1,"Ambassador,Duke",29,2026-02-13T22:10:55-08:00
8346,6,2,"Ambassador,Ambassador,Ambassador,Assassin",47,2026-02-13T22:10:55-08:00
8347,6,3,"Captain,Contessa,Captain,Duke",45,2026-02-13T22:10:55-08:00
8348,6,1,"Contessa,Assassin,Contessa",46,2026-02-13T22:10:55-08:00
8332,6,1,"Captain,Assassin,Captain,Duke,Assassin,Assassin",31,2026-02-13T22:10:55-08:00
8350,6,2,"Ambassador,Ambassador,Ambassador,Assassin",47,2026-02-13T22:10:55-08:00
8352,6,1,"Duke,Contessa",23,2026-02-13T22:10:55-08:00
8351,6,5,"Contessa,Ambassador",29,2026-02-13T22:10:55-08:00
8356,6,1,"Duke,Contessa",23,2026-02-13T22:10:55-08:00
8354,6,1,"Assassin,Duke",43,2026-02-13T22:10:55-08:00
8357,6,2,"Contessa,Duke,Assassin,Duke,Assassin",26,2026-02-13T22:10:55-08:00
8358,6,2,"Contessa,Duke,Assassin,Duke,Assassin",26,2026-02-13T22:10:55-08:00
8355,6,1,"Assassin,Duke",43,2026-02-13T22:10:55-08:00
8361,6,3,"Duke,Assassin,Captain",42,2026-02-13T22:10:55-08:00
8363,6,2,"Contessa,Duke,Assassin,Duke,Assassin",26,2026-02-13T22:10:55-08:00
8362,6,3,"Duke,Assassin,Captain",42,2026-02-13T22:10:55-08:00
8359,6,3,Duke,123,2026-02-13T22:10:55-08:00
8360,6,3,Duke,123,2026-02-13T22:10:55-08:00
8364,6,0,"Captain,Ambassador,Contessa,Ambassador",30,2026-02-13T22:10:55-08:00
8366,6,3,"Duke,Duke",22,2026-02-13T22:10:55-08:00
8367,6,2,"Duke,Captain,Captain,Captain,Assassin",24,2026-02-13T22:10:55-08:00
8365,6,1,Contessa,55,2026-02-13T22:10:55-08:00
8368,6,2,"Duke,Captain,Captain,Captain,Assassin",24,2026-02-13T22:10:55-08:00
8333,6,1,"Captain,Assassin,Assassin,Contessa",19,2026-02-13T22:10:55-08:00
8369,6,5,Duke,43,2026-02-13T22:10:55-08:00
8370,6,5,Duke,43,2026-02-13T22:10:55-08:00
8371,6,0,"Ambassador,Ambassador,Ambassador",17,2026-02-13T22:10:55-08:00
8373,6,2,"Assassin,Captain,Assassin",26,2026-02-13T22:10:55-08:00
8372,6,1,"Duke,Assassin,Duke,Contessa,Assassin",42,2026-02-13T22:10:55-08:00
8374,6,1,Contessa,33,2026-02-13T22:10:55-08:00
8376,6,0,"Contessa,Ambassador",30,2026-02-13T22:10:55-08:00
8375,6,0,"Contessa,Ambassador",30,2026-02-13T22:10:55-08:00
8378,6,2,"Ambassador,Assassin",56,2026-02-13T22:10:55-08:00
8379,6,2,"Ambassador,Assassin",56,2026-02-13T22:10:55-08:00
8377,6,2,"Ambassador,Assassin",56,2026-02-13T22:10:55-08:00
8381,6,4,"Assassin,Duke,Assassin",52,2026-02-13T22:10:55-08:00
8382,6,1,"Duke,Contessa,Assassin",72,2026-02-13T22:10:55-08:00
8380,6,1,"Duke,Ambassador",86,2026-02-13T22:10:55-08:00
8386,6,4,"Duke,Ambassador,Assassin,Duke",21,2026-02-13T22:10:55-08:00
8385,6,5,"Duke,Contessa,Ambassador,Captain,Captain",56,2026-02-13T22:10:55-08:00
8383,6,1,"Duke,Ambassador",86,2026-02-13T22:10:55-08:00
8388,6,0,"Assassin,Ambassador",30,2026-02-13T22:10:55-08:00
8384,6,1,"Duke,Ambassador",86,2026-02-13T22:10:55-08:00
8387,6,2,"Contessa,Contessa",42,2026-02-13T22:10:55-08:00
8316,6,1,"Ambassador,Ambassador",76,2026-02-13T22:10:55-08:00
8353,6,5,"Contessa,Ambassador",29,2026-02-13T22:10:55-08:00
8394,6,1,"Duke,Captain,Duke",23,2026-02-13T22:10:55-08:00
8390,6,4,"Duke,Ambassador,Assassin,Duke",21,2026-02-13T22:10:55-08:00
8393,6,2,"Contessa,Contessa",42,2026-02-13T22:10:55-08:00
8395,6,2,"Contessa,Contessa",22,2026-02-13T22:10:55-08:00
8391,6,2,"Contessa,Contessa",42,2026-02-13T22:10:55-08:00
8396,6,1,"Duke,Captain,Assassin,Captain",23,2026-02-13T22:10:55-08:00
8399,6,1,"Duke,Captain,Assassin,Captain",23,2026-02-13T22:10:55-08:00
8398,6,1,"Duke,Captain,Assassin,Captain",23,2026-02-13T22:10:55-08:00
8397,6,5,Assassin,35,2026-02-13T22:10:55-08:00
8400,6,1,"Duke,Captain,Assassin,Captain",23,2026-02-13T22:10:55-08:00
8401,6,5,Assassin,35,2026-02-13T22:10:55-08:00
8402,6,5,"Ambassador,Contessa,Duke,Duke,Contessa,Duke",23,2026-02-13T22:10:55-08:00
8404,6,5,"Ambassador,Contessa,Duke,Duke,Contessa,Duke",23,2026-02-13T22:10:55-08:00
8406,6,5,"Ambassador,Contessa,Duke,Duke,Contessa,Duke",23,2026-02-13T22:10:55-08:00
8403,6,5,Assassin,35,2026-02-13T22:10:55-08:00
8407,6,1,"Captain,Duke,Ambassador,Duke",25,2026-02-13T22:10:55-08:00
8405,6,1,"Duke,Ambassador,Captain",65,2026-02-13T22:10:55-08:00
8410,6,1,"Captain,Duke,Ambassador,Duke",25,2026-02-13T22:10:55-08:00
8408,6,1,"Duke,Ambassador,Captain",65,2026-02-13T22:10:55-08:00
8409,6,2,"Ambassador,Contessa",38,2026-02-13T22:10:55-08:00
8411,6,4,"Ambassador,Duke,Contessa",16,2026-02-13T22:10:55-08:00
8392,6,5,Contessa,33,2026-02-13T22:10:55-08:00
8389,6,2,"Contessa,Contessa",22,2026-02-13T22:10:55-08:00
8413,6,1,"Ambassador,Assassin,Duke",27,2026-02-13T22:10:55-08:00
8414,6,2,"Assassin,Duke,Captain",24,2026-02-13T22:10:55-08:00
8412,6,1,"Duke,Ambassador,Captain",65,2026-02-13T22:10:55-08:00
8416,6,0,"Assassin,Contessa",17,2026-02-13T22:10:55-08:00
8417,6,4,"Duke,Contessa,Ambassador,Duke",17,2026-02-13T22:10:55-08:00
8415,6,2,"Assassin,Duke",14,2026-02-13T22:10:55-08:00
8418,6,2,"Assassin,Duke",14,2026-02-13T22:10:55-08:00
8419,6,0,"Assassin,Contessa",17,2026-02-13T22:10:55-08:00
8420,6,5,"Assassin,Captain,Ambassador,Ambassador,Ambassador,Ambassador",29,2026-02-13T22:10:55-08:00
8421,6,3,"Ambassador,Ambassador",51,2026-02-13T22:10:55-08:00
8422,6,1,"Captain,Contessa",68,2026-02-13T22:10:55-08:00
8423,6,5,"Assassin,Assassin,Captain",118,2026-02-13T22:10:55-08:00
8427,6,4,"Assassin,Contessa,Captain,Ambassador",34,2026-02-13T22:10:55-08:00
8426,6,3,"Ambassador,Ambassador",51,2026-02-13T22:10:55-08:00
8425,6,3,"Assassin,Contessa",31,2026-02-13T22:10:55-08:00
8424,6,1,"Captain,Contessa",68,2026-02-13T22:10:55-08:00
8430,6,0,"Assassin,Assassin",42,2026-02-13T22:10:55-08:00
8431,6,4,"Contessa,Contessa,Ambassador,Ambassador,Ambassador,Captain",25,2026-02-13T22:10:55-08:00
8428,6,1,"Captain,Duke,Captain",19,2026-02-13T22:10:55-08:00
8434,6,4,"Captain,Assassin",23,2026-02-13T22:10:55-08:00
8432,6,5,"Duke,Assassin,Contessa,Captain",62,2026-02-13T22:10:55-08:00
8433,6,0,"Assassin,Assassin",42,2026-02-13T22:10:55-08:00
8435,6,1,"Assassin,Captain,Assassin",19,2026-02-13T22:10:55-08:00
8436,6,1,"Assassin,Captain,Assassin",19,2026-02-13T22:10:55-08:00
8437,6,3,"Assassin,Contessa",77,2026-02-13T22:10:55-08:00
8439,6,2,Captain,30,2026-02-13T22:10:55-08:00
8440,6,0,"Duke,Duke,Assassin",29,2026-02-13T22:10:55-08:00
8441,6,2,Captain,30,2026-02-13T22:10:55-08:00
8438,6,3,"Assassin,Contessa",77,2026-02-13T22:10:55-08:00
8442,6,0,Assassin,71,2026-02-13T22:10:55-08:00
8443,6,0,Assassin,71,2026-02-13T22:10:55-08:00
8445,6,3,"Duke,Captain,Ambassador",35,2026-02-13T22:10:55-08:00
8447,6,3,"Duke,Captain,Ambassador",35,2026-02-13T22:10:55-08:00
8444,6,0,"Duke,Assassin",132,2026-02-13T22:10:55-08:00
8446,6,0,"Duke,Assassin",132,2026-02-13T22:10:55-08:00
8429,6,5,"Assassin,Assassin,Captain",118,2026-02-13T22:10:55-08:00
8448,6,1,"Assassin,Ambassador,Captain",24,2026-02-13T22:10:55-08:00
8449,6,1,"Assassin,Duke,Ambassador,Captain,Contessa",22,2026-02-13T22:10:55-08:00
8450,6,1,"Assassin,Assassin",32,2026-02-13T22:10:55-08:00
8452,6,0,"Captain,Ambassador,Ambassador",22,2026-02-13T22:10:55-08:00
8451,6,4,Captain,46,2026-02-13T22:10:55-08:00
8456,6,4,"Captain,Assassin,Captain,Ambassador",22,2026-02-13T22:10:55-08:00
8454,6,3,"Captain,Captain,Ambassador",34,2026-02-13T22:10:55-08:00
8457,6,0,"Captain,Ambassador,Ambassador",22,2026-02-13T22:10:55-08:00
8458,6,3,"Ambassador,Captain,Duke,Captain",27,2026-02-13T22:10:55-08:00
8455,6,3,"Captain,Captain,Ambassador",34,2026-02-13T22:10:55-08:00
8459,6,2,Contessa,26,2026-02-13T22:10:55-08:00
8460,6,3,Contessa,57,2026-02-13T22:10:55-08:00
8461,6,3,Contessa,57,2026-02-13T22:10:55-08:00
8462,6,2,Contessa,26,2026-02-13T22:10:55-08:00
8463,6,3,"Captain,Ambassador",57,2026-02-13T22:10:55-08:00
8464,6,3,Contessa,57,2026-02-13T22:10:55-08:00
8465,6,0,"Duke,Ambassador",48,2026-02-13T22:10:55-08:00
8468,6,5,"Contessa,Ambassador",40,2026-02-13T22:10:55-08:00
8469,6,3,"Assassin,Contessa",27,2026-02-13T22:10:55-08:00
8470,6,0,"Captain,Captain,Duke,Ambassador,Captain,Contessa",36,2026-02-13T22:10:55-08:00
8466,6,3,"Assassin,Contessa",27,2026-02-13T22:10:55-08:00
8467,6,5,"Contessa,Ambassador",40,2026-02-13T22:10:55-08:00
8472,6,5,"Captain,Duke,Assassin,Captain,Duke,Duke",28,2026-02-13T22:10:55-08:00
8471,6,5,"Contessa,Ambassador",40,2026-02-13T22:10:55-08:00
8473,6,4,"Ambassador,Ambassador,Ambassador,Ambassador",17,2026-02-13T22:10:55-08:00
8474,6,2,"Ambassador,Captain,Captain,Assassin,Duke",20,2026-02-13T22:10:55-08:00
8477,6,0,"Duke,Assassin,Assassin,Duke,Captain,Captain,Captain,Ambassador",18,2026-02-13T22:10:55-08:00
8475,6,5,"Duke,Assassin,Contessa,Assassin",41,2026-02-13T22:10:55-08:00
8476,6,0,"Contessa,Captain,Ambassador",54,2026-02-13T22:10:55-08:00
8481,6,1,Ambassador,39,2026-02-13T22:10:55-08:00
8483,6,1,Ambassador,39,2026-02-13T22:10:55-08:00
8478,6,4,"Ambassador,Ambassador,Ambassador,Ambassador",17,2026-02-13T22:10:55-08:00
8482,6,4,Contessa,43,2026-02-13T22:10:55-08:00
8484,6,4,Contessa,43,2026-02-13T22:10:55-08:00
8480,6,3,"Duke,Captain,Captain,Ambassador",111,2026-02-13T22:10:55-08:00
8485,6,1,"Captain,Duke,Captain,Captain",39,2026-02-13T22:10:55-08:00
8479,6,1,"Duke,Assassin,Assassin",31,2026-02-13T22:10:55-08:00
8453,6,0,"Captain,Ambassador,Ambassador",22,2026-02-13T22:10:55-08:00
8487,6,4,"Duke,Contessa,Ambassador,Ambassador,Duke",20,2026-02-13T22:10:55-08:00
8489,6,0,Contessa,29,2026-02-13T22:10:55-08:00
8488,6,3,"Captain,Captain",45,2026-02-13T22:10:55-08:00
8486,6,3,"Duke,Captain,Captain,Ambassador",111,2026-02-13T22:10:55-08:00
8490,6,3,"Captain,Captain",45,2026-02-13T22:10:55-08:00
8491,6,0,"Captain,Assassin,Assassin",20,2026-02-13T22:10:55-08:00
8492,6,3,"Captain,Captain",45,2026-02-13T22:10:55-08:00
8493,6,0,"Captain,Assassin,Assassin",20,2026-02-13T22:10:55-08:00
8494,6,1,"Duke,Ambassador,Contessa",30,2026-02-13T22:10:55-08:00
8495,6,0,"Captain,Assassin,Assassin",20,2026-02-13T22:10:55-08:00
8496,6,1,"Duke,Ambassador,Contessa",30,2026-02-13T22:10:55-08:00
8497,6,3,"Assassin,Captain,Contessa",24,2026-02-13T22:10:55-08:00
8498,6,1,"Duke,Ambassador,Contessa",30,2026-02-13T22:10:55-08:00
8499,6,3,"Assassin,Captain,Contessa",24,2026-02-13T22:10:55-08:00
8500,6,0,"Assassin,Ambassador",21,2026-02-13T22:10:55-08:00
8501,6,3,"Assassin,Captain,Contessa",24,2026-02-13T22:10:55-08:00
8502,6,0,"Assassin,Ambassador",21,2026-02-13T22:10:55-08:00
8503,6,1,"Duke,Contessa",11,2026-02-13T22:10:55-08:00
8504,6,0,"Assassin,Ambassador",21,2026-02-13T22:10:55-08:00
8508,6,2,Assassin,26,2026-02-13T22:10:55-08:00
8506,6,2,"Assassin,Duke",47,2026-02-13T22:10:55-08:00
8505,6,1,"Duke,Contessa",11,2026-02-13T22:10:55-08:00
8510,6,2,Assassin,26,2026-02-13T22:10:55-08:00
8509,6,2,Assassin,26,2026-02-13T22:10:55-08:00
8511,6,2,"Assassin,Duke",47,2026-02-13T22:10:55-08:00
8513,6,1,"Captain,Duke,Ambassador,Contessa",17,2026-02-13T22:10:55-08:00
8512,6,3,"Captain,Ambassador,Duke,Captain,Assassin",41,2026-02-13T22:10:55-08:00
8515,6,2,"Duke,Duke,Assassin,Assassin",20,2026-02-13T22:10:55-08:00
8514,6,4,"Contessa,Ambassador",18,2026-02-13T22:10:55-08:00
8516,6,4,"Duke,Duke",48,2026-02-13T22:10:55-08:00
8517,6,2,"Duke,Duke,Assassin,Assassin",20,2026-02-13T22:10:55-08:00
8518,6,4,"Ambassador,Contessa,Assassin,Contessa",52,2026-02-13T22:10:55-08:00
8519,6,4,"Ambassador,Contessa,Assassin,Contessa",52,2026-02-13T22:10:55-08:00
8521,6,2,"Ambassador,Ambassador,Duke",31,2026-02-13T22:10:55-08:00
8520,6,2,"Ambassador,Ambassador,Duke",31,2026-02-13T22:10:55-08:00
8522,6,3,"Captain,Ambassador,Captain",32,2026-02-13T22:10:55-08:00
8523,6,4,"Ambassador,Contessa,Assassin,Contessa",52,2026-02-13T22:10:55-08:00
8524,6,3,"Assassin,Duke,Ambassador",49,2026-02-13T22:10:55-08:00
8525,6,3,"Assassin,Duke,Ambassador",49,2026-02-13T22:10:55-08:00
8507,6,2,"Duke,Ambassador",55,2026-02-13T22:10:55-08:00
8528,6,0,Ambassador,84,2026-02-13T22:10:55-08:00
8530,6,3,Contessa,27,2026-02-13T22:10:55-08:00
8529,6,3,Contessa,55,2026-02-13T22:10:55-08:00
8531,6,3,"Ambassador,Contessa",12,2026-02-13T22:10:55-08:00
8532,6,3,"Ambassador,Contessa",12,2026-02-13T22:10:55-08:00
8533,6,3,"Duke,Contessa,Captain,Duke",22,2026-02-13T22:10:55-08:00
8534,6,5,"Assassin,Captain",43,2026-02-13T22:10:55-08:00
8536,6,3,"Duke,Contessa,Captain,Duke",22,2026-02-13T22:10:55-08:00
8537,6,5,"Assassin,Contessa,Ambassador",38,2026-02-13T22:10:55-08:00
8540,6,3,"Duke,Contessa,Captain,Duke",22,2026-02-13T22:10:55-08:00
8538,6,5,"Assassin,Contessa,Ambassador",38,2026-02-13T22:10:55-08:00
8542,6,4,"Assassin,Duke",28,2026-02-13T22:10:55-08:00
8541,6,3,Ambassador,52,2026-02-13T22:10:55-08:00
8544,6,1,"Captain,Captain,Ambassador",18,2026-02-13T22:10:55-08:00
8543,6,5,"Assassin,Contessa,Ambassador",38,2026-02-13T22:10:55-08:00
8545,6,2,"Duke,Duke,Contessa,Captain,Assassin",12,2026-02-13T22:10:55-08:00
8539,6,5,Ambassador,38,2026-02-13T22:10:55-08:00
8527,6,3,"Assassin,Duke,Ambassador",49,2026-02-13T22:10:55-08:00
8535,6,4,"Duke,Contessa,Ambassador",64,2026-02-13T22:10:55-08:00
8526,6,0,Ambassador,84,2026-02-13T22:10:55-08:00
8553,6,0,Ambassador,76,2026-02-13T22:10:55-08:00
8554,6,3,"Assassin,Captain",75,2026-02-13T22:10:55-08:00
8549,6,0,Ambassador,76,2026-02-13T22:10:55-08:00
8551,6,5,"Assassin,Captain,Captain",39,2026-02-13T22:10:55-08:00
8550,6,0,"Duke,Assassin,Contessa",54,2026-02-13T22:10:55-08:00
8555,6,0,"Duke,Assassin,Contessa",54,2026-02-13T22:10:55-08:00
8556,6,1,Contessa,17,2026-02-13T22:10:55-08:00
8557,6,5,"Contessa,Duke",40,2026-02-13T22:10:55-08:00
8558,6,5,"Ambassador,Assassin",29,2026-02-13T22:10:55-08:00
8559,6,4,"Assassin,Captain,Duke,Captain,Captain",37,2026-02-13T22:10:55-08:00
8561,6,0,"Duke,Duke",24,2026-02-13T22:10:55-08:00
8560,6,3,"Assassin,Captain,Duke",33,2026-02-13T22:10:55-08:00
8562,6,2,Ambassador,30,2026-02-13T22:10:55-08:00
8563,6,5,"Ambassador,Assassin",29,2026-02-13T22:10:55-08:00
8564,6,0,Ambassador,38,2026-02-13T22:10:55-08:00
8566,6,3,"Assassin,Duke,Assassin,Captain,Ambassador",45,2026-02-13T22:10:55-08:00
8568,6,2,Ambassador,32,2026-02-13T22:10:55-08:00
8567,6,2,Ambassador,30,2026-02-13T22:10:55-08:00
8569,6,4,Duke,25,2026-02-13T22:10:55-08:00
8570,6,3,"Assassin,Duke,Assassin,Captain,Ambassador",45,2026-02-13T22:10:55-08:00
8552,6,2,"Captain,Contessa,Assassin",56,2026-02-13T22:10:55-08:00
8571,6,5,"Duke,Ambassador",29,2026-02-13T22:10:55-08:00
8572,6,0,"Contessa,Duke",18,2026-02-13T22:10:55-08:00
8573,6,3,"Contessa,Captain,Assassin",28,2026-02-13T22:10:55-08:00
8575,6,5,"Duke,Ambassador",29,2026-02-13T22:10:55-08:00
8574,6,3,"Contessa,Contessa,Ambassador",95,2026-02-13T22:10:55-08:00
8577,6,2,Duke,35,2026-02-13T22:10:55-08:00
8578,6,4,"Ambassador,Captain,Ambassador",23,2026-02-13T22:10:55-08:00
8579,6,1,Captain,55,2026-02-13T22:10:55-08:00
8580,6,4,Assassin,58,2026-02-13T22:10:55-08:00
8582,6,4,"Duke,Duke,Captain",40,2026-02-13T22:10:55-08:00
8583,6,4,"Ambassador,Captain,Ambassador",23,2026-02-13T22:10:55-08:00
8576,6,4,"Captain,Duke,Captain",32,2026-02-13T22:10:55-08:00
8584,6,1,"Duke,Ambassador",22,2026-02-13T22:10:55-08:00
8585,6,4,Assassin,58,2026-02-13T22:10:55-08:00
8586,6,4,Assassin,58,2026-02-13T22:10:55-08:00
8587,6,4,"Assassin,Assassin,Duke",34,2026-02-13T22:10:55-08:00
8547,6,0,"Duke,Captain,Duke",36,2026-02-13T22:10:55-08:00
8548,6,4,"Assassin,Duke",28,2026-02-13T22:10:55-08:00
8589,6,4,"Captain,Duke,Captain,Captain",24,2026-02-13T22:10:55-08:00
8588,6,4,"Captain,Duke,Captain,Captain",24,2026-02-13T22:10:55-08:00
8546,6,4,"Ambassador,Contessa",61,2026-02-13T22:10:55-08:00
8590,6,1,"Duke,Ambassador",22,2026-02-13T22:10:55-08:00
8591,6,2,Contessa,19,2026-02-13T22:10:55-08:00
8592,6,1,Assassin,95,2026-02-13T22:10:55-08:00
8593,6,4,"Assassin,Assassin,Duke",34,2026-02-13T22:10:55-08:00
8597,6,1,"Ambassador,Assassin",23,2026-02-13T22:10:55-08:00
8595,6,1,"Assassin,Captain,Captain,Duke",13,2026-02-13T22:10:55-08:00
8600,6,4,"Contessa,Duke,Contessa,Assassin",25,2026-02-13T22:10:55-08:00
8599,6,1,"Assassin,Captain,Captain,Duke",13,2026-02-13T22:10:55-08:00
8596,6,1,Assassin,95,2026-02-13T22:10:55-08:00
8598,6,3,"Duke,Captain,Assassin,Assassin",94,2026-02-13T22:10:55-08:00
8603,6,1,"Ambassador,Assassin",23,2026-02-13T22:10:55-08:00
8594,6,1,Assassin,95,2026-02-13T22:10:55-08:00
8602,6,1,"Duke,Duke,Duke,Duke",67,2026-02-13T22:10:55-08:00
8606,6,4,"Contessa,Duke,Contessa,Assassin",25,2026-02-13T22:10:55-08:00
8604,6,1,"Ambassador,Assassin",23,2026-02-13T22:10:55-08:00
8605,6,1,"Duke,Duke,Duke,Duke",67,2026-02-13T22:10:55-08:00
8607,6,1,"Duke,Duke,Duke,Duke",67,2026-02-13T22:10:55-08:00
8565,6,2,Ambassador,32,2026-02-13T22:10:55-08:00
8609,6,4,"Captain,Duke,Duke",19,2026-02-13T22:10:55-08:00
8610,6,4,"Captain,Duke,Duke",19,2026-02-13T22:10:55-08:00
8611,6,1,"Captain,Contessa,Captain",22,2026-02-13T22:10:55-08:00
8608,6,1,"Captain,Contessa,Captain",22,2026-02-13T22:10:55-08:00
8612,6,3,"Duke,Assassin,Captain",15,2026-02-13T22:10:55-08:00
8614,6,1,"Captain,Contessa,Captain",22,2026-02-13T22:10:55-08:00
8615,6,1,"Captain,Contessa,Captain",22,2026-02-13T22:10:55-08:00
8617,6,1,"Captain,Ambassador,Duke",17,2026-02-13T22:10:55-08:00
8613,6,1,Contessa,26,2026-02-13T22:10:55-08:00
8616,6,4,"Ambassador,Ambassador,Ambassador,Ambassador,Duke",37,2026-02-13T22:10:55-08:00
8618,6,4,"Ambassador,Ambassador,Ambassador,Ambassador,Duke",37,2026-02-13T22:10:55-08:00
8619,6,4,"Ambassador,Ambassador,Ambassador,Ambassador,Duke",37,2026-02-13T22:10:55-08:00
8620,6,4,"Ambassador,Ambassador,Ambassador,Ambassador,Duke",37,2026-02-13T22:10:55-08:00
8623,6,1,"Ambassador,Contessa",20,2026-02-13T22:10:55-08:00
8622,6,5,"Duke,Duke,Assassin",48,2026-02-13T22:10:55-08:00
8621,6,5,"Duke,Duke,Assassin",48,2026-02-13T22:10:55-08:00
8624,6,2,"Captain,Captain,Contessa",46,2026-02-13T22:10:55-08:00
8626,6,2,"Captain,Captain,Contessa",46,2026-02-13T22:10:55-08:00
8625,6,2,"Captain,Captain,Contessa",46,2026-02-13T22:10:55-08:00
8628,6,1,"Contessa,Duke",17,2026-02-13T22:10:55-08:00
8627,6,3,Contessa,27,2026-02-13T22:10:55-08:00
8631,6,3,Contessa,27,2026-02-13T22:10:55-08:00
8630,6,2,"Assassin,Duke,Assassin,Captain",29,2026-02-13T22:10:55-08:00
8629,6,0,"Assassin,Captain,Captain",47,2026-02-13T22:10:55-08:00
8634,6,1,"Ambassador,Captain,Assassin,Assassin",23,2026-02-13T22:10:55-08:00
8632,6,5,"Duke,Duke,Duke,Duke",25,2026-02-13T22:10:55-08:00
8633,6,5,"Assassin,Ambassador,Captain",26,2026-02-13T22:10:55-08:00
8636,6,1,"Ambassador,Captain,Assassin,Assassin",23,2026-02-13T22:10:55-08:00
8635,6,3,"Duke,Duke",22,2026-02-13T22:10:55-08:00
8638,6,2,Duke,29,2026-02-13T22:10:55-08:00
8637,6,0,"Ambassador,Duke,Ambassador,Duke,Contessa",30,2026-02-13T22:10:55-08:00
8581,6,4,"Assassin,Assassin,Captain",24,2026-02-13T22:10:55-08:00
8640,6,0,"Captain,Captain,Captain,Assassin",30,2026-02-13T22:10:55-08:00
8601,6,1,Duke,61,2026-02-13T22:10:55-08:00
8639,6,3,"Captain,Duke,Captain,Duke",33,2026-02-13T22:10:55-08:00
8641,6,0,Ambassador,30,2026-02-13T22:10:55-08:00
8645,6,4,Contessa,28,2026-02-13T22:10:55-08:00
8644,6,0,"Ambassador,Duke,Ambassador,Duke,Contessa",30,2026-02-13T22:10:55-08:00
8642,6,1,Assassin,28,2026-02-13T22:10:55-08:00
8646,6,4,"Captain,Ambassador,Contessa",42,2026-02-13T22:10:55-08:00
8647,6,1,Assassin,28,2026-02-13T22:10:55-08:00
8648,6,4,Contessa,28,2026-02-13T22:10:55-08:00
8650,6,4,Contessa,28,2026-02-13T22:10:55-08:00
8649,6,5,Assassin,44,2026-02-13T22:10:55-08:00
8651,6,0,"Captain,Contessa",23,2026-02-13T22:10:55-08:00
8652,6,5,"Captain,Contessa",14,2026-02-13T22:10:55-08:00
8653,6,5,Assassin,44,2026-02-13T22:10:55-08:00
8654,6,5,"Assassin,Duke,Contessa",37,2026-02-13T22:10:55-08:00
8643,6,0,"Duke,Ambassador,Captain",22,2026-02-13T22:10:55-08:00
8655,6,0,Captain,48,2026-02-13T22:10:55-08:00
8661,6,3,"Ambassador,Assassin,Captain",17,2026-02-13T22:10:55-08:00
8657,6,3,"Ambassador,Assassin,Captain",17,2026-02-13T22:10:55-08:00
8663,6,3,"Ambassador,Assassin,Captain",17,2026-02-13T22:10:55-08:00
8664,6,4,"Duke,Duke,Contessa,Ambassador,Contessa",28,2026-02-13T22:10:55-08:00
8659,6,2,"Duke,Duke,Contessa,Captain,Captain,Ambassador,Captain",14,2026-02-13T22:10:55-08:00
8658,6,2,"Duke,Ambassador,Captain,Captain",20,2026-02-13T22:10:55-08:00
8666,6,4,"Duke,Duke,Contessa,Ambassador,Contessa",28,2026-02-13T22:10:55-08:00
8665,6,1,Contessa,53,2026-02-13T22:10:55-08:00
8667,6,5,"Ambassador,Duke",35,2026-02-13T22:10:55-08:00
8668,6,5,"Ambassador,Duke",35,2026-02-13T22:10:55-08:00
8670,6,4,"Contessa,Duke,Duke,Duke",22,2026-02-13T22:10:55-08:00
8669,6,0,"Captain,Contessa,Contessa",42,2026-02-13T22:10:55-08:00
8671,6,2,"Ambassador,Ambassador,Ambassador,Ambassador,Ambassador",35,2026-02-13T22:10:55-08:00
8672,6,2,"Captain,Ambassador,Captain",44,2026-02-13T22:10:55-08:00
8673,6,2,"Captain,Ambassador,Captain",44,2026-02-13T22:10:55-08:00
8675,6,4,"Ambassador,Duke",35,2026-02-13T22:10:55-08:00
8674,6,2,"Captain,Ambassador,Captain",44,2026-02-13T22:10:55-08:00
8676,6,4,"Ambassador,Duke",35,2026-02-13T22:10:55-08:00
8677,6,0,"Contessa,Captain,Contessa",28,2026-02-13T22:10:55-08:00
8678,6,0,"Contessa,Captain,Contessa",28,2026-02-13T22:10:55-08:00
8679,6,2,"Assassin,Duke",21,2026-02-13T22:10:55-08:00
8656,6,4,"Duke,Captain",24,2026-02-13T22:10:55-08:00
8682,6,4,"Assassin,Ambassador",37,2026-02-13T22:10:55-08:00
8680,6,2,"Assassin,Captain,Contessa",103,2026-02-13T22:10:55-08:00
8681,6,4,Contessa,96,2026-02-13T22:10:55-08:00
8660,6,3,"Ambassador,Assassin,Captain",17,2026-02-13T22:10:55-08:00
8683,6,4,"Assassin,Ambassador",37,2026-02-13T22:10:55-08:00
8685,6,1,"Assassin,Ambassador,Captain,Duke,Assassin,Ambassador",17,2026-02-13T22:10:55-08:00
8684,6,2,"Assassin,Duke",21,2026-02-13T22:10:55-08:00
8686,6,4,"Duke,Duke,Contessa",40,2026-02-13T22:10:55-08:00
8687,6,5,"Captain,Captain,Assassin",23,2026-02-13T22:10:55-08:00
8688,6,5,"Contessa,Captain,Ambassador",31,2026-02-13T22:10:55-08:00
8691,6,3,"Duke,Captain,Ambassador,Contessa",21,2026-02-13T22:10:55-08:00
8689,6,5,"Contessa,Captain,Ambassador",31,2026-02-13T22:10:55-08:00
8690,6,4,"Duke,Duke,Contessa",40,2026-02-13T22:10:55-08:00
8693,6,2,"Contessa,Ambassador,Duke",14,2026-02-13T22:10:55-08:00
8694,6,5,"Assassin,Duke,Duke,Duke,Assassin",23,2026-02-13T22:10:55-08:00
8698,6,1,"Ambassador,Ambassador,Duke,Duke",13,2026-02-13T22:10:55-08:00
8692,6,1,"Ambassador,Contessa,Contessa,Assassin",95,2026-02-13T22:10:55-08:00
8696,6,1,"Assassin,Duke",25,2026-02-13T22:10:55-08:00
8695,6,1,"Ambassador,Contessa,Contessa,Assassin",95,2026-02-13T22:10:55-08:00
8697,6,0,"Duke,Assassin,Contessa",66,2026-02-13T22:10:55-08:00
8699,6,5,Contessa,77,2026-02-13T22:10:55-08:00
8700,6,5,"Captain,Assassin",33,2026-02-13T22:10:55-08:00
8705,6,0,"Ambassador,Ambassador,Duke",28,2026-02-13T22:10:55-08:00
8703,6,1,"Duke,Ambassador,Captain",18,2026-02-13T22:10:55-08:00
8704,6,1,"Ambassador,Assassin",39,2026-02-13T22:10:55-08:00
8702,6,0,Captain,36,2026-02-13T22:10:55-08:00
8707,6,1,"Duke,Ambassador,Captain",18,2026-02-13T22:10:55-08:00
8706,6,0,"Ambassador,Ambassador,Duke",28,2026-02-13T22:10:55-08:00
8709,6,0,"Duke,Duke,Assassin,Captain",18,2026-02-13T22:10:55-08:00
8712,6,3,"Captain,Duke,Duke",23,2026-02-13T22:10:55-08:00
8708,6,0,"Duke,Captain,Captain",48,2026-02-13T22:10:55-08:00
8713,6,0,"Duke,Duke,Captain",30,2026-02-13T22:10:55-08:00
8711,6,1,Ambassador,43,2026-02-13T22:10:55-08:00
8714,6,0,"Duke,Duke,Captain",30,2026-02-13T22:10:55-08:00
8710,6,0,"Ambassador,Ambassador,Duke",28,2026-02-13T22:10:55-08:00
8715,6,1,"Duke,Duke",25,2026-02-13T22:10:55-08:00
8716,6,4,"Contessa,Assassin,Assassin",43,2026-02-13T22:10:55-08:00
8717,6,4,"Contessa,Assassin,Assassin",43,2026-02-13T22:10:55-08:00
8718,6,3,"Contessa,Contessa",32,2026-02-13T22:10:55-08:00
8719,6,3,"Captain,Assassin,Duke,Contessa,Ambassador",31,2026-02-13T22:10:55-08:00
8722,6,0,"Ambassador,Ambassador,Ambassador,Duke,Duke,Captain",20,2026-02-13T22:10:55-08:00
8721,6,1,Contessa,31,2026-02-13T22:10:55-08:00
8723,6,0,"Ambassador,Ambassador,Ambassador,Duke,Duke,Captain",20,2026-02-13T22:10:55-08:00
8720,6,1,Contessa,31,2026-02-13T22:10:55-08:00
8724,6,3,"Captain,Assassin,Duke,Contessa,Ambassador",31,2026-02-13T22:10:55-08:00
8725,6,3,"Duke,Assassin,Contessa,Contessa",20,2026-02-13T22:10:55-08:00
8726,6,5,"Assassin,Duke,Duke,Ambassador,Assassin",11,2026-02-13T22:10:55-08:00
8727,6,5,Assassin,29,2026-02-13T22:10:55-08:00
8730,6,3,"Duke,Assassin,Contessa,Contessa",20,2026-02-13T22:10:55-08:00
8729,6,2,"Captain,Duke,Assassin,Ambassador",14,2026-02-13T22:10:55-08:00
8728,6,4,"Duke,Duke,Ambassador",28,2026-02-13T22:10:55-08:00
8731,6,0,"Assassin,Contessa",30,2026-02-13T22:10:55-08:00
8732,6,5,"Duke,Ambassador",23,2026-02-13T22:10:55-08:00
8733,6,4,"Duke,Duke,Ambassador",28,2026-02-13T22:10:55-08:00
8736,6,3,Captain,51,2026-02-13T22:10:55-08:00
8734,6,4,"Duke,Duke,Ambassador",28,2026-02-13T22:10:55-08:00
8735,6,3,"Captain,Ambassador",10,2026-02-13T22:10:55-08:00
8737,6,3,Captain,51,2026-02-13T22:10:55-08:00
8738,6,3,"Captain,Assassin,Captain,Duke",21,2026-02-13T22:10:55-08:00
8662,6,4,"Duke,Duke,Contessa,Ambassador,Contessa",28,2026-02-13T22:10:55-08:00
8701,6,0,"Duke,Assassin,Contessa",66,2026-02-13T22:10:55-08:00
8739,6,5,Duke,19,2026-02-13T22:10:55-08:00
8740,6,3,"Ambassador,Duke,Assassin,Captain",14,2026-02-13T22:10:55-08:00
8744,6,4,"Captain,Duke,Duke,Captain,Captain",26,2026-02-13T22:10:55-08:00
8743,6,4,"Duke,Duke,Captain,Ambassador",30,2026-02-13T22:10:55-08:00
8745,6,1,Assassin,25,2026-02-13T22:10:55-08:00
8746,6,1,Assassin,25,2026-02-13T22:10:55-08:00
8747,6,4,"Duke,Duke,Captain,Ambassador",30,2026-02-13T22:10:55-08:00
8749,6,4,"Ambassador,Captain,Contessa",22,2026-02-13T22:10:55-08:00
8748,6,2,"Duke,Contessa,Contessa",26,2026-02-13T22:10:55-08:00
8750,6,1,Duke,43,2026-02-13T22:10:55-08:00
8751,6,1,Duke,43,2026-02-13T22:10:55-08:00
8752,6,1,Duke,43,2026-02-13T22:10:55-08:00
8753,6,2,"Duke,Contessa,Contessa",26,2026-02-13T22:10:55-08:00
8754,6,2,"Captain,Assassin",82,2026-02-13T22:10:55-08:00
8755,6,2,"Captain,Assassin",82,2026-02-13T22:10:55-08:00
8756,6,2,"Captain,Assassin",82,2026-02-13T22:10:55-08:00
8759,6,5,"Ambassador,Ambassador",23,2026-02-13T22:10:55-08:00
8757,6,2,"Captain,Assassin",82,2026-02-13T22:10:55-08:00
8758,6,2,"Captain,Assassin",82,2026-02-13T22:10:55-08:00
8760,6,2,"Duke,Ambassador",26,2026-02-13T22:10:55-08:00
8741,6,4,Duke,25,2026-02-13T22:10:55-08:00
8742,6,2,"Assassin,Contessa",27,2026-02-13T22:10:55-08:00
8764,6,2,Ambassador,62,2026-02-13T22:10:55-08:00
8766,6,5,Contessa,21,2026-02-13T22:10:55-08:00
8767,6,2,"Duke,Ambassador",26,2026-02-13T22:10:55-08:00
8763,6,2,Ambassador,62,2026-02-13T22:10:55-08:00
8765,6,2,Ambassador,62,2026-02-13T22:10:55-08:00
8768,6,4,"Duke,Ambassador,Assassin,Assassin",34,2026-02-13T22:10:55-08:00
8769,6,5,Contessa,21,2026-02-13T22:10:55-08:00
8770,6,1,Duke,28,2026-02-13T22:10:55-08:00
8771,6,4,"Contessa,Contessa,Captain",23,2026-02-13T22:10:55-08:00
8772,6,1,Duke,28,2026-02-13T22:10:55-08:00
8773,6,3,"Duke,Duke,Assassin,Duke",41,2026-02-13T22:10:55-08:00
8774,6,3,"Duke,Duke,Assassin,Duke",41,2026-02-13T22:10:55-08:00
8776,6,3,"Ambassador,Ambassador,Duke",35,2026-02-13T22:10:55-08:00
8777,6,1,Duke,28,2026-02-13T22:10:55-08:00
8778,6,3,"Ambassador,Ambassador,Duke",35,2026-02-13T22:10:55-08:00
8775,6,5,"Assassin,Duke",107,2026-02-13T22:10:55-08:00
8779,6,3,Duke,87,2026-02-13T22:10:55-08:00
8780,6,3,Duke,87,2026-02-13T22:10:55-08:00
8761,6,4,Duke,34,2026-02-13T22:10:55-08:00
8762,6,2,Ambassador,62,2026-02-13T22:10:55-08:00
8783,6,3,"Assassin,Duke",50,2026-02-13T22:10:55-08:00
8785,6,3,"Assassin,Duke",50,2026-02-13T22:10:55-08:00
8784,6,3,"Assassin,Duke",50,2026-02-13T22:10:55-08:00
8786,6,3,"Assassin,Duke",50,2026-02-13T22:10:55-08:00
8787,6,3,"Assassin,Duke",50,2026-02-13T22:10:55-08:00
8788,6,5,"Captain,Duke,Duke",47,2026-02-13T22:10:55-08:00
8789,6,5,"Captain,Duke,Duke",47,2026-02-13T22:10:55-08:00
8790,6,0,"Captain,Contessa,Captain",60,2026-02-13T22:10:55-08:00
8791,6,0,"Assassin,Ambassador,Ambassador,Captain,Ambassador,Contessa",66,2026-02-13T22:10:55-08:00
8792,6,5,"Captain,Duke,Duke",47,2026-02-13T22:10:55-08:00
8793,6,5,"Captain,Duke,Duke",47,2026-02-13T22:10:55-08:00
8794,6,4,"Ambassador,Captain,Assassin,Duke",30,2026-02-13T22:10:55-08:00
8795,6,4,"Ambassador,Captain,Assassin,Duke",30,2026-02-13T22:10:55-08:00
8796,6,1,"Duke,Assassin,Assassin,Contessa",59,2026-02-13T22:10:55-08:00
8798,6,4,"Ambassador,Captain,Assassin,Duke",30,2026-02-13T22:10:55-08:00
8797,6,4,"Assassin,Contessa",26,2026-02-13T22:10:55-08:00
8799,6,4,"Ambassador,Captain,Assassin,Duke",30,2026-02-13T22:10:55-08:00
8800,6,0,"Assassin,Duke",19,2026-02-13T22:10:55-08:00
8781,6,3,"Assassin,Duke",50,2026-02-13T22:10:55-08:00
8802,6,0,"Assassin,Duke",19,2026-02-13T22:10:55-08:00
8801,6,0,"Assassin,Duke",19,2026-02-13T22:10:55-08:00
8803,6,5,"Duke,Assassin",39,2026-02-13T22:10:55-08:00
8782,6,3,Duke,87,2026-02-13T22:10:55-08:00
8804,6,1,"Ambassador,Ambassador,Ambassador,Duke,Assassin",18,2026-02-13T22:10:55-08:00
8806,6,1,"Ambassador,Ambassador,Ambassador,Duke,Assassin",18,2026-02-13T22:10:55-08:00
8805,6,3,"Contessa,Ambassador",117,2026-02-13T22:10:55-08:00
8808,6,3,"Contessa,Ambassador,Captain",39,2026-02-13T22:10:55-08:00
8809,6,3,"Contessa,Ambassador,Captain",39,2026-02-13T22:10:55-08:00
8810,6,2,"Duke,Duke,Assassin",50,2026-02-13T22:10:55-08:00
8807,6,3,"Contessa,Ambassador",117,2026-02-13T22:10:55-08:00
8811,6,3,"Ambassador,Contessa,Contessa,Ambassador",39,2026-02-13T22:10:55-08:00
8812,6,0,"Ambassador,Contessa",13,2026-02-13T22:10:55-08:00
8813,6,3,"Assassin,Captain,Captain",46,2026-02-13T22:10:55-08:00
8814,6,3,"Assassin,Captain,Captain",46,2026-02-13T22:10:55-08:00
8815,6,4,"Ambassador,Duke,Assassin",62,2026-02-13T22:10:55-08:00
8816,6,4,"Ambassador,Duke,Assassin",62,2026-02-13T22:10:55-08:00
8820,6,0,"Captain,Ambassador",22,2026-02-13T22:10:55-08:00
8817,6,4,"Ambassador,Duke,Assassin",62,2026-02-13T22:10:55-08:00
8823,6,3,"Ambassador,Contessa",17,2026-02-13T22:10:55-08:00
8822,6,0,"Captain,Ambassador",22,2026-02-13T22:10:55-08:00
8821,6,0,"Captain,Ambassador",22,2026-02-13T22:10:55-08:00
8824,6,3,"Ambassador,Contessa",17,2026-02-13T22:10:55-08:00
8826,6,2,"Duke,Ambassador,Duke",11,2026-02-13T22:10:55-08:00
8825,6,5,"Duke,Assassin,Captain",21,2026-02-13T22:10:55-08:00
8829,6,2,"Duke,Ambassador,Duke",11,2026-02-13T22:10:55-08:00
8827,6,2,"Assassin,Ambassador,Captain",58,2026-02-13T22:10:55-08:00
8830,6,0,"Contessa,Captain",21,2026-02-13T22:10:55-08:00
8831,6,0,"Contessa,Captain",21,2026-02-13T22:10:55-08:00
8828,6,4,"Duke,Duke,Captain,Contessa",88,2026-02-13T22:10:55-08:00
8832,6,5,"Assassin,Assassin",53,2026-02-13T22:10:55-08:00
8833,6,5,"Assassin,Assassin",53,2026-02-13T22:10:55-08:00
8834,6,0,"Captain,Ambassador,Captain,Contessa",31,2026-02-13T22:10:55-08:00
8837,6,2,"Duke,Ambassador,Duke,Captain,Duke,Ambassador",26,2026-02-13T22:10:55-08:00
8836,6,0,"Captain,Ambassador,Captain,Contessa",31,2026-02-13T22:10:55-08:00
8835,6,0,"Captain,Ambassador,Captain,Contessa",31,2026-02-13T22:10:55-08:00
8818,6,1,"Duke,Duke,Duke,Ambassador",37,2026-02-13T22:10:55-08:00
8839,6,0,"Captain,Ambassador,Captain,Contessa",31,2026-02-13T22:10:55-08:00
8843,6,4,"Captain,Duke,Contessa",23,2026-02-13T22:10:55-08:00
8842,6,4,Assassin,30,2026-02-13T22:10:55-08:00
8840,6,0,"Captain,Ambassador,Captain,Contessa",31,2026-02-13T22:10:55-08:00
8841,6,4,"Ambassador,Contessa",82,2026-02-13T22:10:55-08:00
8844,6,1,"Duke,Captain,Ambassador",79,2026-02-13T22:10:55-08:00
8845,6,4,Assassin,30,2026-02-13T22:10:55-08:00
8848,6,4,"Captain,Duke,Contessa",23,2026-02-13T22:10:55-08:00
8849,6,1,"Duke,Duke,Duke",17,2026-02-13T22:10:55-08:00
8847,6,1,"Duke,Captain,Ambassador",79,2026-02-13T22:10:55-08:00
8846,6,1,"Duke,Captain,Ambassador",79,2026-02-13T22:10:55-08:00
8850,6,3,"Ambassador,Ambassador,Duke",22,2026-02-13T22:10:55-08:00
8851,6,1,"Ambassador,Captain,Contessa",35,2026-02-13T22:10:55-08:00
8852,6,1,"Ambassador,Captain,Contessa",35,2026-02-13T22:10:55-08:00
8853,6,2,"Ambassador,Ambassador",35,2026-02-13T22:10:55-08:00
8854,6,2,"Captain,Duke",26,2026-02-13T22:10:55-08:00
8856,6,2,"Assassin,Duke,Duke,Captain,Captain",15,2026-02-13T22:10:55-08:00
8855,6,1,"Ambassador,Contessa",26,2026-02-13T22:10:55-08:00
8859,6,2,"Assassin,Duke,Duke,Captain,Captain",15,2026-02-13T22:10:55-08:00
8819,6,0,"Captain,Ambassador",22,2026-02-13T22:10:55-08:00
8838,6,0,"Captain,Ambassador,Captain,Contessa",31,2026-02-13T22:10:55-08:00
8861,6,4,"Ambassador,Ambassador,Assassin",20,2026-02-13T22:10:55-08:00
8860,6,5,Duke,27,2026-02-13T22:10:55-08:00
8862,6,4,"Ambassador,Ambassador,Assassin",20,2026-02-13T22:10:55-08:00
8863,6,4,"Ambassador,Ambassador,Assassin",20,2026-02-13T22:10:55-08:00
8864,6,4,"Ambassador,Ambassador,Assassin",20,2026-02-13T22:10:55-08:00
8857,6,2,"Captain,Duke",26,2026-02-13T22:10:55-08:00
8865,6,5,"Ambassador,Captain",42,2026-02-13T22:10:55-08:00
8866,6,2,Ambassador,56,2026-02-13T22:10:55-08:00
8867,6,0,"Duke,Duke",57,2026-02-13T22:10:55-08:00
8868,6,0,"Duke,Duke",57,2026-02-13T22:10:55-08:00
8869,6,0,"Duke,Duke",57,2026-02-13T22:10:55-08:00
8870,6,0,"Duke,Duke",57,2026-02-13T22:10:55-08:00
8871,6,1,"Assassin,Captain",31,2026-02-13T22:10:55-08:00
8858,6,2,"Captain,Duke",26,2026-02-13T22:10:55-08:00
8872,6,2,Duke,46,2026-02-13T22:10:55-08:00
8873,6,4,"Duke,Assassin,Captain,Contessa",66,2026-02-13T22:10:55-08:00
8874,6,4,"Duke,Assassin,Captain,Contessa",66,2026-02-13T22:10:55-08:00
8875,6,4,"Duke,Assassin,Captain,Contessa",66,2026-02-13T22:10:55-08:00
8883,6,5,"Duke,Assassin,Contessa,Assassin",59,2026-02-13T22:10:55-08:00
8877,6,5,"Duke,Assassin,Contessa,Assassin",59,2026-02-13T22:10:55-08:00
8884,6,0,"Duke,Assassin,Captain",36,2026-02-13T22:10:55-08:00
8881,6,0,"Duke,Assassin,Captain",36,2026-02-13T22:10:55-08:00
8880,6,0,"Duke,Assassin,Captain",36,2026-02-13T22:10:55-08:00
8885,6,4,"Ambassador,Duke,Duke,Captain,Captain",40,2026-02-13T22:10:55-08:00
8887,6,2,"Duke,Assassin,Contessa",26,2026-02-13T22:10:55-08:00
8886,6,3,Contessa,51,2026-02-13T22:10:55-08:00
8888,6,1,"Assassin,Captain,Contessa,Duke",51,2026-02-13T22:10:55-08:00
8889,6,0,Duke,60,2026-02-13T22:10:55-08:00
8890,6,0,Assassin,42,2026-02-13T22:10:55-08:00
8892,6,1,"Duke,Captain,Duke,Captain,Ambassador,Contessa",31,2026-02-13T22:10:55-08:00
8894,6,3,"Captain,Duke,Contessa",24,2026-02-13T22:10:55-08:00
8893,6,0,"Duke,Duke,Assassin,Contessa,Duke",30,2026-02-13T22:10:55-08:00
8895,6,0,"Duke,Duke,Assassin,Contessa,Duke",30,2026-02-13T22:10:55-08:00
8896,6,0,"Duke,Duke,Assassin,Contessa,Duke",30,2026-02-13T22:10:55-08:00
8897,6,0,"Ambassador,Duke,Assassin",36,2026-02-13T22:10:55-08:00
8898,6,0,"Ambassador,Duke,Captain",19,2026-02-13T22:10:55-08:00
8879,6,0,"Duke,Assassin,Captain",36,2026-02-13T22:10:55-08:00
8878,6,5,Captain,29,2026-02-13T22:10:55-08:00
8899,6,0,"Ambassador,Duke,Captain",19,2026-02-13T22:10:55-08:00
8882,6,0,"Duke,Assassin,Captain",36,2026-02-13T22:10:55-08:00
8905,6,4,"Ambassador,Captain,Assassin,Contessa",16,2026-02-13T22:10:55-08:00
8876,6,4,"Duke,Assassin,Captain,Contessa",66,2026-02-13T22:10:55-08:00
8891,6,4,"Ambassador,Duke,Duke,Captain,Captain",40,2026-02-13T22:10:55-08:00
8906,6,1,"Captain,Assassin,Duke,Contessa",19,2026-02-13T22:10:55-08:00
8907,6,1,"Captain,Assassin,Duke,Contessa",19,2026-02-13T22:10:55-08:00
8908,6,1,"Captain,Assassin,Duke,Contessa",19,2026-02-13T22:10:55-08:00
8909,6,0,"Captain,Assassin,Assassin,Contessa",18,2026-02-13T22:10:55-08:00
8910,6,0,"Captain,Assassin,Assassin,Contessa",18,2026-02-13T22:10:55-08:00
8911,6,0,"Captain,Assassin,Assassin,Contessa",18,2026-02-13T22:10:55-08:00
8912,6,1,"Assassin,Duke,Contessa,Captain",29,2026-02-13T22:10:55-08:00
8913,6,1,"Assassin,Duke,Contessa,Captain",29,2026-02-13T22:10:55-08:00
8914,6,1,"Assassin,Duke,Contessa,Captain",29,2026-02-13T22:10:55-08:00
8915,6,1,"Contessa,Duke",25,2026-02-13T22:10:55-08:00
8916,6,1,"Contessa,Duke",25,2026-02-13T22:10:55-08:00
8917,6,1,"Contessa,Duke",25,2026-02-13T22:10:55-08:00
8902,6,4,"Ambassador,Captain,Assassin,Contessa",16,2026-02-13T22:10:55-08:00
8918,6,3,"Contessa,Ambassador",69,2026-02-13T22:10:55-08:00
8919,6,3,"Contessa,Ambassador",69,2026-02-13T22:10:55-08:00
8920,6,3,"Contessa,Ambassador",69,2026-02-13T22:10:55-08:00
8921,6,0,"Duke,Assassin,Captain",21,2026-02-13T22:10:55-08:00
8922,6,3,"Ambassador,Ambassador,Duke,Duke",45,2026-02-13T22:10:55-08:00
8904,6,4,"Ambassador,Captain,Assassin,Contessa",16,2026-02-13T22:10:55-08:00
8903,6,4,Assassin,28,2026-02-13T22:10:55-08:00
8900,6,1,"Captain,Assassin,Contessa,Ambassador",22,2026-02-13T22:10:55-08:00
8923,6,0,"Duke,Assassin,Captain",21,2026-02-13T22:10:55-08:00
8924,6,0,"Duke,Assassin,Captain",21,2026-02-13T22:10:55-08:00
8925,6,2,"Captain,Ambassador",23,2026-02-13T22:10:55-08:00
8926,6,2,"Captain,Ambassador",23,2026-02-13T22:10:55-08:00
8927,6,2,Assassin,29,2026-02-13T22:10:55-08:00
8928,6,2,Assassin,29,2026-02-13T22:10:55-08:00
8929,6,3,"Ambassador,Duke,Captain,Ambassador",21,2026-02-13T22:10:55-08:00
8930,6,3,"Ambassador,Duke,Captain,Ambassador",21,2026-02-13T22:10:55-08:00
8931,6,1,"Duke,Captain,Captain,Assassin",19,2026-02-13T22:10:55-08:00
8932,6,1,"Duke,Captain,Captain,Assassin",19,2026-02-13T22:10:55-08:00
8933,6,3,"Duke,Assassin,Duke",23,2026-02-13T22:10:55-08:00
8934,6,3,"Duke,Assassin,Duke",23,2026-02-13T22:10:55-08:00
8935,6,4,"Ambassador,Contessa",15,2026-02-13T22:10:55-08:00
8936,6,4,"Ambassador,Contessa",15,2026-02-13T22:10:55-08:00
8937,6,3,"Ambassador,Duke,Captain",26,2026-02-13T22:10:55-08:00
8938,6,3,"Ambassador,Duke,Captain",26,2026-02-13T22:10:55-08:00
8939,6,3,"Ambassador,Assassin,Contessa",29,2026-02-13T22:10:55-08:00
8901,6,5,"Ambassador,Duke",41,2026-02-13T22:10:55-08:00
8946,6,4,"Assassin,Contessa",28,2026-02-13T22:10:55-08:00
8945,6,2,Contessa,47,2026-02-13T22:10:55-08:00
8947,6,2,Contessa,47,2026-02-13T22:10:55-08:00
8943,6,0,"Contessa,Contessa,Captain,Ambassador",34,2026-02-13T22:10:55-08:00
8949,6,0,"Ambassador,Ambassador,Ambassador,Duke",18,2026-02-13T22:10:55-08:00
8948,6,2,Contessa,47,2026-02-13T22:10:55-08:00
8950,6,3,"Ambassador,Ambassador,Duke,Duke",26,2026-02-13T22:10:55-08:00
8942,6,3,"Ambassador,Assassin,Contessa",29,2026-02-13T22:10:55-08:00
8951,6,3,"Duke,Ambassador,Duke",36,2026-02-13T22:10:55-08:00
8952,6,5,"Duke,Assassin,Captain",23,2026-02-13T22:10:55-08:00
8954,6,5,"Duke,Assassin,Captain",23,2026-02-13T22:10:55-08:00
8953,6,3,"Duke,Ambassador,Duke",36,2026-02-13T22:10:55-08:00
8955,6,0,"Ambassador,Ambassador,Ambassador,Duke",18,2026-02-13T22:10:55-08:00
8958,6,3,"Duke,Assassin,Duke,Duke",27,2026-02-13T22:10:55-08:00
8959,6,3,"Duke,Assassin,Duke,Duke",27,2026-02-13T22:10:55-08:00
8957,6,5,"Ambassador,Contessa",65,2026-02-13T22:10:55-08:00
8956,6,3,"Ambassador,Captain,Ambassador,Contessa,Ambassador,Ambassador,Captain",87,2026-02-13T22:10:55-08:00
8960,6,0,"Captain,Captain,Duke,Contessa",46,2026-02-13T22:10:55-08:00
8961,6,5,"Duke,Ambassador",38,2026-02-13T22:10:55-08:00
8940,6,3,"Ambassador,Assassin,Contessa",29,2026-02-13T22:10:55-08:00
8944,6,2,Contessa,47,2026-02-13T22:10:55-08:00
8962,6,5,"Duke,Ambassador",38,2026-02-13T22:10:55-08:00
8941,6,3,"Ambassador,Assassin,Contessa",29,2026-02-13T22:10:55-08:00
8964,6,2,"Duke,Captain,Captain,Ambassador",31,2026-02-13T22:10:55-08:00
8963,6,2,"Duke,Captain,Captain,Ambassador",31,2026-02-13T22:10:55-08:00
8966,6,0,"Assassin,Ambassador,Duke",30,2026-02-13T22:10:55-08:00
8965,6,1,"Contessa,Ambassador,Duke",37,2026-02-13T22:10:55-08:00
8967,6,4,Captain,20,2026-02-13T22:10:55-08:00
8969,6,0,"Ambassador,Captain,Ambassador,Duke",29,2026-02-13T22:10:55-08:00
8968,6,1,"Contessa,Duke,Captain",31,2026-02-13T22:10:55-08:00
8970,6,4,Captain,20,2026-02-13T22:10:55-08:00
8971,6,1,"Contessa,Assassin,Assassin",37,2026-02-13T22:10:55-08:00
8973,6,4,"Assassin,Duke,Contessa,Duke",16,2026-02-13T22:10:55-08:00
8974,6,4,"Assassin,Duke,Contessa,Duke",16,2026-02-13T22:10:55-08:00
8972,6,1,"Captain,Ambassador",49,2026-02-13T22:10:55-08:00
8976,6,4,"Assassin,Duke,Contessa,Duke",16,2026-02-13T22:10:55-08:00
8975,6,1,"Captain,Ambassador",49,2026-02-13T22:10:55-08:00
8977,6,5,"Ambassador,Ambassador,Ambassador,Duke",21,2026-02-13T22:10:55-08:00
8978,6,5,"Ambassador,Ambassador,Ambassador,Duke",21,2026-02-13T22:10:55-08:00
8984,6,4,"Captain,Captain,Assassin",21,2026-02-13T22:10:55-08:00
8981,6,4,"Contessa,Contessa",34,2026-02-13T22:10:55-08:00
8982,6,4,"Contessa,Contessa",34,2026-02-13T22:10:55-08:00
8986,6,4,"Captain,Captain,Assassin",21,2026-02-13T22:10:55-08:00
8985,6,4,"Captain,Captain,Assassin",21,2026-02-13T22:10:55-08:00
8987,6,2,"Ambassador,Assassin,Assassin,Duke",38,2026-02-13T22:10:55-08:00
8980,6,5,"Ambassador,Ambassador,Ambassador,Duke",21,2026-02-13T22:10:55-08:00
8979,6,5,"Ambassador,Ambassador,Ambassador,Duke",21,2026-02-13T22:10:55-08:00
8992,6,0,"Ambassador,Duke,Captain,Contessa",28,2026-02-13T22:10:55-08:00
8988,6,2,"Captain,Captain,Ambassador",33,2026-02-13T22:10:55-08:00
8993,6,4,"Contessa,Ambassador,Assassin",36,2026-02-13T22:10:55-08:00
8994,6,0,Ambassador,42,2026-02-13T22:10:55-08:00
8995,6,2,"Captain,Captain",22,2026-02-13T22:10:55-08:00
8991,6,3,"Assassin,Captain,Captain",29,2026-02-13T22:10:55-08:00
8996,6,3,"Assassin,Captain,Captain",29,2026-02-13T22:10:55-08:00
8997,6,1,"Ambassador,Duke,Ambassador,Captain",19,2026-02-13T22:10:55-08:00
8998,6,2,"Captain,Captain",22,2026-02-13T22:10:55-08:00
8989,6,2,"Captain,Captain,Ambassador",33,2026-02-13T22:10:55-08:00
8999,6,3,"Captain,Captain",31,2026-02-13T22:10:55-08:00
9001,6,2,"Captain,Captain",22,2026-02-13T22:10:55-08:00
9002,6,3,"Duke,Captain,Assassin,Ambassador",51,2026-02-13T22:10:55-08:00
9003,6,1,"Captain,Assassin,Captain",24,2026-02-13T22:10:55-08:00
9005,6,3,"Duke,Captain",32,2026-02-13T22:10:55-08:00
9004,6,1,"Assassin,Duke,Contessa,Assassin",43,2026-02-13T22:10:55-08:00
9006,6,1,"Captain,Assassin,Captain",24,2026-02-13T22:10:55-08:00
9008,6,3,"Duke,Captain",32,2026-02-13T22:10:55-08:00
9007,6,5,Assassin,45,2026-02-13T22:10:55-08:00
9009,6,4,"Assassin,Captain,Captain",26,2026-02-13T22:10:55-08:00
9011,6,3,"Duke,Captain",32,2026-02-13T22:10:55-08:00
9010,6,5,Assassin,45,2026-02-13T22:10:55-08:00
9012,6,4,"Assassin,Captain,Captain",26,2026-02-13T22:10:55-08:00
9013,6,4,"Assassin,Captain,Captain",26,2026-02-13T22:10:55-08:00
9015,6,4,"Assassin,Captain,Captain",26,2026-02-13T22:10:55-08:00
9014,6,5,"Contessa,Contessa",35,2026-02-13T22:10:55-08:00
9016,6,4,"Assassin,Captain,Captain",26,2026-02-13T22:10:55-08:00
9017,6,5,"Contessa,Contessa",35,2026-02-13T22:10:55-08:00
9018,6,5,"Contessa,Contessa",35,2026-02-13T22:10:55-08:00
9000,6,3,"Captain,Captain",31,2026-02-13T22:10:55-08:00
8990,6,0,"Ambassador,Ambassador",24,2026-02-13T22:10:55-08:00
8983,6,3,"Ambassador,Captain,Contessa,Contessa",39,2026-02-13T22:10:55-08:00
9023,6,1,"Contessa,Ambassador,Captain",18,2026-02-13T22:10:55-08:00
9024,6,1,"Captain,Ambassador,Captain",43,2026-02-13T22:10:55-08:00
9026,6,0,"Assassin,Contessa",18,2026-02-13T22:10:55-08:00
9027,6,1,"Captain,Ambassador,Captain",43,2026-02-13T22:10:55-08:00
9028,6,1,"Assassin,Duke,Captain,Assassin",40,2026-02-13T22:10:55-08:00
9025,6,1,"Captain,Ambassador,Captain",43,2026-02-13T22:10:55-08:00
9029,6,0,"Contessa,Captain,Assassin",42,2026-02-13T22:10:55-08:00
9030,6,1,"Assassin,Captain,Ambassador,Assassin",19,2026-02-13T22:10:55-08:00
9021,6,5,"Contessa,Contessa",35,2026-02-13T22:10:55-08:00
9031,6,5,"Captain,Assassin",44,2026-02-13T22:10:55-08:00
9032,6,5,"Captain,Assassin",44,2026-02-13T22:10:55-08:00
9020,6,5,"Duke,Contessa,Contessa",24,2026-02-13T22:10:55-08:00
9033,6,1,Captain,43,2026-02-13T22:10:55-08:00
9034,6,5,"Captain,Assassin",44,2026-02-13T22:10:55-08:00
9036,6,5,"Assassin,Ambassador,Contessa",29,2026-02-13T22:10:55-08:00
9022,6,1,"Contessa,Ambassador,Captain",18,2026-02-13T22:10:55-08:00
9035,6,1,Captain,43,2026-02-13T22:10:55-08:00
9037,6,5,"Assassin,Ambassador,Contessa",29,2026-02-13T22:10:55-08:00
9038,6,1,"Contessa,Ambassador,Contessa,Captain",29,2026-02-13T22:10:55-08:00
9041,6,5,"Ambassador,Ambassador",16,2026-02-13T22:10:55-08:00
9039,6,1,"Contessa,Duke",40,2026-02-13T22:10:55-08:00
9043,6,1,"Captain,Duke,Duke",16,2026-02-13T22:10:55-08:00
9040,6,1,"Captain,Duke,Duke",16,2026-02-13T22:10:55-08:00
9042,6,1,"Contessa,Duke,Ambassador,Duke",25,2026-02-13T22:10:55-08:00
9044,6,1,"Assassin,Duke",37,2026-02-13T22:10:55-08:00
9045,6,5,"Captain,Captain,Assassin",34,2026-02-13T22:10:55-08:00
9046,6,5,"Captain,Captain,Assassin",34,2026-02-13T22:10:55-08:00
9019,6,2,"Ambassador,Captain",53,2026-02-13T22:10:55-08:00
9050,6,3,"Duke,Contessa",15,2026-02-13T22:10:55-08:00
9048,6,5,"Captain,Captain,Assassin",34,2026-02-13T22:10:55-08:00
9047,6,5,"Duke,Ambassador",65,2026-02-13T22:10:55-08:00
9049,6,0,"Contessa,Duke",31,2026-02-13T22:10:55-08:00
9052,6,1,"Duke,Captain,Captain,Duke,Ambassador",34,2026-02-13T22:10:55-08:00
9054,6,3,"Duke,Duke",14,2026-02-13T22:10:55-08:00
9051,6,1,"Duke,Captain,Captain,Duke,Ambassador",34,2026-02-13T22:10:55-08:00
9055,6,3,"Duke,Duke",14,2026-02-13T22:10:55-08:00
9053,6,4,Duke,24,2026-02-13T22:10:55-08:00
9057,6,3,"Duke,Duke",14,2026-02-13T22:10:55-08:00
9056,6,3,"Duke,Duke",14,2026-02-13T22:10:55-08:00
9062,6,3,"Assassin,Duke,Assassin",15,2026-02-13T22:10:55-08:00
9061,6,3,"Ambassador,Duke,Assassin,Assassin",21,2026-02-13T22:10:55-08:00
9060,6,2,"Ambassador,Ambassador,Ambassador,Ambassador,Ambassador",26,2026-02-13T22:10:55-08:00
9058,6,3,Assassin,57,2026-02-13T22:10:55-08:00
9064,6,2,"Ambassador,Ambassador,Ambassador,Ambassador,Ambassador",26,2026-02-13T22:10:55-08:00
9059,6,3,Assassin,57,2026-02-13T22:10:55-08:00
9063,6,3,"Ambassador,Duke,Assassin,Assassin",21,2026-02-13T22:10:55-08:00
9066,6,5,"Duke,Contessa",29,2026-02-13T22:10:55-08:00
9065,6,3,"Captain,Captain",38,2026-02-13T22:10:55-08:00
9068,6,3,"Assassin,Ambassador,Ambassador",15,2026-02-13T22:10:55-08:00
9067,6,3,"Assassin,Ambassador,Ambassador",15,2026-02-13T22:10:55-08:00
9069,6,2,"Captain,Duke,Ambassador,Assassin,Contessa",26,2026-02-13T22:10:55-08:00
9070,6,0,"Duke,Ambassador,Contessa,Duke",30,2026-02-13T22:10:55-08:00
9071,6,2,"Assassin,Ambassador",14,2026-02-13T22:10:55-08:00
9073,6,3,"Assassin,Ambassador,Ambassador",15,2026-02-13T22:10:55-08:00
9072,6,4,Duke,46,2026-02-13T22:10:55-08:00
9074,6,0,"Duke,Contessa",30,2026-02-13T22:10:55-08:00
9076,6,5,Duke,40,2026-02-13T22:10:55-08:00
9075,6,3,"Captain,Captain,Captain,Contessa",20,2026-02-13T22:10:55-08:00
9077,6,3,"Captain,Captain,Captain,Contessa",20,2026-02-13T22:10:55-08:00
9078,6,0,"Duke,Contessa",30,2026-02-13T22:10:55-08:00
9079,6,0,"Duke,Contessa",30,2026-02-13T22:10:55-08:00
9080,6,1,"Assassin,Duke,Contessa,Ambassador",43,2026-02-13T22:10:55-08:00
9082,6,5,"Captain,Duke,Ambassador",22,2026-02-13T22:10:55-08:00
9081,6,3,"Duke,Contessa,Assassin,Duke,Duke",45,2026-02-13T22:10:55-08:00
9084,6,1,"Assassin,Duke,Contessa,Ambassador",43,2026-02-13T22:10:55-08:00
9083,6,1,"Contessa,Duke,Assassin,Contessa",63,2026-02-13T22:10:55-08:00
9086,6,1,"Ambassador,Captain",19,2026-02-13T22:10:55-08:00
9087,6,4,"Captain,Duke,Captain",35,2026-02-13T22:10:55-08:00
9085,6,5,"Captain,Duke,Ambassador",22,2026-02-13T22:10:55-08:00
9088,6,5,Assassin,28,2026-02-13T22:10:55-08:00
9089,6,1,"Ambassador,Assassin",21,2026-02-13T22:10:55-08:00
9091,6,2,"Duke,Ambassador",23,2026-02-13T22:10:55-08:00
9092,6,1,"Ambassador,Captain",19,2026-02-13T22:10:55-08:00
9093,6,4,"Captain,Duke,Captain",35,2026-02-13T22:10:55-08:00
9090,6,2,"Assassin,Duke",43,2026-02-13T22:10:55-08:00
9094,6,2,"Duke,Ambassador",23,2026-02-13T22:10:55-08:00
9095,6,3,Assassin,45,2026-02-13T22:10:55-08:00
9097,6,2,"Duke,Ambassador",23,2026-02-13T22:10:55-08:00
9096,6,2,"Assassin,Duke",43,2026-02-13T22:10:55-08:00
9099,6,5,"Captain,Duke,Assassin",28,2026-02-13T22:10:55-08:00
9098,6,4,"Contessa,Ambassador,Duke",54,2026-02-13T22:10:55-08:00
9101,6,0,"Duke,Contessa",35,2026-02-13T22:10:55-08:00
9100,6,5,"Captain,Duke,Assassin",28,2026-02-13T22:10:55-08:00
9105,6,0,Ambassador,34,2026-02-13T22:10:55-08:00
9106,6,1,Contessa,23,2026-02-13T22:10:55-08:00
9103,6,0,"Duke,Contessa",35,2026-02-13T22:10:55-08:00
9107,6,5,"Duke,Contessa",29,2026-02-13T22:10:55-08:00
9108,6,4,"Duke,Captain,Contessa,Duke,Ambassador",46,2026-02-13T22:10:55-08:00
9109,6,3,"Assassin,Duke,Assassin",27,2026-02-13T22:10:55-08:00
9102,6,5,"Captain,Duke,Assassin",28,2026-02-13T22:10:55-08:00
9104,6,1,"Duke,Duke,Duke,Assassin,Ambassador",35,2026-02-13T22:10:55-08:00
9110,6,0,"Contessa,Assassin,Duke",60,2026-02-13T22:10:55-08:00
9111,6,4,"Duke,Captain,Contessa,Duke,Ambassador",46,2026-02-13T22:10:55-08:00
9112,6,2,Contessa,29,2026-02-13T22:10:55-08:00
9113,6,0,"Contessa,Assassin,Duke",60,2026-02-13T22:10:55-08:00
9115,6,1,Ambassador,39,2026-02-13T22:10:55-08:00
9114,6,4,"Duke,Captain,Contessa,Duke,Ambassador",46,2026-02-13T22:10:55-08:00
9117,6,0,"Assassin,Ambassador",48,2026-02-13T22:10:55-08:00
9118,6,3,"Duke,Ambassador,Duke,Ambassador",21,2026-02-13T22:10:55-08:00
9116,6,4,"Duke,Duke",84,2026-02-13T22:10:55-08:00
9120,6,4,"Duke,Duke",84,2026-02-13T22:10:55-08:00
9122,6,2,"Duke,Captain,Assassin,Duke",10,2026-02-13T22:10:55-08:00
9119,6,4,"Duke,Duke",84,2026-02-13T22:10:55-08:00
9121,6,4,"Duke,Duke",84,2026-02-13T22:10:55-08:00
9123,6,5,"Contessa,Assassin,Captain",41,2026-02-13T22:10:55-08:00
9124,6,5,"Contessa,Assassin,Captain",41,2026-02-13T22:10:55-08:00
9125,6,4,"Ambassador,Ambassador,Assassin,Ambassador,Ambassador",54,2026-02-13T22:10:55-08:00
9126,6,5,"Contessa,Assassin,Captain",41,2026-02-13T22:10:55-08:00
9131,6,2,"Duke,Captain",41,2026-02-13T22:10:55-08:00
9128,6,2,"Contessa,Assassin,Captain",27,2026-02-13T22:10:55-08:00
9132,6,2,"Duke,Captain",41,2026-02-13T22:10:55-08:00
9133,6,4,"Assassin,Assassin",24,2026-02-13T22:10:55-08:00
9134,6,2,"Duke,Captain",41,2026-02-13T22:10:55-08:00
9137,6,2,"Assassin,Contessa,Ambassador",20,2026-02-13T22:10:55-08:00
9135,6,3,"Captain,Ambassador",51,2026-02-13T22:10:55-08:00
9138,6,0,Assassin,24,2026-02-13T22:10:55-08:00
9136,6,0,"Duke,Captain",56,2026-02-13T22:10:55-08:00
9139,6,2,"Assassin,Contessa,Ambassador",20,2026-02-13T22:10:55-08:00
9140,6,4,"Ambassador,Captain",17,2026-02-13T22:10:55-08:00
9141,6,2,"Captain,Duke,Captain",29,2026-02-13T22:10:55-08:00
9142,6,1,"Assassin,Assassin",33,2026-02-13T22:10:55-08:00
9143,6,2,"Captain,Duke,Captain",29,2026-02-13T22:10:55-08:00
9144,6,2,"Captain,Duke,Captain",29,2026-02-13T22:10:55-08:00
9129,6,4,"Duke,Contessa,Ambassador",52,2026-02-13T22:10:55-08:00
9145,6,2,"Contessa,Duke",40,2026-02-13T22:10:55-08:00
9147,6,5,Ambassador,19,2026-02-13T22:10:55-08:00
9146,6,2,"Captain,Assassin,Contessa,Ambassador",26,2026-02-13T22:10:55-08:00
9148,6,2,"Captain,Assassin,Contessa,Ambassador",26,2026-02-13T22:10:55-08:00
9130,6,0,"Captain,Contessa,Ambassador",24,2026-02-13T22:10:55-08:00
9127,6,5,"Contessa,Assassin,Captain",41,2026-02-13T22:10:55-08:00
9152,6,5,"Duke,Captain,Duke",7,2026-02-13T22:10:55-08:00
9151,6,4,"Captain,Contessa,Assassin",41,2026-02-13T22:10:55-08:00
9153,6,2,"Assassin,Duke,Duke",28,2026-02-13T22:10:55-08:00
9154,6,2,Captain,32,2026-02-13T22:10:55-08:00
9155,6,2,"Duke,Assassin,Ambassador,Captain",50,2026-02-13T22:10:55-08:00
9156,6,2,Captain,32,2026-02-13T22:10:55-08:00
9157,6,2,Captain,32,2026-02-13T22:10:55-08:00
9158,6,4,"Assassin,Captain,Captain,Ambassador",20,2026-02-13T22:10:55-08:00
9159,6,1,"Duke,Assassin",21,2026-02-13T22:10:55-08:00
9161,6,1,"Captain,Contessa,Captain",20,2026-02-13T22:10:55-08:00
9162,6,4,Ambassador,70,2026-02-13T22:10:55-08:00
9160,6,4,Ambassador,70,2026-02-13T22:10:55-08:00
9163,6,4,Ambassador,70,2026-02-13T22:10:55-08:00
9167,6,0,Contessa,30,2026-02-13T22:10:55-08:00
9164,6,0,Contessa,30,2026-02-13T22:10:55-08:00
9165,6,1,"Ambassador,Duke,Captain",42,2026-02-13T22:10:55-08:00
9166,6,2,"Ambassador,Ambassador",46,2026-02-13T22:10:55-08:00
9168,6,3,"Contessa,Contessa",60,2026-02-13T22:10:55-08:00
9169,6,1,"Ambassador,Duke,Captain",42,2026-02-13T22:10:55-08:00
9170,6,5,"Ambassador,Captain,Assassin,Contessa",35,2026-02-13T22:10:55-08:00
9172,6,2,"Contessa,Duke,Duke",32,2026-02-13T22:10:55-08:00
9171,6,3,"Contessa,Contessa",60,2026-02-13T22:10:55-08:00
9174,6,2,"Contessa,Duke,Duke",32,2026-02-13T22:10:55-08:00
9173,6,2,"Captain,Assassin,Assassin",31,2026-02-13T22:10:55-08:00
9175,6,2,"Ambassador,Duke",50,2026-02-13T22:10:55-08:00
9176,6,0,"Contessa,Ambassador,Assassin,Duke",21,2026-02-13T22:10:55-08:00
9177,6,5,"Captain,Contessa",23,2026-02-13T22:10:55-08:00
9178,6,5,"Ambassador,Captain",23,2026-02-13T22:10:55-08:00
9181,6,5,"Captain,Contessa",23,2026-02-13T22:10:55-08:00
9179,6,5,"Captain,Contessa",23,2026-02-13T22:10:55-08:00
9180,6,0,"Captain,Assassin,Captain",42,2026-02-13T22:10:55-08:00
9182,6,4,"Contessa,Captain,Duke,Captain,Contessa,Contessa",38,2026-02-13T22:10:55-08:00
9184,6,1,"Duke,Duke,Captain,Ambassador",41,2026-02-13T22:10:55-08:00
9185,6,4,"Contessa,Captain,Duke,Captain,Contessa,Contessa",38,2026-02-13T22:10:55-08:00
9183,6,5,"Duke,Ambassador",48,2026-02-13T22:10:55-08:00
9149,6,2,"Captain,Assassin,Contessa,Ambassador",26,2026-02-13T22:10:55-08:00
9150,6,1,"Contessa,Captain,Captain,Duke,Captain",22,2026-02-13T22:10:55-08:00
9188,6,1,"Duke,Duke",61,2026-02-13T22:10:55-08:00
9189,6,5,"Duke,Contessa",35,2026-02-13T22:10:55-08:00
9191,6,5,"Duke,Duke,Captain",18,2026-02-13T22:10:55-08:00
9186,6,5,"Duke,Duke,Captain",18,2026-02-13T22:10:55-08:00
9187,6,4,"Contessa,Captain,Duke,Captain,Contessa,Contessa",38,2026-02-13T22:10:55-08:00
9190,6,1,"Duke,Duke",61,2026-02-13T22:10:55-08:00
9192,6,1,"Ambassador,Ambassador,Ambassador,Ambassador,Ambassador",19,2026-02-13T22:10:55-08:00
9193,6,3,"Ambassador,Duke,Assassin,Duke",45,2026-02-13T22:10:55-08:00
9194,6,1,"Duke,Duke",61,2026-02-13T22:10:55-08:00
9195,6,3,"Ambassador,Duke,Assassin,Duke",45,2026-02-13T22:10:55-08:00
9196,6,1,"Assassin,Contessa",49,2026-02-13T22:10:55-08:00
9197,6,4,Assassin,40,2026-02-13T22:10:55-08:00
9199,6,4,"Ambassador,Captain",14,2026-02-13T22:10:55-08:00
9201,6,4,"Ambassador,Captain",14,2026-02-13T22:10:55-08:00
9200,6,3,"Ambassador,Duke,Assassin,Duke",45,2026-02-13T22:10:55-08:00
9203,6,5,"Duke,Captain,Ambassador",25,2026-02-13T22:10:55-08:00
9202,6,3,"Captain,Contessa",26,2026-02-13T22:10:55-08:00
9204,6,2,"Contessa,Captain,Ambassador",22,2026-02-13T22:10:55-08:00
9205,6,0,"Duke,Assassin,Captain,Captain",66,2026-02-13T22:10:55-08:00
9206,6,4,"Ambassador,Captain",14,2026-02-13T22:10:55-08:00
9211,6,4,"Assassin,Contessa",40,2026-02-13T22:10:55-08:00
9208,6,2,"Contessa,Captain,Ambassador",22,2026-02-13T22:10:55-08:00
9209,6,0,"Duke,Assassin,Captain,Captain",66,2026-02-13T22:10:55-08:00
9213,6,2,Contessa,68,2026-02-13T22:10:55-08:00
9210,6,4,"Duke,Duke,Captain,Ambassador",35,2026-02-13T22:10:55-08:00
9214,6,0,"Captain,Contessa,Duke,Captain",28,2026-02-13T22:10:55-08:00
9207,6,3,"Assassin,Duke,Captain,Captain",24,2026-02-13T22:10:55-08:00
9216,6,5,"Captain,Ambassador,Assassin",47,2026-02-13T22:10:55-08:00
9217,6,5,"Captain,Ambassador,Assassin",47,2026-02-13T22:10:55-08:00
9212,6,5,"Captain,Ambassador,Assassin",47,2026-02-13T22:10:55-08:00
9218,6,0,Duke,48,2026-02-13T22:10:55-08:00
9220,6,0,Duke,48,2026-02-13T22:10:55-08:00
9215,6,4,"Assassin,Contessa",40,2026-02-13T22:10:55-08:00
9221,6,0,Duke,48,2026-02-13T22:10:55-08:00
9223,6,5,"Captain,Duke",35,2026-02-13T22:10:55-08:00
9224,6,5,"Captain,Duke",35,2026-02-13T22:10:55-08:00
9226,6,0,"Captain,Captain,Captain,Ambassador,Contessa",25,2026-02-13T22:10:55-08:00
9227,6,5,"Captain,Duke",35,2026-02-13T22:10:55-08:00
9228,6,3,"Duke,Ambassador,Duke",15,2026-02-13T22:10:55-08:00
9229,6,3,"Duke,Ambassador,Duke",15,2026-02-13T22:10:55-08:00
9230,6,3,"Duke,Ambassador,Duke",15,2026-02-13T22:10:55-08:00
9232,6,4,Duke,18,2026-02-13T22:10:55-08:00
9233,6,4,Duke,18,2026-02-13T22:10:55-08:00
9231,6,0,"Duke,Ambassador",30,2026-02-13T22:10:55-08:00
9222,6,0,Duke,48,2026-02-13T22:10:55-08:00
9219,6,1,"Contessa,Duke",65,2026-02-13T22:10:55-08:00
9198,6,1,"Ambassador,Ambassador",15,2026-02-13T22:10:55-08:00
9225,6,2,"Duke,Ambassador",18,2026-02-13T22:10:55-08:00
9239,6,5,"Ambassador,Ambassador",26,2026-02-13T22:10:55-08:00
9240,6,5,"Ambassador,Ambassador",26,2026-02-13T22:10:55-08:00
9236,6,4,Captain,19,2026-02-13T22:10:55-08:00
9241,6,3,"Duke,Duke",41,2026-02-13T22:10:55-08:00
9244,6,5,"Captain,Ambassador",30,2026-02-13T22:10:55-08:00
9242,6,4,"Duke,Ambassador",46,2026-02-13T22:10:55-08:00
9243,6,4,"Duke,Ambassador",46,2026-02-13T22:10:55-08:00
9245,6,1,"Captain,Duke,Contessa,Ambassador,Captain",49,2026-02-13T22:10:55-08:00
9247,6,4,"Assassin,Captain",16,2026-02-13T22:10:55-08:00
9248,6,4,"Assassin,Captain",16,2026-02-13T22:10:55-08:00
9246,6,3,"Contessa,Duke",44,2026-02-13T22:10:55-08:00
9249,6,1,"Captain,Contessa,Captain",30,2026-02-13T22:10:55-08:00
9250,6,5,"Ambassador,Ambassador,Ambassador",10,2026-02-13T22:10:55-08:00
9251,6,5,"Ambassador,Ambassador,Ambassador",10,2026-02-13T22:10:55-08:00
9253,6,2,"Captain,Duke,Assassin,Duke,Contessa",20,2026-02-13T22:10:55-08:00
9252,6,3,"Assassin,Duke",45,2026-02-13T22:10:55-08:00
9255,6,4,Assassin,47,2026-02-13T22:10:55-08:00
9234,6,4,Duke,18,2026-02-13T22:10:55-08:00
9254,6,4,Assassin,47,2026-02-13T22:10:55-08:00
9235,6,4,Captain,19,2026-02-13T22:10:55-08:00
9256,6,2,"Duke,Ambassador",36,2026-02-13T22:10:55-08:00
9257,6,4,Assassin,47,2026-02-13T22:10:55-08:00
9237,6,1,"Duke,Ambassador",103,2026-02-13T22:10:55-08:00
9258,6,2,"Ambassador,Duke,Duke,Captain,Ambassador",20,2026-02-13T22:10:55-08:00
9259,6,5,"Ambassador,Contessa",38,2026-02-13T22:10:55-08:00
9238,6,1,"Duke,Ambassador",103,2026-02-13T22:10:55-08:00
9261,6,5,"Ambassador,Contessa",38,2026-02-13T22:10:55-08:00
9260,6,4,Assassin,47,2026-02-13T22:10:55-08:00
9262,6,0,"Captain,Duke,Captain,Captain,Ambassador,Ambassador",21,2026-02-13T22:10:55-08:00
9263,6,5,"Ambassador,Contessa",38,2026-02-13T22:10:55-08:00
9264,6,0,"Captain,Duke,Captain,Captain,Ambassador,Ambassador",21,2026-02-13T22:10:55-08:00
9265,6,0,"Captain,Duke,Captain,Captain,Ambassador,Ambassador",21,2026-02-13T22:10:55-08:00
9267,6,0,"Ambassador,Ambassador,Ambassador",42,2026-02-13T22:10:55-08:00
9266,6,0,"Assassin,Ambassador,Assassin,Captain",78,2026-02-13T22:10:55-08:00
9268,6,0,"Assassin,Ambassador,Assassin,Captain",78,2026-02-13T22:10:55-08:00
9269,6,0,"Assassin,Ambassador,Assassin,Captain",78,2026-02-13T22:10:55-08:00
9271,6,2,"Captain,Captain,Captain,Ambassador,Assassin,Captain",32,2026-02-13T22:10:55-08:00
9270,6,0,"Assassin,Ambassador,Assassin,Captain",78,2026-02-13T22:10:55-08:00
9272,6,5,"Duke,Assassin",71,2026-02-13T22:10:55-08:00
9274,6,2,Ambassador,25,2026-02-13T22:10:55-08:00
9273,6,5,"Duke,Assassin",71,2026-02-13T22:10:55-08:00
9279,6,0,"Duke,Duke",17,2026-02-13T22:10:55-08:00
9280,6,5,"Captain,Assassin,Captain",23,2026-02-13T22:10:55-08:00
9281,6,2,"Duke,Duke,Assassin,Contessa",32,2026-02-13T22:10:55-08:00
9282,6,1,Duke,53,2026-02-13T22:10:55-08:00
9283,6,0,"Contessa,Duke,Captain",18,2026-02-13T22:10:55-08:00
9284,6,5,"Assassin,Contessa",36,2026-02-13T22:10:55-08:00
9285,6,3,"Contessa,Ambassador",35,2026-02-13T22:10:55-08:00
9286,6,1,"Captain,Assassin,Duke",32,2026-02-13T22:10:55-08:00
9287,6,4,"Duke,Ambassador",17,2026-02-13T22:10:55-08:00
9288,6,3,"Duke,Duke,Assassin",32,2026-02-13T22:10:55-08:00
9289,6,3,"Assassin,Captain,Captain,Duke",23,2026-02-13T22:10:55-08:00
9290,6,5,"Ambassador,Ambassador,Captain",33,2026-02-13T22:10:55-08:00
9291,6,0,"Ambassador,Ambassador,Ambassador",21,2026-02-13T22:10:55-08:00
9292,6,3,"Contessa,Ambassador,Captain",26,2026-02-13T22:10:55-08:00
9293,6,1,"Duke,Contessa",20,2026-02-13T22:10:55-08:00
9294,6,5,"Assassin,Ambassador",28,2026-02-13T22:10:55-08:00
9295,6,2,"Contessa,Ambassador",26,2026-02-13T22:10:55-08:00
9296,6,4,"Ambassador,Ambassador,Duke",12,2026-02-13T22:10:55-08:00
9276,6,2,"Duke,Captain",11,2026-02-13T22:10:55-08:00
9275,6,2,"Captain,Captain,Captain,Ambassador,Assassin,Captain",32,2026-02-13T22:10:55-08:00
9277,6,1,Duke,53,2026-02-13T22:10:55-08:00
9278,6,2,"Duke,Duke,Assassin,Contessa",32,2026-02-13T22:10:55-08:00
9300,6,3,"Captain,Assassin,Captain",15,2026-02-13T22:10:55-08:00
9301,6,3,"Contessa,Assassin,Captain",15,2026-02-13T22:10:55-08:00
9302,6,3,"Captain,Assassin,Captain",15,2026-02-13T22:10:55-08:00
9298,6,5,Captain,14,2026-02-13T22:10:55-08:00
9304,6,4,"Captain,Assassin",24,2026-02-13T22:10:55-08:00
9303,6,4,"Duke,Assassin",42,2026-02-13T22:10:55-08:00
9305,6,4,"Ambassador,Ambassador,Captain",26,2026-02-13T22:10:55-08:00
9306,6,4,"Duke,Assassin",42,2026-02-13T22:10:55-08:00
9307,6,4,"Ambassador,Ambassador,Captain",26,2026-02-13T22:10:55-08:00
9308,6,4,"Duke,Assassin",42,2026-02-13T22:10:55-08:00
9309,6,0,"Duke,Duke,Assassin,Assassin",30,2026-02-13T22:10:55-08:00
9311,6,2,"Captain,Assassin,Duke,Assassin",17,2026-02-13T22:10:55-08:00
9310,6,0,"Duke,Duke,Assassin,Assassin",30,2026-02-13T22:10:55-08:00
9313,6,2,"Captain,Assassin,Duke,Assassin",17,2026-02-13T22:10:55-08:00
9312,6,2,"Duke,Ambassador,Assassin",18,2026-02-13T22:10:55-08:00
9314,6,2,"Duke,Ambassador,Assassin",18,2026-02-13T22:10:55-08:00
9315,6,5,"Ambassador,Captain,Ambassador",47,2026-02-13T22:10:55-08:00
9316,6,1,"Captain,Captain",14,2026-02-13T22:10:55-08:00
9317,6,1,"Contessa,Contessa",30,2026-02-13T22:10:55-08:00
9299,6,3,"Contessa,Assassin,Captain",15,2026-02-13T22:10:55-08:00
9321,6,4,"Ambassador,Ambassador",45,2026-02-13T22:10:55-08:00
9323,6,4,"Ambassador,Duke,Contessa,Ambassador,Captain",28,2026-02-13T22:10:55-08:00
9297,6,2,"Ambassador,Ambassador,Duke",21,2026-02-13T22:10:55-08:00
9319,6,1,"Captain,Contessa,Captain,Duke",16,2026-02-13T22:10:55-08:00
9324,6,4,"Ambassador,Duke,Contessa,Ambassador,Captain",28,2026-02-13T22:10:55-08:00
9325,6,5,"Captain,Captain",21,2026-02-13T22:10:55-08:00
9326,6,5,"Captain,Captain",21,2026-02-13T22:10:55-08:00
9327,6,0,"Ambassador,Contessa",45,2026-02-13T22:10:55-08:00
9328,6,4,"Ambassador,Ambassador",45,2026-02-13T22:10:55-08:00
9330,6,3,"Contessa,Contessa,Ambassador",37,2026-02-13T22:10:55-08:00
9331,6,3,"Contessa,Contessa,Ambassador",37,2026-02-13T22:10:55-08:00
9329,6,0,Ambassador,66,2026-02-13T22:10:55-08:00
9332,6,5,Duke,41,2026-02-13T22:10:55-08:00
9333,6,0,Duke,53,2026-02-13T22:10:55-08:00
9336,6,0,"Ambassador,Ambassador",37,2026-02-13T22:10:55-08:00
9335,6,0,"Ambassador,Ambassador",37,2026-02-13T22:10:55-08:00
9334,6,0,"Ambassador,Ambassador",37,2026-02-13T22:10:55-08:00
9337,6,0,"Ambassador,Ambassador",37,2026-02-13T22:10:55-08:00
9338,6,4,"Ambassador,Ambassador",47,2026-02-13T22:10:55-08:00
9318,6,1,"Captain,Contessa,Captain,Duke",16,2026-02-13T22:10:55-08:00
9340,6,2,"Ambassador,Captain,Contessa,Ambassador",25,2026-02-13T22:10:55-08:00
9339,6,1,Ambassador,60,2026-02-13T22:10:55-08:00
9320,6,1,"Contessa,Contessa",30,2026-02-13T22:10:55-08:00
9341,6,0,"Ambassador,Ambassador",37,2026-02-13T22:10:55-08:00
9343,6,5,"Captain,Ambassador,Captain",29,2026-02-13T22:10:55-08:00
9344,6,5,"Captain,Ambassador,Captain",29,2026-02-13T22:10:55-08:00
9342,6,1,Assassin,55,2026-02-13T22:10:55-08:00
9346,6,2,"Ambassador,Captain,Contessa,Ambassador",25,2026-02-13T22:10:55-08:00
9345,6,1,Assassin,59,2026-02-13T22:10:55-08:00
9347,6,4,"Captain,Captain",70,2026-02-13T22:10:55-08:00
9349,6,4,"Duke,Assassin,Contessa,Duke",42,2026-02-13T22:10:55-08:00
9348,6,4,"Captain,Captain",70,2026-02-13T22:10:55-08:00
9350,6,4,"Duke,Assassin,Contessa,Duke",42,2026-02-13T22:10:55-08:00
9351,6,1,"Assassin,Duke",25,2026-02-13T22:10:55-08:00
9354,6,1,"Ambassador,Ambassador,Ambassador,Duke,Duke,Duke",16,2026-02-13T22:10:55-08:00
9352,6,4,"Duke,Duke",34,2026-02-13T22:10:55-08:00
9353,6,1,"Assassin,Duke",25,2026-02-13T22:10:55-08:00
9356,6,1,"Ambassador,Ambassador,Ambassador,Duke,Duke,Duke",16,2026-02-13T22:10:55-08:00
9355,6,5,"Contessa,Contessa",34,2026-02-13T22:10:55-08:00
9357,6,0,"Captain,Contessa,Captain,Assassin,Duke",29,2026-02-13T22:10:55-08:00
9358,6,1,"Assassin,Assassin",55,2026-02-13T22:10:55-08:00
9360,6,4,"Ambassador,Captain,Duke,Contessa,Contessa",40,2026-02-13T22:10:55-08:00
9359,6,3,"Ambassador,Ambassador,Assassin",27,2026-02-13T22:10:55-08:00
9364,6,2,Captain,20,2026-02-13T22:10:55-08:00
9363,6,4,"Ambassador,Captain,Duke,Contessa,Contessa",40,2026-02-13T22:10:55-08:00
9366,6,3,"Ambassador,Captain",31,2026-02-13T22:10:55-08:00
9365,6,2,Assassin,44,2026-02-13T22:10:55-08:00
9361,6,1,"Assassin,Assassin",55,2026-02-13T22:10:55-08:00
9367,6,5,"Contessa,Captain",47,2026-02-13T22:10:55-08:00
9368,6,3,"Ambassador,Captain",31,2026-02-13T22:10:55-08:00
9369,6,3,"Ambassador,Captain",31,2026-02-13T22:10:55-08:00
9370,6,5,Assassin,104,2026-02-13T22:10:55-08:00
9371,6,5,Assassin,104,2026-02-13T22:10:55-08:00
9372,6,1,Ambassador,17,2026-02-13T22:10:55-08:00
9373,6,2,"Assassin,Ambassador,Duke,Duke",20,2026-02-13T22:10:55-08:00
9374,6,0,"Assassin,Duke,Duke,Contessa,Contessa,Ambassador",24,2026-02-13T22:10:55-08:00
9375,6,0,"Assassin,Duke,Duke,Contessa,Contessa,Ambassador",24,2026-02-13T22:10:55-08:00
9376,6,5,"Duke,Contessa",22,2026-02-13T22:10:55-08:00
9377,6,5,"Duke,Contessa",22,2026-02-13T22:10:55-08:00
9378,6,5,"Duke,Captain,Assassin,Captain,Contessa,Captain",23,2026-02-13T22:10:55-08:00
9362,6,0,"Captain,Contessa,Captain,Assassin,Duke",29,2026-02-13T22:10:55-08:00
9379,6,2,Ambassador,14,2026-02-13T22:10:55-08:00
9380,6,1,"Ambassador,Ambassador",37,2026-02-13T22:10:55-08:00
9322,6,4,Contessa,76,2026-02-13T22:10:55-08:00
9387,6,2,"Duke,Duke",20,2026-02-13T22:10:55-08:00
9381,6,1,"Ambassador,Ambassador",37,2026-02-13T22:10:55-08:00
9386,6,5,"Contessa,Assassin,Assassin",29,2026-02-13T22:10:55-08:00
9383,6,3,Assassin,63,2026-02-13T22:10:55-08:00
9382,6,1,"Ambassador,Ambassador",46,2026-02-13T22:10:55-08:00
9388,6,3,Assassin,63,2026-02-13T22:10:55-08:00
9389,6,5,Ambassador,58,2026-02-13T22:10:55-08:00
9391,6,0,"Assassin,Contessa,Duke",22,2026-02-13T22:10:55-08:00
9392,6,0,Contessa,54,2026-02-13T22:10:55-08:00
9390,6,5,Ambassador,58,2026-02-13T22:10:55-08:00
9395,6,1,"Assassin,Assassin",31,2026-02-13T22:10:55-08:00
9393,6,0,Contessa,54,2026-02-13T22:10:55-08:00
9394,6,1,"Captain,Assassin,Duke,Contessa",18,2026-02-13T22:10:55-08:00
9396,6,1,"Captain,Assassin,Duke,Contessa",18,2026-02-13T22:10:55-08:00
9399,6,5,"Assassin,Captain",35,2026-02-13T22:10:55-08:00
9398,6,4,"Duke,Assassin,Captain",40,2026-02-13T22:10:55-08:00
9397,6,5,"Assassin,Captain",35,2026-02-13T22:10:55-08:00
9401,6,1,"Ambassador,Ambassador,Duke,Duke,Captain",13,2026-02-13T22:10:55-08:00
9400,6,2,"Assassin,Captain,Contessa",44,2026-02-13T22:10:55-08:00
9402,6,4,"Duke,Assassin,Captain",40,2026-02-13T22:10:55-08:00
9403,6,5,"Duke,Ambassador,Ambassador",16,2026-02-13T22:10:55-08:00
9404,6,5,"Duke,Captain,Captain,Contessa",22,2026-02-13T22:10:55-08:00
9384,6,3,"Contessa,Captain,Ambassador,Duke",30,2026-02-13T22:10:55-08:00
9407,6,4,"Contessa,Assassin",16,2026-02-13T22:10:55-08:00
9406,6,0,"Assassin,Captain,Duke,Duke",31,2026-02-13T22:10:55-08:00
9408,6,0,"Assassin,Contessa",44,2026-02-13T22:10:55-08:00
9385,6,5,"Contessa,Assassin,Assassin",29,2026-02-13T22:10:55-08:00
9410,6,3,Contessa,28,2026-02-13T22:10:55-08:00
9409,6,0,"Assassin,Contessa",44,2026-02-13T22:10:55-08:00
9411,6,3,"Duke,Captain,Ambassador",21,2026-02-13T22:10:55-08:00
9412,6,0,"Assassin,Captain,Duke,Duke",31,2026-02-13T22:10:55-08:00
9413,6,0,"Assassin,Ambassador,Contessa,Contessa,Ambassador",65,2026-02-13T22:10:55-08:00
9415,6,0,"Ambassador,Captain,Captain,Duke,Duke,Contessa",12,2026-02-13T22:10:55-08:00
9418,6,4,"Assassin,Duke,Ambassador,Contessa",16,2026-02-13T22:10:55-08:00
9417,6,4,"Assassin,Duke,Ambassador,Contessa",16,2026-02-13T22:10:55-08:00
9414,6,0,"Assassin,Ambassador,Contessa,Contessa,Ambassador",65,2026-02-13T22:10:55-08:00
9416,6,2,Ambassador,32,2026-02-13T22:10:55-08:00
9419,6,0,"Assassin,Ambassador,Contessa,Contessa,Ambassador",65,2026-02-13T22:10:55-08:00
9405,6,4,"Contessa,Assassin",16,2026-02-13T22:10:55-08:00
9421,6,4,Assassin,34,2026-02-13T22:10:55-08:00
9422,6,1,"Captain,Contessa,Assassin",36,2026-02-13T22:10:55-08:00
9420,6,3,"Contessa,Captain,Captain",87,2026-02-13T22:10:55-08:00
9427,6,4,"Contessa,Assassin",11,2026-02-13T22:10:55-08:00
9428,6,4,"Contessa,Assassin",11,2026-02-13T22:10:55-08:00
9424,6,4,"Contessa,Assassin",11,2026-02-13T22:10:55-08:00
9426,6,3,"Contessa,Captain,Captain",87,2026-02-13T22:10:55-08:00
9430,6,5,"Duke,Assassin",35,2026-02-13T22:10:55-08:00
9429,6,4,"Ambassador,Assassin",48,2026-02-13T22:10:55-08:00
9423,6,4,"Assassin,Duke,Captain,Contessa",44,2026-02-13T22:10:55-08:00
9431,6,4,"Duke,Captain",23,2026-02-13T22:10:55-08:00
9432,6,4,"Duke,Captain",23,2026-02-13T22:10:55-08:00
9433,6,4,"Assassin,Duke,Captain",34,2026-02-13T22:10:55-08:00
9434,6,3,"Duke,Captain,Assassin",23,2026-02-13T22:10:55-08:00
9435,6,5,"Captain,Contessa,Captain,Duke",29,2026-02-13T22:10:55-08:00
9436,6,0,"Contessa,Duke,Captain",48,2026-02-13T22:10:55-08:00
9437,6,5,"Captain,Contessa,Captain,Duke",29,2026-02-13T22:10:55-08:00
9438,6,2,"Duke,Captain",20,2026-02-13T22:10:55-08:00
9439,6,2,"Duke,Captain",20,2026-02-13T22:10:55-08:00
9440,6,4,"Assassin,Contessa",20,2026-02-13T22:10:55-08:00
9441,6,5,"Captain,Contessa,Captain,Duke",29,2026-02-13T22:10:55-08:00
9442,6,3,Assassin,26,2026-02-13T22:10:55-08:00
9443,6,4,"Assassin,Captain,Ambassador,Duke",22,2026-02-13T22:10:55-08:00
9444,6,3,Assassin,26,2026-02-13T22:10:55-08:00
9445,6,2,"Ambassador,Assassin,Ambassador",27,2026-02-13T22:10:55-08:00
9446,6,2,"Ambassador,Assassin,Ambassador",27,2026-02-13T22:10:55-08:00
9447,6,2,"Contessa,Duke",37,2026-02-13T22:10:55-08:00
9448,6,5,"Duke,Captain,Contessa,Duke",19,2026-02-13T22:10:55-08:00
9425,6,4,"Ambassador,Assassin",48,2026-02-13T22:10:55-08:00
9449,6,2,"Contessa,Duke",37,2026-02-13T22:10:55-08:00
9450,6,5,"Duke,Captain,Contessa,Duke",19,2026-02-13T22:10:55-08:00
9451,6,0,Contessa,46,2026-02-13T22:10:55-08:00
9453,6,0,"Captain,Duke,Captain",46,2026-02-13T22:10:55-08:00
9455,6,3,Contessa,27,2026-02-13T22:10:55-08:00
9452,6,0,Contessa,46,2026-02-13T22:10:55-08:00
9454,6,5,Contessa,41,2026-02-13T22:10:55-08:00
9456,6,5,"Ambassador,Ambassador",35,2026-02-13T22:10:55-08:00
9457,6,1,"Ambassador,Ambassador,Captain,Duke",45,2026-02-13T22:10:55-08:00
9458,6,5,Contessa,41,2026-02-13T22:10:55-08:00
9461,6,3,Contessa,27,2026-02-13T22:10:55-08:00
9460,6,2,"Duke,Ambassador",50,2026-02-13T22:10:55-08:00
9459,6,1,"Captain,Duke",49,2026-02-13T22:10:55-08:00
9465,6,4,"Duke,Assassin",44,2026-02-13T22:10:55-08:00
9463,6,3,Contessa,57,2026-02-13T22:10:55-08:00
9466,6,3,"Captain,Assassin,Captain",25,2026-02-13T22:10:55-08:00
9467,6,3,"Captain,Assassin,Captain",25,2026-02-13T22:10:55-08:00
9469,6,1,Captain,38,2026-02-13T22:10:55-08:00
9468,6,1,"Duke,Assassin,Duke,Captain,Ambassador",38,2026-02-13T22:10:55-08:00
9470,6,1,Captain,38,2026-02-13T22:10:55-08:00
9471,6,2,"Duke,Captain,Ambassador,Duke,Captain,Assassin",26,2026-02-13T22:10:55-08:00
9472,6,1,Captain,38,2026-02-13T22:10:55-08:00
9473,6,1,Captain,38,2026-02-13T22:10:55-08:00
9475,6,5,"Captain,Ambassador,Duke",17,2026-02-13T22:10:55-08:00
9474,6,5,Duke,47,2026-02-13T22:10:55-08:00
9476,6,0,"Assassin,Duke,Ambassador,Contessa,Duke",43,2026-02-13T22:10:55-08:00
9477,6,1,"Contessa,Ambassador,Captain",48,2026-02-13T22:10:55-08:00
9478,6,0,"Assassin,Duke,Ambassador,Contessa,Duke",43,2026-02-13T22:10:55-08:00
9479,6,0,"Assassin,Duke,Ambassador,Contessa,Duke",43,2026-02-13T22:10:55-08:00
9481,6,2,"Ambassador,Ambassador,Ambassador,Duke",28,2026-02-13T22:10:55-08:00
9480,6,2,"Captain,Ambassador",63,2026-02-13T22:10:55-08:00
9482,6,2,"Ambassador,Ambassador,Ambassador,Duke",28,2026-02-13T22:10:55-08:00
9462,6,3,"Captain,Assassin,Captain",25,2026-02-13T22:10:55-08:00
9485,6,4,"Ambassador,Ambassador,Duke,Contessa",11,2026-02-13T22:10:55-08:00
9484,6,2,"Ambassador,Ambassador,Ambassador,Duke",28,2026-02-13T22:10:55-08:00
9483,6,0,"Duke,Assassin,Captain,Duke,Assassin",54,2026-02-13T22:10:55-08:00
9486,6,1,"Duke,Duke,Assassin",121,2026-02-13T22:10:55-08:00
9487,6,3,"Assassin,Ambassador,Ambassador",55,2026-02-13T22:10:55-08:00
9488,6,4,"Captain,Ambassador",44,2026-02-13T22:10:55-08:00
9489,6,4,"Captain,Ambassador",44,2026-02-13T22:10:55-08:00
9490,6,0,"Ambassador,Captain,Captain",45,2026-02-13T22:10:55-08:00
9491,6,0,"Ambassador,Captain,Captain",45,2026-02-13T22:10:55-08:00
9492,6,3,Contessa,57,2026-02-13T22:10:55-08:00
9494,6,4,Contessa,38,2026-02-13T22:10:55-08:00
9493,6,2,Captain,36,2026-02-13T22:10:55-08:00
9495,6,4,Contessa,38,2026-02-13T22:10:55-08:00
9496,6,4,"Duke,Captain",75,2026-02-13T22:10:55-08:00
9497,6,4,"Duke,Captain",75,2026-02-13T22:10:55-08:00
9498,6,5,"Duke,Duke",40,2026-02-13T22:10:55-08:00
9499,6,5,"Duke,Duke",40,2026-02-13T22:10:55-08:00
9464,6,2,"Duke,Ambassador",50,2026-02-13T22:10:55-08:00
9501,6,2,"Ambassador,Duke,Captain,Duke",9,2026-02-13T22:10:55-08:00
9503,6,5,"Duke,Duke",40,2026-02-13T22:10:55-08:00
9504,6,5,"Duke,Duke",40,2026-02-13T22:10:55-08:00
9505,6,5,"Duke,Assassin",65,2026-02-13T22:10:55-08:00
9507,6,0,"Captain,Assassin,Contessa",12,2026-02-13T22:10:55-08:00
9506,6,5,"Duke,Assassin",65,2026-02-13T22:10:55-08:00
9508,6,5,"Duke,Duke,Assassin,Contessa",29,2026-02-13T22:10:55-08:00
9509,6,5,"Duke,Ambassador,Captain",18,2026-02-13T22:10:55-08:00
9510,6,5,"Duke,Ambassador,Captain",18,2026-02-13T22:10:55-08:00
9511,6,5,"Contessa,Duke",16,2026-02-13T22:10:55-08:00
9513,6,4,"Duke,Captain,Duke,Ambassador,Assassin",16,2026-02-13T22:10:55-08:00
9512,6,1,"Duke,Ambassador",52,2026-02-13T22:10:55-08:00
9514,6,4,"Duke,Captain,Duke,Ambassador,Assassin",16,2026-02-13T22:10:55-08:00
9516,6,2,"Assassin,Captain",26,2026-02-13T22:10:55-08:00
9515,6,2,"Assassin,Captain",26,2026-02-13T22:10:55-08:00
9520,6,2,"Ambassador,Duke,Ambassador,Duke,Ambassador",18,2026-02-13T22:10:55-08:00
9517,6,2,Assassin,68,2026-02-13T22:10:55-08:00
9518,6,2,Assassin,68,2026-02-13T22:10:55-08:00
9519,6,0,"Contessa,Assassin,Assassin,Duke",85,2026-02-13T22:10:55-08:00
9502,6,0,Assassin,79,2026-02-13T22:10:55-08:00
9521,6,0,"Contessa,Assassin,Assassin,Duke",85,2026-02-13T22:10:55-08:00
9500,6,0,Duke,40,2026-02-13T22:10:55-08:00
9522,6,5,"Duke,Captain",54,2026-02-13T22:10:55-08:00
9524,6,1,"Captain,Ambassador,Assassin",13,2026-02-13T22:10:55-08:00
9525,6,2,"Ambassador,Duke,Ambassador,Duke,Ambassador",18,2026-02-13T22:10:55-08:00
9523,6,5,"Duke,Captain",54,2026-02-13T22:10:55-08:00
9526,6,1,"Captain,Ambassador,Assassin",13,2026-02-13T22:10:55-08:00
9528,6,1,"Duke,Assassin,Captain",23,2026-02-13T22:10:55-08:00
9529,6,3,"Assassin,Contessa,Captain",15,2026-02-13T22:10:55-08:00
9527,6,0,Assassin,85,2026-02-13T22:10:55-08:00
9530,6,0,"Ambassador,Ambassador,Ambassador",28,2026-02-13T22:10:55-08:00
9532,6,3,Ambassador,24,2026-02-13T22:10:55-08:00
9531,6,4,"Duke,Assassin,Captain,Ambassador,Assassin",23,2026-02-13T22:10:55-08:00
9534,6,4,"Duke,Assassin,Captain,Ambassador,Assassin",23,2026-02-13T22:10:55-08:00
9533,6,0,"Ambassador,Ambassador,Assassin",52,2026-02-13T22:10:55-08:00
9536,6,4,"Duke,Captain,Contessa,Ambassador",10,2026-02-13T22:10:55-08:00
9538,6,0,"Assassin,Duke,Assassin,Assassin",36,2026-02-13T22:10:55-08:00
9537,6,1,Contessa,36,2026-02-13T22:10:55-08:00
9539,6,0,"Contessa,Captain,Duke,Captain,Contessa",52,2026-02-13T22:10:55-08:00
9535,6,3,"Assassin,Assassin,Assassin",40,2026-02-13T22:10:55-08:00
9543,6,2,"Duke,Assassin,Captain",29,2026-02-13T22:10:55-08:00
9541,6,4,"Captain,Assassin,Captain,Captain",32,2026-02-13T22:10:55-08:00
9546,6,2,"Duke,Assassin,Captain",29,2026-02-13T22:10:55-08:00
9547,6,4,"Contessa,Assassin,Duke,Captain",28,2026-02-13T22:10:55-08:00
9548,6,3,"Ambassador,Ambassador,Ambassador,Ambassador",40,2026-02-13T22:10:55-08:00
9549,6,3,"Ambassador,Ambassador,Ambassador,Ambassador",40,2026-02-13T22:10:55-08:00
9550,6,4,"Assassin,Duke,Duke,Captain,Assassin",21,2026-02-13T22:10:55-08:00
9540,6,0,"Contessa,Captain,Duke,Captain,Contessa",52,2026-02-13T22:10:55-08:00
9545,6,3,"Contessa,Captain,Captain",25,2026-02-13T22:10:55-08:00
9544,6,4,"Contessa,Assassin,Duke,Captain",28,2026-02-13T22:10:55-08:00
9542,6,5,"Duke,Contessa",35,2026-02-13T22:10:55-08:00
9555,6,4,"Captain,Assassin,Assassin,Ambassador",34,2026-02-13T22:10:55-08:00
9553,6,3,"Contessa,Contessa",75,2026-02-13T22:10:55-08:00
9556,6,5,"Duke,Captain,Captain,Ambassador",14,2026-02-13T22:10:55-08:00
9557,6,4,"Contessa,Captain,Duke",30,2026-02-13T22:10:55-08:00
9558,6,0,"Captain,Contessa",66,2026-02-13T22:10:55-08:00
9559,6,1,"Assassin,Captain,Captain,Captain,Captain,Ambassador",25,2026-02-13T22:10:55-08:00
9560,6,3,"Captain,Captain",46,2026-02-13T22:10:55-08:00
9561,6,1,"Assassin,Captain,Captain,Captain,Captain,Ambassador",25,2026-02-13T22:10:55-08:00
9563,6,4,"Contessa,Captain,Duke",30,2026-02-13T22:10:55-08:00
9562,6,3,Duke,49,2026-02-13T22:10:55-08:00
9564,6,5,Ambassador,17,2026-02-13T22:10:55-08:00
9566,6,5,Ambassador,17,2026-02-13T22:10:55-08:00
9565,6,5,"Contessa,Assassin,Captain,Duke",23,2026-02-13T22:10:55-08:00
9569,6,1,Ambassador,37,2026-02-13T22:10:55-08:00
9567,6,4,Duke,46,2026-02-13T22:10:55-08:00
9568,6,4,"Contessa,Ambassador,Ambassador",35,2026-02-13T22:10:55-08:00
9570,6,5,"Contessa,Assassin,Captain,Duke",23,2026-02-13T22:10:55-08:00
9571,6,3,"Captain,Duke,Contessa",33,2026-02-13T22:10:55-08:00
9552,6,3,"Contessa,Contessa",75,2026-02-13T22:10:55-08:00
9573,6,4,Captain,12,2026-02-13T22:10:55-08:00
9572,6,4,"Assassin,Duke,Captain",13,2026-02-13T22:10:55-08:00
9574,6,4,Captain,12,2026-02-13T22:10:55-08:00
9575,6,0,"Captain,Captain,Captain",40,2026-02-13T22:10:55-08:00
9578,6,3,"Duke,Duke,Assassin",20,2026-02-13T22:10:55-08:00
9577,6,4,Assassin,52,2026-02-13T22:10:55-08:00
9576,6,5,"Ambassador,Ambassador",89,2026-02-13T22:10:55-08:00
9579,6,4,"Assassin,Duke,Captain",13,2026-02-13T22:10:55-08:00
9583,6,4,"Ambassador,Assassin,Duke,Assassin,Assassin",16,2026-02-13T22:10:55-08:00
9581,6,2,"Contessa,Captain",38,2026-02-13T22:10:55-08:00
9584,6,3,"Duke,Assassin,Ambassador,Duke",33,2026-02-13T22:10:55-08:00
9582,6,3,"Ambassador,Captain,Contessa",36,2026-02-13T22:10:55-08:00
9585,6,5,"Duke,Ambassador,Assassin,Captain",22,2026-02-13T22:10:55-08:00
9586,6,4,"Ambassador,Captain,Ambassador",25,2026-02-13T22:10:55-08:00
9551,6,4,"Contessa,Captain,Duke,Contessa,Contessa",47,2026-02-13T22:10:55-08:00
9588,6,4,"Ambassador,Assassin,Duke,Assassin,Assassin",16,2026-02-13T22:10:55-08:00
9587,6,3,"Ambassador,Ambassador",36,2026-02-13T22:10:55-08:00
9590,6,5,"Captain,Captain,Duke,Assassin",11,2026-02-13T22:10:55-08:00
9554,6,4,"Captain,Assassin,Assassin,Ambassador",34,2026-02-13T22:10:55-08:00
9591,6,4,"Ambassador,Captain,Ambassador",25,2026-02-13T22:10:55-08:00
9592,6,3,"Contessa,Captain,Captain",45,2026-02-13T22:10:55-08:00
9593,6,3,"Assassin,Captain",36,2026-02-13T22:10:55-08:00
9594,6,5,"Captain,Captain,Duke,Assassin",11,2026-02-13T22:10:55-08:00
9595,6,5,"Captain,Captain,Duke,Assassin",11,2026-02-13T22:10:55-08:00
9596,6,4,"Captain,Ambassador,Captain",11,2026-02-13T22:10:55-08:00
9598,6,1,"Duke,Assassin,Ambassador,Duke,Ambassador",19,2026-02-13T22:10:55-08:00
9597,6,2,"Duke,Captain,Captain",31,2026-02-13T22:10:55-08:00
9599,6,1,"Duke,Assassin,Ambassador,Duke,Ambassador",19,2026-02-13T22:10:55-08:00
9600,6,3,"Assassin,Captain",36,2026-02-13T22:10:55-08:00
9601,6,2,"Duke,Captain,Captain",31,2026-02-13T22:10:55-08:00
9602,6,4,Ambassador,19,2026-02-13T22:10:55-08:00
9603,6,2,"Captain,Contessa",57,2026-02-13T22:10:55-08:00
9604,6,2,"Duke,Captain,Captain",31,2026-02-13T22:10:55-08:00
9605,6,4,Contessa,25,2026-02-13T22:10:55-08:00
9607,6,4,Ambassador,19,2026-02-13T22:10:55-08:00
9606,6,1,"Ambassador,Ambassador,Ambassador,Ambassador,Ambassador",16,2026-02-13T22:10:55-08:00
9610,6,0,"Captain,Assassin,Captain,Captain,Contessa,Ambassador",16,2026-02-13T22:10:55-08:00
9589,6,1,"Assassin,Assassin",97,2026-02-13T22:10:55-08:00
9611,6,4,"Assassin,Captain,Duke",40,2026-02-13T22:10:55-08:00
9608,6,1,"Duke,Duke,Duke,Assassin,Duke,Captain,Captain",17,2026-02-13T22:10:55-08:00
9580,6,3,"Duke,Duke,Assassin",20,2026-02-13T22:10:55-08:00
9609,6,0,"Captain,Assassin,Captain,Captain,Contessa,Ambassador",16,2026-02-13T22:10:55-08:00
9613,6,0,"Contessa,Ambassador,Duke,Duke,Duke,Ambassador",29,2026-02-13T22:10:55-08:00
9612,6,4,"Captain,Ambassador",41,2026-02-13T22:10:55-08:00
9615,6,4,"Captain,Duke,Assassin,Captain",46,2026-02-13T22:10:55-08:00
9614,6,5,"Contessa,Ambassador,Ambassador,Captain",82,2026-02-13T22:10:55-08:00
9616,6,3,"Assassin,Assassin",76,2026-02-13T22:10:55-08:00
9617,6,3,"Assassin,Assassin",76,2026-02-13T22:10:55-08:00
9619,6,5,"Captain,Duke,Captain",13,2026-02-13T22:10:55-08:00
9620,6,5,"Captain,Duke,Captain",13,2026-02-13T22:10:55-08:00
9621,6,5,"Captain,Duke,Captain",13,2026-02-13T22:10:55-08:00
9618,6,5,"Contessa,Ambassador,Ambassador,Captain",82,2026-02-13T22:10:55-08:00
9622,6,1,"Ambassador,Captain,Ambassador",50,2026-02-13T22:10:55-08:00
9625,6,2,"Ambassador,Captain,Contessa",20,2026-02-13T22:10:55-08:00
9624,6,1,"Ambassador,Captain,Ambassador",50,2026-02-13T22:10:55-08:00
9623,6,1,"Ambassador,Captain,Ambassador",50,2026-02-13T22:10:55-08:00
9626,6,4,"Duke,Ambassador",50,2026-02-13T22:10:55-08:00
9627,6,3,"Captain,Captain,Assassin",26,2026-02-13T22:10:55-08:00
9628,6,4,"Duke,Ambassador",50,2026-02-13T22:10:55-08:00
9633,6,3,"Ambassador,Duke",15,2026-02-13T22:10:55-08:00
9635,6,0,"Duke,Assassin,Duke,Captain",14,2026-02-13T22:10:55-08:00
9636,6,3,"Ambassador,Duke",15,2026-02-13T22:10:55-08:00
9637,6,4,"Duke,Ambassador",15,2026-02-13T22:10:55-08:00
9638,6,3,"Ambassador,Duke",15,2026-02-13T22:10:55-08:00
9640,6,4,"Captain,Duke,Duke,Captain",40,2026-02-13T22:10:55-08:00
9639,6,0,Assassin,42,2026-02-13T22:10:55-08:00
9641,6,0,Assassin,42,2026-02-13T22:10:55-08:00
9642,6,4,"Captain,Ambassador,Duke,Captain",28,2026-02-13T22:10:55-08:00
9644,6,0,Contessa,17,2026-02-13T22:10:55-08:00
9643,6,4,"Captain,Duke,Duke,Captain",40,2026-02-13T22:10:55-08:00
9631,6,5,"Assassin,Duke,Duke",25,2026-02-13T22:10:55-08:00
9646,6,2,"Ambassador,Duke,Contessa",19,2026-02-13T22:10:55-08:00
9647,6,0,"Ambassador,Duke,Captain,Captain,Ambassador",18,2026-02-13T22:10:55-08:00
9645,6,5,Assassin,32,2026-02-13T22:10:55-08:00
9629,6,5,"Assassin,Duke,Duke",25,2026-02-13T22:10:55-08:00
9632,6,1,"Duke,Duke",61,2026-02-13T22:10:55-08:00
9648,6,0,"Ambassador,Duke,Captain,Captain,Ambassador",18,2026-02-13T22:10:55-08:00
9649,6,0,"Ambassador,Duke,Captain,Captain,Ambassador",18,2026-02-13T22:10:55-08:00
9650,6,0,"Captain,Assassin",46,2026-02-13T22:10:55-08:00
9634,6,3,"Ambassador,Duke",15,2026-02-13T22:10:55-08:00
9657,6,5,"Duke,Captain,Ambassador,Ambassador,Ambassador",16,2026-02-13T22:10:55-08:00
9651,6,4,Ambassador,34,2026-02-13T22:10:55-08:00
9652,6,1,Assassin,32,2026-02-13T22:10:55-08:00
9656,6,4,"Assassin,Ambassador",22,2026-02-13T22:10:55-08:00
9655,6,1,Assassin,32,2026-02-13T22:10:55-08:00
9654,6,1,Assassin,32,2026-02-13T22:10:55-08:00
9653,6,0,"Captain,Assassin",46,2026-02-13T22:10:55-08:00
9660,6,1,"Duke,Contessa",19,2026-02-13T22:10:55-08:00
9658,6,4,"Assassin,Captain",29,2026-02-13T22:10:55-08:00
9661,6,1,"Duke,Contessa",19,2026-02-13T22:10:55-08:00
9664,6,1,"Duke,Contessa",19,2026-02-13T22:10:55-08:00
9662,6,4,"Assassin,Captain",29,2026-02-13T22:10:55-08:00
9659,6,1,"Captain,Assassin",79,2026-02-13T22:10:55-08:00
9667,6,3,Assassin,55,2026-02-13T22:10:55-08:00
9630,6,0,"Captain,Captain,Assassin,Captain",30,2026-02-13T22:10:55-08:00
9671,6,0,Assassin,49,2026-02-13T22:10:55-08:00
9669,6,3,Assassin,55,2026-02-13T22:10:55-08:00
9665,6,5,"Assassin,Contessa,Assassin",34,2026-02-13T22:10:55-08:00
9672,6,2,"Ambassador,Captain",15,2026-02-13T22:10:55-08:00
9663,6,1,"Captain,Assassin",79,2026-02-13T22:10:55-08:00
9673,6,4,"Assassin,Duke,Captain",30,2026-02-13T22:10:55-08:00
9675,6,2,"Ambassador,Captain",15,2026-02-13T22:10:55-08:00
9674,6,3,"Captain,Contessa,Duke",40,2026-02-13T22:10:55-08:00
9676,6,3,"Assassin,Captain,Contessa",51,2026-02-13T22:10:55-08:00
9668,6,2,"Assassin,Duke",56,2026-02-13T22:10:55-08:00
9678,6,1,Captain,25,2026-02-13T22:10:55-08:00
9681,6,1,"Ambassador,Assassin",20,2026-02-13T22:10:55-08:00
9679,6,3,"Assassin,Captain,Contessa",51,2026-02-13T22:10:55-08:00
9680,6,1,Captain,25,2026-02-13T22:10:55-08:00
9682,6,3,"Captain,Captain",25,2026-02-13T22:10:55-08:00
9683,6,2,Ambassador,28,2026-02-13T22:10:55-08:00
9684,6,0,"Ambassador,Ambassador,Duke",26,2026-02-13T22:10:55-08:00
9686,6,3,"Captain,Captain",43,2026-02-13T22:10:55-08:00
9685,6,4,"Assassin,Ambassador,Captain,Duke,Assassin",31,2026-02-13T22:10:55-08:00
9687,6,3,"Captain,Captain",43,2026-02-13T22:10:55-08:00
9688,6,0,"Ambassador,Ambassador,Duke",26,2026-02-13T22:10:55-08:00
9691,6,2,"Duke,Duke,Captain,Assassin,Ambassador,Captain",20,2026-02-13T22:10:55-08:00
9690,6,0,"Ambassador,Ambassador,Duke",26,2026-02-13T22:10:55-08:00
9692,6,5,"Ambassador,Ambassador,Duke",11,2026-02-13T22:10:55-08:00
9689,6,5,"Contessa,Ambassador,Assassin,Captain",50,2026-02-13T22:10:55-08:00
9666,6,3,Assassin,41,2026-02-13T22:10:55-08:00
9693,6,5,"Contessa,Ambassador,Assassin,Captain",50,2026-02-13T22:10:55-08:00
9670,6,4,"Assassin,Duke,Captain",30,2026-02-13T22:10:55-08:00
9694,6,1,Duke,33,2026-02-13T22:10:55-08:00
9695,6,5,"Contessa,Ambassador,Assassin,Captain",50,2026-02-13T22:10:55-08:00
9697,6,3,"Assassin,Ambassador,Duke",41,2026-02-13T22:10:55-08:00
9698,6,1,"Ambassador,Duke,Contessa",40,2026-02-13T22:10:55-08:00
9699,6,1,"Ambassador,Duke,Contessa",40,2026-02-13T22:10:55-08:00
9696,6,5,"Contessa,Ambassador,Assassin,Captain",50,2026-02-13T22:10:55-08:00
9700,6,3,"Ambassador,Assassin,Ambassador",21,2026-02-13T22:10:55-08:00
9701,6,1,"Ambassador,Duke,Contessa",40,2026-02-13T22:10:55-08:00
9702,6,2,"Ambassador,Assassin,Captain,Contessa,Assassin",23,2026-02-13T22:10:55-08:00
9705,6,2,Captain,22,2026-02-13T22:10:55-08:00
9703,6,2,"Ambassador,Assassin,Captain,Contessa,Assassin",23,2026-02-13T22:10:55-08:00
9704,6,1,"Ambassador,Duke,Contessa",40,2026-02-13T22:10:55-08:00
9706,6,5,"Assassin,Ambassador,Duke,Duke,Contessa",34,2026-02-13T22:10:55-08:00
9707,6,3,Captain,72,2026-02-13T22:10:55-08:00
9709,6,3,Captain,40,2026-02-13T22:10:55-08:00
9708,6,5,"Assassin,Ambassador,Duke,Duke,Contessa",34,2026-02-13T22:10:55-08:00
9710,6,2,"Captain,Duke,Captain,Captain,Duke",54,2026-02-13T22:10:55-08:00
9711,6,2,Captain,25,2026-02-13T22:10:55-08:00
9714,6,5,"Captain,Duke,Ambassador,Ambassador",23,2026-02-13T22:10:55-08:00
9712,6,5,Captain,16,2026-02-13T22:10:55-08:00
9716,6,1,"Assassin,Captain,Captain,Captain,Captain",13,2026-02-13T22:10:55-08:00
9717,6,1,"Assassin,Captain,Captain,Captain,Captain",13,2026-02-13T22:10:55-08:00
9715,6,5,"Captain,Duke,Ambassador,Ambassador",23,2026-02-13T22:10:55-08:00
9722,6,2,"Contessa,Ambassador,Contessa,Assassin",37,2026-02-13T22:10:55-08:00
9718,6,2,"Contessa,Ambassador,Contessa,Assassin",37,2026-02-13T22:10:55-08:00
9723,6,4,"Contessa,Ambassador,Assassin,Duke",22,2026-02-13T22:10:55-08:00
9720,6,4,"Captain,Duke",33,2026-02-13T22:10:55-08:00
9721,6,2,"Contessa,Ambassador,Contessa,Assassin",37,2026-02-13T22:10:55-08:00
9719,6,0,"Contessa,Assassin",46,2026-02-13T22:10:55-08:00
9724,6,3,Captain,46,2026-02-13T22:10:55-08:00
9725,6,0,"Duke,Captain,Ambassador",18,2026-02-13T22:10:55-08:00
9728,6,0,"Duke,Captain,Ambassador",18,2026-02-13T22:10:55-08:00
9726,6,5,"Assassin,Contessa,Captain",28,2026-02-13T22:10:55-08:00
9727,6,2,Captain,38,2026-02-13T22:10:55-08:00
9730,6,0,Contessa,71,2026-02-13T22:10:55-08:00
9729,6,1,"Assassin,Captain",55,2026-02-13T22:10:55-08:00
9732,6,4,"Ambassador,Duke,Captain,Duke,Captain",19,2026-02-13T22:10:55-08:00
9731,6,1,"Assassin,Captain",55,2026-02-13T22:10:55-08:00
9733,6,4,"Contessa,Duke",26,2026-02-13T22:10:55-08:00
9713,6,1,"Captain,Ambassador,Assassin,Ambassador",61,2026-02-13T22:10:55-08:00
9734,6,2,Captain,38,2026-02-13T22:10:55-08:00
9735,6,3,"Ambassador,Captain,Captain,Captain",37,2026-02-13T22:10:55-08:00
9736,6,3,"Ambassador,Captain,Captain,Captain",37,2026-02-13T22:10:55-08:00
9737,6,3,"Ambassador,Captain,Captain,Captain",37,2026-02-13T22:10:55-08:00
9739,6,5,"Ambassador,Assassin",26,2026-02-13T22:10:55-08:00
9738,6,2,"Duke,Duke,Ambassador,Contessa",34,2026-02-13T22:10:55-08:00
9677,6,2,"Ambassador,Captain",15,2026-02-13T22:10:55-08:00
9740,6,4,"Contessa,Duke",26,2026-02-13T22:10:55-08:00
9741,6,4,"Contessa,Ambassador,Duke",75,2026-02-13T22:10:55-08:00
9742,6,4,"Contessa,Ambassador,Duke",75,2026-02-13T22:10:55-08:00
9745,6,3,"Contessa,Captain",30,2026-02-13T22:10:55-08:00
9746,6,2,"Captain,Duke,Assassin,Duke",14,2026-02-13T22:10:55-08:00
9743,6,4,"Contessa,Ambassador,Duke",75,2026-02-13T22:10:55-08:00
9744,6,4,"Contessa,Ambassador,Duke",75,2026-02-13T22:10:55-08:00
9747,6,4,"Contessa,Ambassador,Duke",75,2026-02-13T22:10:55-08:00
9748,6,2,Duke,37,2026-02-13T22:10:55-08:00
9749,6,2,Duke,37,2026-02-13T22:10:55-08:00
9750,6,1,"Ambassador,Captain,Assassin",38,2026-02-13T22:10:55-08:00
9752,6,3,"Assassin,Captain,Duke",28,2026-02-13T22:10:55-08:00
9753,6,3,"Assassin,Captain,Duke",28,2026-02-13T22:10:55-08:00
9751,6,1,Assassin,44,2026-02-13T22:10:55-08:00
9754,6,2,Duke,37,2026-02-13T22:10:55-08:00
9755,6,2,"Duke,Assassin,Assassin,Captain,Ambassador,Duke",29,2026-02-13T22:10:55-08:00
9756,6,2,"Duke,Assassin,Assassin,Captain,Ambassador,Duke",29,2026-02-13T22:10:55-08:00
9758,6,0,"Assassin,Captain",54,2026-02-13T22:10:55-08:00
9759,6,0,"Assassin,Captain",54,2026-02-13T22:10:55-08:00
9761,6,2,"Duke,Assassin,Assassin,Captain,Ambassador,Duke",29,2026-02-13T22:10:55-08:00
9760,6,0,"Assassin,Captain",54,2026-02-13T22:10:55-08:00
9762,6,5,"Duke,Ambassador,Duke",23,2026-02-13T22:10:55-08:00
9757,6,4,Contessa,114,2026-02-13T22:10:55-08:00
9763,6,5,"Duke,Ambassador,Duke",23,2026-02-13T22:10:55-08:00
9764,6,5,"Duke,Ambassador,Duke",23,2026-02-13T22:10:55-08:00
9765,6,5,"Duke,Ambassador,Duke",23,2026-02-13T22:10:55-08:00
9766,6,5,"Assassin,Captain,Captain",21,2026-02-13T22:10:55-08:00
9769,6,2,"Duke,Duke,Duke,Contessa",20,2026-02-13T22:10:55-08:00
9767,6,4,"Captain,Ambassador,Ambassador",15,2026-02-13T22:10:55-08:00
9768,6,2,"Duke,Duke,Duke,Contessa",20,2026-02-13T22:10:55-08:00
9770,6,2,"Duke,Duke,Duke,Contessa",20,2026-02-13T22:10:55-08:00
9771,6,2,"Duke,Duke,Duke,Contessa",20,2026-02-13T22:10:55-08:00
9772,6,2,"Duke,Duke,Duke,Contessa",20,2026-02-13T22:10:55-08:00
9773,6,4,"Duke,Duke,Duke",29,2026-02-13T22:10:55-08:00
9774,6,5,Assassin,21,2026-02-13T22:10:55-08:00
9775,6,5,"Duke,Duke,Ambassador",17,2026-02-13T22:10:55-08:00
9776,6,0,"Ambassador,Assassin,Ambassador",30,2026-02-13T22:10:55-08:00
9777,6,3,"Duke,Ambassador",37,2026-02-13T22:10:55-08:00
9780,6,5,Assassin,21,2026-02-13T22:10:55-08:00
9783,6,4,"Captain,Duke,Duke,Duke",18,2026-02-13T22:10:55-08:00
9779,6,3,"Duke,Ambassador",37,2026-02-13T22:10:55-08:00
9782,6,0,"Ambassador,Assassin,Ambassador",30,2026-02-13T22:10:55-08:00
9781,6,2,Duke,34,2026-02-13T22:10:55-08:00
9784,6,3,"Duke,Contessa,Duke,Captain,Captain,Ambassador",31,2026-02-13T22:10:55-08:00
9785,6,3,"Duke,Captain",39,2026-02-13T22:10:55-08:00
9786,6,5,"Assassin,Ambassador,Captain",61,2026-02-13T22:10:55-08:00
9778,6,3,"Duke,Ambassador",37,2026-02-13T22:10:55-08:00
9792,6,0,"Duke,Captain,Contessa",30,2026-02-13T22:10:55-08:00
9791,6,1,"Duke,Captain,Duke",21,2026-02-13T22:10:55-08:00
9788,6,3,"Duke,Contessa,Duke,Captain,Captain,Ambassador",31,2026-02-13T22:10:55-08:00
9789,6,0,"Assassin,Assassin",36,2026-02-13T22:10:55-08:00
9794,6,1,"Duke,Captain,Duke",21,2026-02-13T22:10:55-08:00
9787,6,2,"Contessa,Duke,Duke,Duke",36,2026-02-13T22:10:55-08:00
9793,6,5,"Captain,Ambassador,Assassin",52,2026-02-13T22:10:55-08:00
9796,6,3,Duke,22,2026-02-13T22:10:55-08:00
9795,6,0,"Duke,Captain,Captain,Captain,Assassin,Duke",24,2026-02-13T22:10:55-08:00
9797,6,0,"Duke,Captain,Captain,Captain,Assassin,Duke",24,2026-02-13T22:10:55-08:00
9798,6,1,"Captain,Assassin",26,2026-02-13T22:10:55-08:00
9799,6,3,Duke,22,2026-02-13T22:10:55-08:00
9800,6,3,"Assassin,Captain",33,2026-02-13T22:10:55-08:00
9801,6,3,"Ambassador,Assassin",15,2026-02-13T22:10:55-08:00
9802,6,2,"Duke,Contessa",20,2026-02-13T22:10:55-08:00
9803,6,2,"Duke,Assassin,Duke,Duke",32,2026-02-13T22:10:55-08:00
9805,6,2,"Ambassador,Captain",10,2026-02-13T22:10:55-08:00
9806,6,5,Ambassador,27,2026-02-13T22:10:55-08:00
9804,6,4,Contessa,58,2026-02-13T22:10:55-08:00
9807,6,2,"Duke,Contessa",20,2026-02-13T22:10:55-08:00
9808,6,2,"Duke,Assassin,Duke,Duke",32,2026-02-13T22:10:55-08:00
9790,6,3,"Duke,Contessa,Duke,Captain,Captain,Ambassador",31,2026-02-13T22:10:55-08:00
9809,6,5,"Assassin,Captain,Captain",59,2026-02-13T22:10:55-08:00
9815,6,4,"Ambassador,Assassin,Contessa,Ambassador,Captain",47,2026-02-13T22:10:55-08:00
9813,6,5,"Assassin,Captain,Captain",59,2026-02-13T22:10:55-08:00
9814,6,5,"Assassin,Captain,Captain",59,2026-02-13T22:10:55-08:00
9811,6,5,"Assassin,Captain,Captain",59,2026-02-13T22:10:55-08:00
9812,6,5,"Assassin,Captain,Captain",59,2026-02-13T22:10:55-08:00
9817,6,3,"Duke,Captain,Assassin",39,2026-02-13T22:10:55-08:00
9816,6,1,"Duke,Duke",85,2026-02-13T22:10:55-08:00
9818,6,3,"Captain,Contessa",31,2026-02-13T22:10:55-08:00
9824,6,0,"Contessa,Duke,Duke",17,2026-02-13T22:10:55-08:00
9823,6,4,"Assassin,Contessa",30,2026-02-13T22:10:55-08:00
9821,6,3,"Assassin,Captain",71,2026-02-13T22:10:55-08:00
9820,6,2,"Ambassador,Ambassador",86,2026-02-13T22:10:55-08:00
9822,6,3,"Assassin,Captain",71,2026-02-13T22:10:55-08:00
9819,6,2,"Ambassador,Ambassador",86,2026-02-13T22:10:55-08:00
9828,6,1,Ambassador,25,2026-02-13T22:10:55-08:00
9826,6,1,"Captain,Duke,Captain",54,2026-02-13T22:10:55-08:00
9829,6,2,"Duke,Captain,Duke",35,2026-02-13T22:10:55-08:00
9830,6,2,"Ambassador,Captain,Assassin",25,2026-02-13T22:10:55-08:00
9810,6,5,"Assassin,Captain,Captain",59,2026-02-13T22:10:55-08:00
9835,6,0,"Assassin,Ambassador,Ambassador",30,2026-02-13T22:10:55-08:00
9834,6,4,"Contessa,Duke",34,2026-02-13T22:10:55-08:00
9833,6,2,"Ambassador,Captain,Assassin",25,2026-02-13T22:10:55-08:00
9832,6,0,"Captain,Ambassador,Captain,Ambassador",42,2026-02-13T22:10:55-08:00
9836,6,0,Assassin,27,2026-02-13T22:10:55-08:00
9837,6,5,"Contessa,Duke,Assassin",25,2026-02-13T22:10:55-08:00
9840,6,1,"Assassin,Contessa",19,2026-02-13T22:10:55-08:00
9839,6,3,"Ambassador,Ambassador,Ambassador,Assassin,Assassin",42,2026-02-13T22:10:55-08:00
9838,6,3,"Ambassador,Ambassador,Ambassador,Assassin,Assassin",42,2026-02-13T22:10:55-08:00
9827,6,2,"Ambassador,Captain,Assassin",25,2026-02-13T22:10:55-08:00
9841,6,5,"Contessa,Captain",45,2026-02-13T22:10:55-08:00
9842,6,1,"Captain,Duke,Captain,Assassin",28,2026-02-13T22:10:55-08:00
9843,6,1,"Captain,Duke,Ambassador,Captain,Assassin",7,2026-02-13T22:10:55-08:00
9844,6,1,"Assassin,Contessa",19,2026-02-13T22:10:55-08:00
9845,6,5,"Contessa,Captain",45,2026-02-13T22:10:55-08:00
9846,6,5,"Ambassador,Assassin,Ambassador,Captain,Contessa",47,2026-02-13T22:10:55-08:00
9847,6,5,"Ambassador,Assassin,Ambassador,Captain,Contessa",47,2026-02-13T22:10:55-08:00
9849,6,0,"Ambassador,Duke",24,2026-02-13T22:10:55-08:00
9848,6,2,"Ambassador,Ambassador,Assassin,Duke",29,2026-02-13T22:10:55-08:00
9850,6,2,"Duke,Assassin,Assassin,Captain",20,2026-02-13T22:10:55-08:00
9831,6,2,"Ambassador,Captain,Assassin",25,2026-02-13T22:10:55-08:00
9851,6,5,"Ambassador,Assassin,Ambassador,Captain,Contessa",47,2026-02-13T22:10:55-08:00
9855,6,2,"Ambassador,Ambassador,Captain",22,2026-02-13T22:10:55-08:00
9856,6,0,"Captain,Ambassador,Captain",17,2026-02-13T22:10:55-08:00
9825,6,0,"Contessa,Duke,Duke",17,2026-02-13T22:10:55-08:00
9852,6,0,Ambassador,53,2026-02-13T22:10:55-08:00
9853,6,5,"Ambassador,Captain",39,2026-02-13T22:10:55-08:00
9857,6,5,"Ambassador,Captain",39,2026-02-13T22:10:55-08:00
9858,6,5,"Ambassador,Captain",39,2026-02-13T22:10:55-08:00
9859,6,3,"Captain,Contessa",45,2026-02-13T22:10:55-08:00
9860,6,4,"Assassin,Captain",40,2026-02-13T22:10:55-08:00
9862,6,4,"Duke,Captain,Ambassador,Ambassador,Ambassador",34,2026-02-13T22:10:55-08:00
9861,6,4,"Assassin,Captain",40,2026-02-13T22:10:55-08:00
9863,6,3,"Duke,Contessa,Ambassador,Ambassador",25,2026-02-13T22:10:55-08:00
9864,6,2,"Duke,Captain",32,2026-02-13T22:10:55-08:00
9865,6,2,"Duke,Captain",32,2026-02-13T22:10:55-08:00
9866,6,3,"Duke,Contessa,Ambassador,Ambassador",25,2026-02-13T22:10:55-08:00
9868,6,5,"Duke,Duke,Contessa,Ambassador",22,2026-02-13T22:10:55-08:00
9867,6,4,"Duke,Captain,Ambassador,Ambassador,Ambassador",34,2026-02-13T22:10:55-08:00
9870,6,0,"Captain,Duke,Ambassador",30,2026-02-13T22:10:55-08:00
9869,6,5,"Assassin,Ambassador",35,2026-02-13T22:10:55-08:00
9872,6,5,"Duke,Duke,Contessa,Ambassador",22,2026-02-13T22:10:55-08:00
9854,6,2,"Ambassador,Ambassador,Captain",22,2026-02-13T22:10:55-08:00
9873,6,0,"Captain,Duke,Ambassador",30,2026-02-13T22:10:55-08:00
9871,6,5,"Duke,Duke,Contessa,Ambassador",22,2026-02-13T22:10:55-08:00
9875,6,5,"Ambassador,Captain",28,2026-02-13T22:10:55-08:00
9874,6,3,Assassin,68,2026-02-13T22:10:55-08:00
9878,6,2,"Duke,Captain,Ambassador,Duke",34,2026-02-13T22:10:55-08:00
9877,6,2,"Duke,Captain,Ambassador,Duke",34,2026-02-13T22:10:55-08:00
9876,6,2,"Assassin,Duke,Captain,Contessa",40,2026-02-13T22:10:55-08:00
9879,6,2,"Duke,Captain,Ambassador,Duke",34,2026-02-13T22:10:55-08:00
9882,6,1,Ambassador,37,2026-02-13T22:10:55-08:00
9883,6,0,"Duke,Contessa,Duke,Duke",9,2026-02-13T22:10:55-08:00
9881,6,1,"Duke,Contessa",27,2026-02-13T22:10:55-08:00
9880,6,3,Assassin,68,2026-02-13T22:10:55-08:00
9885,6,0,"Duke,Contessa,Duke,Duke",9,2026-02-13T22:10:55-08:00
9884,6,1,Ambassador,37,2026-02-13T22:10:55-08:00
9886,6,0,"Captain,Assassin,Duke",47,2026-02-13T22:10:55-08:00
9888,6,2,"Duke,Ambassador",30,2026-02-13T22:10:55-08:00
9887,6,3,"Contessa,Assassin",49,2026-02-13T22:10:55-08:00
9890,6,0,"Ambassador,Duke,Assassin,Assassin",18,2026-02-13T22:10:55-08:00
9889,6,4,"Assassin,Contessa",29,2026-02-13T22:10:55-08:00
9892,6,0,"Ambassador,Duke,Assassin,Assassin",18,2026-02-13T22:10:55-08:00
9894,6,3,"Captain,Ambassador,Duke,Assassin,Contessa",39,2026-02-13T22:10:55-08:00
9895,6,0,"Captain,Duke,Ambassador,Captain",39,2026-02-13T22:10:55-08:00
9891,6,0,"Ambassador,Duke,Assassin,Assassin",18,2026-02-13T22:10:55-08:00
9897,6,3,"Ambassador,Captain,Ambassador",15,2026-02-13T22:10:55-08:00
9896,6,0,"Captain,Duke,Ambassador,Captain",39,2026-02-13T22:10:55-08:00
9898,6,3,"Captain,Ambassador,Duke,Assassin,Contessa",39,2026-02-13T22:10:55-08:00
9902,6,0,"Assassin,Captain,Duke,Ambassador",17,2026-02-13T22:10:55-08:00
9900,6,0,"Assassin,Captain,Duke,Ambassador",17,2026-02-13T22:10:55-08:00
9903,6,5,"Duke,Assassin",38,2026-02-13T22:10:55-08:00
9905,6,0,"Duke,Duke,Captain,Ambassador",17,2026-02-13T22:10:55-08:00
9906,6,2,"Assassin,Captain,Ambassador,Contessa",14,2026-02-13T22:10:55-08:00
9907,6,3,"Duke,Assassin,Duke,Ambassador",15,2026-02-13T22:10:55-08:00
9901,6,1,Assassin,36,2026-02-13T22:10:55-08:00
9908,6,3,"Duke,Assassin,Duke,Ambassador",15,2026-02-13T22:10:55-08:00
9909,6,5,"Duke,Assassin,Ambassador,Ambassador,Ambassador",35,2026-02-13T22:10:55-08:00
9893,6,3,"Ambassador,Captain,Ambassador",15,2026-02-13T22:10:55-08:00
9910,6,1,"Assassin,Duke,Captain",33,2026-02-13T22:10:55-08:00
9912,6,1,"Ambassador,Ambassador,Ambassador,Ambassador,Duke",43,2026-02-13T22:10:55-08:00
9915,6,1,"Ambassador,Duke,Assassin,Captain",60,2026-02-13T22:10:55-08:00
9918,6,1,"Ambassador,Ambassador,Assassin,Duke,Contessa",19,2026-02-13T22:10:55-08:00
9916,6,1,"Ambassador,Ambassador,Ambassador,Ambassador,Duke",43,2026-02-13T22:10:55-08:00
9917,6,5,"Contessa,Contessa",77,2026-02-13T22:10:55-08:00
9919,6,4,"Captain,Assassin",16,2026-02-13T22:10:55-08:00
9920,6,1,"Ambassador,Duke,Assassin,Captain",60,2026-02-13T22:10:55-08:00
9921,6,0,"Ambassador,Captain,Duke,Assassin,Assassin",49,2026-02-13T22:10:55-08:00
9923,6,1,"Ambassador,Ambassador,Assassin,Duke,Contessa",19,2026-02-13T22:10:55-08:00
9922,6,0,"Captain,Duke,Contessa",39,2026-02-13T22:10:55-08:00
9925,6,0,"Ambassador,Captain,Duke,Assassin,Assassin",49,2026-02-13T22:10:55-08:00
9924,6,3,Assassin,35,2026-02-13T22:10:55-08:00
9926,6,0,"Contessa,Duke,Contessa",48,2026-02-13T22:10:55-08:00
9927,6,0,"Captain,Duke,Contessa",39,2026-02-13T22:10:55-08:00
9930,6,3,"Ambassador,Assassin",33,2026-02-13T22:10:55-08:00
9928,6,1,"Captain,Ambassador,Assassin",60,2026-02-13T22:10:55-08:00
9929,6,3,"Contessa,Captain,Ambassador",26,2026-02-13T22:10:55-08:00
9899,6,3,"Ambassador,Captain,Ambassador",15,2026-02-13T22:10:55-08:00
9931,6,0,"Contessa,Duke,Contessa",48,2026-02-13T22:10:55-08:00
9914,6,0,"Ambassador,Captain",30,2026-02-13T22:10:55-08:00
9911,6,2,"Contessa,Assassin,Captain",68,2026-02-13T22:10:55-08:00
9904,6,5,"Duke,Assassin,Ambassador,Ambassador,Ambassador",35,2026-02-13T22:10:55-08:00
9913,6,0,Contessa,36,2026-02-13T22:10:55-08:00
9937,6,0,"Assassin,Captain,Captain,Ambassador",18,2026-02-13T22:10:55-08:00
9938,6,4,"Duke,Ambassador,Contessa",28,2026-02-13T22:10:55-08:00
9939,6,3,"Duke,Contessa,Duke",50,2026-02-13T22:10:55-08:00
9940,6,5,Captain,43,2026-02-13T22:10:55-08:00
9943,6,0,"Assassin,Captain,Duke,Captain,Captain",22,2026-02-13T22:10:55-08:00
9941,6,0,"Duke,Duke,Captain",36,2026-02-13T22:10:55-08:00
9942,6,1,"Ambassador,Duke,Duke,Assassin",40,2026-02-13T22:10:55-08:00
9944,6,5,"Captain,Contessa,Assassin",42,2026-02-13T22:10:55-08:00
9945,6,0,"Ambassador,Captain",50,2026-02-13T22:10:55-08:00
9946,6,2,"Assassin,Contessa,Ambassador",39,2026-02-13T22:10:55-08:00
9947,6,1,"Captain,Ambassador,Ambassador,Contessa",43,2026-02-13T22:10:55-08:00
9932,6,3,"Ambassador,Assassin",33,2026-02-13T22:10:55-08:00
9933,6,1,"Contessa,Captain,Captain,Duke,Captain",37,2026-02-13T22:10:55-08:00
9948,6,3,Assassin,39,2026-02-13T22:10:55-08:00
9949,6,1,"Duke,Duke,Assassin",39,2026-02-13T22:10:55-08:00
9934,6,0,Captain,112,2026-02-13T22:10:55-08:00
9950,6,0,"Assassin,Duke,Ambassador",18,2026-02-13T22:10:55-08:00
9952,6,0,"Assassin,Duke,Ambassador",18,2026-02-13T22:10:55-08:00
9953,6,4,"Duke,Captain,Captain",17,2026-02-13T22:10:55-08:00
9951,6,1,"Captain,Ambassador,Ambassador,Contessa",43,2026-02-13T22:10:55-08:00
9954,6,0,"Assassin,Ambassador",17,2026-02-13T22:10:55-08:00
9936,6,1,"Ambassador,Captain,Ambassador",14,2026-02-13T22:10:55-08:00
9935,6,3,"Duke,Contessa,Duke",50,2026-02-13T22:10:55-08:00
9958,6,5,"Captain,Ambassador",32,2026-02-13T22:10:55-08:00
9955,6,1,"Duke,Captain,Duke",20,2026-02-13T22:10:55-08:00
9960,6,5,"Captain,Ambassador",32,2026-02-13T22:10:55-08:00
9961,6,5,"Contessa,Captain,Captain,Duke,Assassin",22,2026-02-13T22:10:55-08:00
9959,6,0,"Assassin,Duke,Duke,Duke",42,2026-02-13T22:10:55-08:00
9962,6,2,"Duke,Ambassador,Assassin,Ambassador,Assassin",22,2026-02-13T22:10:55-08:00
9964,6,1,"Ambassador,Duke,Ambassador",23,2026-02-13T22:10:55-08:00
9963,6,0,"Captain,Assassin",24,2026-02-13T22:10:55-08:00
9965,6,0,"Captain,Assassin",24,2026-02-13T22:10:55-08:00
9956,6,1,"Contessa,Captain",44,2026-02-13T22:10:55-08:00
9957,6,0,"Assassin,Duke,Duke,Duke",42,2026-02-13T22:10:55-08:00
9966,6,4,"Contessa,Ambassador",41,2026-02-13T22:10:55-08:00
9969,6,3,"Assassin,Ambassador",21,2026-02-13T22:10:55-08:00
9967,6,4,"Contessa,Ambassador",41,2026-02-13T22:10:55-08:00
9968,6,4,"Contessa,Ambassador",41,2026-02-13T22:10:55-08:00
9970,6,0,"Duke,Assassin,Assassin",12,2026-02-13T22:10:55-08:00
9974,6,3,"Duke,Captain",22,2026-02-13T22:10:55-08:00
9971,6,4,"Contessa,Ambassador",41,2026-02-13T22:10:55-08:00
9973,6,0,Captain,36,2026-02-13T22:10:55-08:00
9972,6,3,"Duke,Duke",81,2026-02-13T22:10:55-08:00
9975,6,3,"Duke,Captain",22,2026-02-13T22:10:55-08:00
9976,6,3,"Duke,Captain",22,2026-02-13T22:10:55-08:00
9979,6,2,"Assassin,Duke,Contessa,Ambassador",20,2026-02-13T22:10:55-08:00
9977,6,3,Duke,44,2026-02-13T22:10:55-08:00
9981,6,0,"Duke,Captain,Assassin,Ambassador",20,2026-02-13T22:10:55-08:00
9980,6,1,"Duke,Duke,Assassin,Duke,Duke,Captain",30,2026-02-13T22:10:55-08:00
9982,6,0,"Duke,Captain,Assassin,Ambassador",20,2026-02-13T22:10:55-08:00
9978,6,3,"Duke,Captain",22,2026-02-13T22:10:55-08:00
9987,6,5,"Captain,Contessa",47,2026-02-13T22:10:55-08:00
9990,6,0,"Captain,Captain",15,2026-02-13T22:10:55-08:00
9989,6,5,"Captain,Contessa",47,2026-02-13T22:10:55-08:00
9992,6,3,"Captain,Duke,Assassin,Duke,Ambassador",23,2026-02-13T22:10:55-08:00
9991,6,1,"Assassin,Duke",61,2026-02-13T22:10:55-08:00
9993,6,1,"Assassin,Duke",61,2026-02-13T22:10:55-08:00
9994,6,4,Contessa,17,2026-02-13T22:10:55-08:00
9995,6,5,"Ambassador,Ambassador,Duke,Assassin",46,2026-02-13T22:10:55-08:00
9996,6,0,"Duke,Assassin,Captain,Captain,Ambassador,Captain",36,2026-02-13T22:10:55-08:00
9997,6,1,"Duke,Ambassador,Captain",16,2026-02-13T22:10:55-08:00
9998,6,4,"Duke,Ambassador,Duke",17,2026-02-13T22:10:55-08:00
9999,6,2,"Assassin,Duke,Duke,Duke",47,2026-02-13T22:10:55-08:00
9984,6,2,"Ambassador,Duke,Duke,Captain,Contessa",17,2026-02-13T22:10:55-08:00
9985,6,2,"Ambassador,Duke,Duke,Captain,Contessa",17,2026-02-13T22:10:55-08:00
9983,6,0,"Duke,Captain,Assassin,Ambassador",20,2026-02-13T22:10:55-08:00
9986,6,2,"Ambassador,Assassin",32,2026-02-13T22:10:55-08:00
9988,6,2,"Ambassador,Ambassador,Captain",32,2026-02-13T22:10:55-08:00
